symbol,start,end,payments,hours,ann_entry,gross,net,year,days
1000CATUSDT,2024-10-22 00:00:00.000,2024-10-23 12:00:00.000,9,36.0,182.21456999999998,0.00308554,-0.0019144600000000002,2024,1.5
1000CATUSDT,2024-12-03 08:00:00.000,2024-12-04 20:00:00.000,9,36.0,158.22750000000002,0.0030228800000000004,-0.0019771199999999997,2024,1.5
1000CATUSDT,2024-12-06 12:00:00.001,2024-12-10 00:00:00.007,21,84.00000166666666,100.64582301070675,0.00830901,0.0033090100000000002,2024,3.5000000694444444
1000CHEEMSUSDT,2024-11-26 08:00:00.000,2024-11-27 04:00:00.000,5,20.0,176.20521,0.00232466,-0.00267534,2024,0.8333333333333334
1000CHEEMSUSDT,2024-11-27 16:00:00.001,2024-11-27 20:00:00.000,1,3.9999997222222223,136.77425050178817,5e-05,-0.00495,2024,0.1666666550925926
1000CHEEMSUSDT,2024-11-28 08:00:00.000,2024-12-07 00:00:00.000,52,208.0,137.70063,0.030806170000000004,0.025806170000000003,2024,8.666666666666666
1000SATSUSDT,2024-01-01 20:00:00.000,2024-01-03 16:00:00.000,11,44.0,166.04142,0.00396059,-0.0010394100000000002,2024,1.8333333333333333
1000SATSUSDT,2024-02-28 16:00:00.000,2024-03-05 20:00:00.000,37,148.0,116.86497,0.02273195,0.01773195,2024,6.166666666666667
1000SATSUSDT,2024-03-09 08:00:00.001,2024-03-15 16:00:00.000,38,151.9999997222222,109.6773823835151,0.01666969,0.01166969,2024,6.333333321759259
1INCHUSDT,2021-01-04 08:00:00.000,2021-01-05 08:00:00.003,3,24.00000083333333,269.11158,0.00072279,-0.00427721,2021,1.0000000347222222
1INCHUSDT,2021-01-07 08:00:00.000,2021-01-08 00:00:00.000,2,16.0,182.48288935348006,0.00252698,-0.0024730200000000003,2021,0.6666666666666666
1INCHUSDT,2021-01-10 00:00:00.000,2021-01-11 08:00:00.012,4,32.00000333333333,347.53548,0.00428609,-0.0007139099999999999,2021,1.333333472222222
1INCHUSDT,2021-01-19 08:00:00.005,2021-01-20 00:00:00.012,2,16.000001944444445,105.856935,0.00220316,-0.00279684,2021,0.6666667476851852
1INCHUSDT,2021-02-01 00:00:00.001,2021-02-15 08:00:00.006,43,344.00000138888885,130.22835,0.12512767,0.12012766999999999,2021,14.333333391203702
1INCHUSDT,2021-02-18 08:00:00.000,2021-02-21 00:00:00.007,8,64.00000194444445,177.6495890206621,0.020983019999999998,0.015983019999999997,2021,2.6666667476851855
1INCHUSDT,2021-03-09 16:00:00.000,2021-03-23 00:00:00.000,40,320.0,201.185445,0.04214313,0.03714313,2021,13.333333333333334
1INCHUSDT,2021-04-01 16:00:00.004,2021-04-15 00:00:00.006,40,320.0000005555556,167.92814581586876,0.05376531000000001,0.04876531000000001,2021,13.333333356481482
1INCHUSDT,2021-04-16 08:00:00.000,2021-04-18 08:00:00.004,6,48.00000111111111,186.90231691731026,0.007399610000000002,0.0023996100000000017,2021,2.000000046296296
1INCHUSDT,2021-09-06 08:00:00.008,2021-09-07 16:00:00.001,4,31.999998055555555,102.15254999999999,0.00101388,-0.00398612,2021,1.3333332523148147
1MBABYDOGEUSDT,2024-12-04 12:00:00.000,2024-12-05 00:00:00.001,3,12.000000277777778,229.91496000000004,0.0007931,-0.0042069,2024,0.500000011574074
AAVEUSDT,2020-11-23 16:00:00.003,2020-11-26 08:00:00.002,8,63.99999972222223,175.88985,0.013098430000000001,0.00809843,2020,2.666666655092593
AAVEUSDT,2021-01-07 00:00:00.007,2021-01-08 08:00:00.000,4,31.999998055555555,107.5728,0.0081277,0.0031276999999999998,2021,1.3333332523148147
AAVEUSDT,2021-01-10 08:00:00.005,2021-01-11 00:00:00.000,2,15.999998611111112,358.54679999999996,0.0005322500000000001,-0.00446775,2021,0.6666666087962964
AAVEUSDT,2021-01-30 08:00:00.000,2021-02-02 00:00:00.000,8,64.0,119.32981500000001,0.0075140200000000015,0.0025140200000000014,2021,2.6666666666666665
AAVEUSDT,2021-02-05 00:00:00.009,2021-02-08 00:00:00.000,9,71.9999975,179.12011243889668,0.01741325,0.01241325,2021,2.9999998958333336
AAVEUSDT,2021-02-09 08:00:00.006,2021-02-21 00:00:00.007,35,280.0000002777778,535.0115993071666,0.08529524,0.08029523999999999,2021,11.666666678240743
AAVEUSDT,2021-03-10 08:00:00.006,2021-03-13 00:00:00.000,8,63.99999833333334,150.83955071245322,0.007961339999999999,0.002961339999999999,2021,2.6666665972222225
AAVEUSDT,2021-03-14 00:00:00.011,2021-03-16 00:00:00.005,6,47.99999833333334,166.61301,0.00684651,0.00184651,2021,1.9999999305555558
AAVEUSDT,2021-03-18 16:00:00.000,2021-03-23 00:00:00.000,13,104.0,158.769525,0.017012640000000002,0.012012640000000002,2021,4.333333333333333
AAVEUSDT,2021-03-30 08:00:00.012,2021-04-18 08:00:00.004,57,455.9999977777778,139.77239911924983,0.08570987000000002,0.08070987000000002,2021,18.99999990740741
ACEUSDT,2023-12-21 04:00:00.007,2023-12-22 04:00:00.001,6,23.999998333333334,113.97411459591653,0.00307579,-0.00192421,2023,0.9999999305555556
ACEUSDT,2023-12-24 08:00:00.000,2023-12-26 20:00:00.000,15,60.0,109.38611999999999,0.00534908,0.0003490799999999999,2023,2.5
ACEUSDT,2024-03-02 08:00:00.001,2024-03-05 20:00:00.000,21,83.99999972222223,106.45809,0.009838740000000002,0.004838740000000002,2024,3.4999999884259263
ACEUSDT,2024-03-09 08:00:00.001,2024-03-15 12:00:00.000,37,147.9999997222222,160.93432882400495,0.01641915,0.01141915,2024,6.166666655092592
ADAUSDT,2020-02-03 00:00:00.000,2020-02-04 00:00:00.000,3,24.0,179.613945,0.0013338199999999999,-0.0036661800000000002,2020,1.0
ADAUSDT,2020-02-06 16:00:00.000,2020-02-16 00:00:00.000,28,224.0,160.416405,0.0401237,0.0351237,2020,9.333333333333334
ADAUSDT,2020-08-01 16:00:00.001,2020-08-03 00:00:00.000,4,31.99999972222222,121.45958999999999,0.0057861300000000004,0.0007861300000000003,2020,1.3333333217592591
ADAUSDT,2020-08-10 16:00:00.001,2020-08-12 08:00:00.000,5,39.99999972222223,203.12578499999998,0.0032379,-0.0017621,2020,1.6666666550925928
ADAUSDT,2020-08-18 08:00:00.008,2020-08-19 08:00:00.000,3,23.99999777777778,132.95927999999998,0.00135388,-0.00364612,2020,0.9999999074074074
ADAUSDT,2020-09-02 08:00:00.006,2020-09-03 00:00:00.001,2,15.999998611111112,101.25684,0.00057302,-0.0044269800000000005,2020,0.6666666087962964
ADAUSDT,2020-11-23 16:00:00.003,2020-11-26 08:00:00.002,8,63.99999972222223,116.47296,0.008122889999999999,0.003122889999999999,2020,2.666666655092593
ADAUSDT,2021-01-04 08:00:00.000,2021-01-04 16:00:00.000,1,8.0,123.33860999999999,0.0001,-0.0049,2021,0.3333333333333333
ADAUSDT,2021-01-10 08:00:00.005,2021-01-10 16:00:00.000,1,7.999998611111111,156.32001,0.0001,-0.0049,2021,0.33333327546296293
ADAUSDT,2021-02-05 08:00:00.004,2021-02-06 00:00:00.008,2,16.00000111111111,234.8720657764003,0.00196015,-0.00303985,2021,0.666666712962963
ADAUSDT,2021-02-09 08:00:00.006,2021-02-09 16:00:00.007,1,8.000000277777778,147.02129041962368,0.00018089,-0.00481911,2021,0.3333333449074074
ADAUSDT,2021-02-11 16:00:00.000,2021-02-13 16:00:00.000,6,48.0,257.93600999999995,0.00784704,0.0028470399999999995,2021,2.0
ADAUSDT,2021-02-18 08:00:00.000,2021-02-22 08:00:00.002,12,96.00000055555554,275.14076464198524,0.02180263,0.01680263,2021,4.000000023148147
ADAUSDT,2021-03-09 16:00:00.000,2021-03-12 16:00:00.011,9,72.00000305555555,177.13596,0.00783545,0.0028354500000000006,2021,3.0000001273148147
ADAUSDT,2021-03-15 08:00:00.016,2021-03-20 00:00:00.000,14,111.99999555555556,132.03072,0.011293489999999998,0.006293489999999998,2021,4.6666664814814816
ADAUSDT,2021-03-22 16:00:00.000,2021-03-23 00:00:00.000,1,8.0,144.67578502346475,0.00020938,-0.00479062,2021,0.3333333333333333
ADAUSDT,2021-03-31 00:00:00.000,2021-04-18 08:00:00.004,55,440.0000011111111,154.4793203638653,0.08737590999999999,0.08237590999999998,2021,18.33333337962963
ADAUSDT,2021-05-06 16:00:00.000,2021-05-09 08:00:00.016,8,64.00000444444444,233.62920811212527,0.00493221,-6.778999999999986e-05,2021,2.666666851851852
ADAUSDT,2021-09-06 08:00:00.008,2021-09-07 16:00:00.001,4,31.999998055555555,119.46888,0.0008184499999999999,-0.00418155,2021,1.3333332523148147
AEROUSDT,2024-12-06 16:00:00.000,2024-12-08 08:00:00.000,10,40.0,162.2921512702883,0.00607595,0.00107595,2024,1.6666666666666667
AEROUSDT,2024-12-12 04:00:00.000,2024-12-12 20:00:00.000,4,16.0,115.55316802452555,0.0011365400000000001,-0.00386346,2024,0.6666666666666666
AIGENSYNUSDT,2026-04-30 04:00:00.000,2026-04-30 16:00:00.000,3,12.0,306.7642926061518,0.00098096,-0.00401904,2026,0.5
AIGENSYNUSDT,2026-05-10 04:00:00.005,2026-05-11 16:00:00.000,9,35.99999861111111,141.0578804086277,0.00451383,-0.0004861700000000002,2026,1.4999999421296295
AIUSDT,2024-02-27 08:00:00.000,2024-02-28 20:00:00.000,9,36.0,121.77714000000002,0.00318892,-0.00181108,2024,1.5
AIUSDT,2024-03-02 12:00:00.000,2024-03-05 20:00:00.000,20,80.0,100.14213695431506,0.010467619999999999,0.0054676199999999986,2024,3.3333333333333335
AIUSDT,2024-03-08 00:00:00.000,2024-03-15 12:00:00.000,45,180.0,129.0567,0.01878051,0.01378051,2024,7.5
AIUSDT,2026-04-27 20:00:00.000,2026-04-28 04:00:00.006,2,8.000001666666668,449.60049244451284,0.00097327,-0.00402673,2026,0.33333340277777784
AIXBTUSDT,2024-12-21 04:00:00.000,2024-12-21 16:00:00.001,3,12.000000277777778,131.33649,0.0015494200000000001,-0.00345058,2024,0.500000011574074
ALGOUSDT,2020-08-02 00:00:00.000,2020-08-02 16:00:00.001,2,16.000000277777776,257.69183394763314,0.0004673,-0.0045327,2020,0.6666666782407407
ALGOUSDT,2020-08-11 08:00:00.000,2020-08-12 00:00:00.000,2,16.0,110.9103638510543,0.00085246,-0.00414754,2020,0.6666666666666666
ALGOUSDT,2020-08-15 08:00:00.001,2020-08-19 08:00:00.000,12,95.99999972222223,123.15246000000002,0.01611322,0.01111322,2020,3.9999999884259263
ALGOUSDT,2020-08-25 00:00:00.000,2020-08-25 16:00:00.000,2,16.0,139.32998999999998,0.0011593,-0.0038407,2020,0.6666666666666666
ALGOUSDT,2020-08-30 16:00:00.000,2020-09-02 16:00:00.000,9,72.0,192.63897,0.00849727,0.0034972699999999994,2020,3.0
ALGOUSDT,2020-11-21 08:00:00.000,2020-11-22 16:00:00.000,4,32.0,112.28677499999999,0.0031899100000000002,-0.0018100899999999999,2020,1.3333333333333333
ALGOUSDT,2021-01-04 08:00:00.000,2021-01-04 16:00:00.000,1,8.0,242.07603,0.00020181,-0.00479819,2021,0.3333333333333333
ALGOUSDT,2021-01-06 16:00:00.000,2021-01-08 08:00:00.000,5,40.0,207.01634156420226,0.00315896,-0.00184104,2021,1.6666666666666667
ALGOUSDT,2021-02-03 08:00:00.006,2021-02-15 08:00:00.006,36,288.0,137.2746892994468,0.04703296999999999,0.042032969999999996,2021,12.0
ALGOUSDT,2021-02-18 08:00:00.000,2021-02-22 16:00:00.000,13,104.0,285.3691639038183,0.025893180000000002,0.02089318,2021,4.333333333333333
ALGOUSDT,2021-03-09 08:00:00.000,2021-03-23 00:00:00.000,41,328.0,154.12453499999998,0.040973020000000006,0.03597302000000001,2021,13.666666666666666
ALGOUSDT,2021-03-31 00:00:00.000,2021-04-18 08:00:00.004,55,440.0000011111111,179.6435162376221,0.08176839000000001,0.07676839,2021,18.33333337962963
ALICEUSDT,2021-03-18 08:00:00.000,2021-03-23 08:00:00.010,15,120.00000277777778,150.20006021527988,0.021233119999999998,0.016233119999999997,2021,5.0000001157407405
ALICEUSDT,2021-03-30 08:00:00.012,2021-04-04 00:00:00.000,14,111.99999666666668,200.72120681691808,0.025360179999999996,0.020360179999999995,2021,4.666666527777778
ALICEUSDT,2021-04-05 16:00:00.001,2021-04-18 08:00:00.004,38,304.00000083333333,263.03104499999995,0.0638899,0.0588899,2021,12.66666670138889
ALICEUSDT,2021-05-03 16:00:00.043,2021-05-11 00:00:00.000,22,175.99998805555558,168.022275,0.01930046,0.014300459999999997,2021,7.333332835648149
ALICEUSDT,2021-09-06 08:00:00.008,2021-09-07 00:00:00.004,2,15.99999888888889,107.41512,0.00061919,-0.00438081,2021,0.6666666203703704
ALPINEUSDT,2025-09-27 04:00:00.000,2025-09-29 08:00:00.002,13,52.00000055555556,141.63168000000002,0.00554897,0.0005489700000000002,2025,2.166666689814815
ALPINEUSDT,2025-10-01 04:00:00.008,2025-10-01 08:00:00.000,1,3.9999977777777778,125.20880043955532,4.865e-05,-0.00495135,2025,0.16666657407407406
ALTUSDT,2024-02-29 12:00:00.000,2024-03-06 00:00:00.000,33,132.0,110.46140999999999,0.01769868,0.01269868,2024,5.5
ALTUSDT,2024-03-08 16:00:00.000,2024-03-11 04:00:00.000,15,60.0,116.33717999999999,0.00725956,0.00225956,2024,2.5
ALTUSDT,2024-03-14 12:00:00.000,2024-03-15 20:00:00.000,8,32.0,134.38497,0.00212521,-0.00287479,2024,1.3333333333333333
ANKRUSDT,2021-02-04 00:00:00.005,2021-02-22 16:00:00.000,56,447.99999861111115,137.78823478431372,0.14475017,0.13975017,2021,18.666666608796298
ANKRUSDT,2021-03-11 16:00:00.014,2021-03-15 16:00:00.030,12,96.00000444444444,101.07507,0.013191410000000002,0.008191410000000003,2021,4.000000185185185
ANKRUSDT,2021-03-17 16:00:00.009,2021-03-23 08:00:00.010,17,136.0000002777778,119.18965499999999,0.02020083,0.015200829999999999,2021,5.666666678240741
ANKRUSDT,2021-03-30 08:00:00.012,2021-04-07 16:00:00.004,25,199.99999777777776,187.30635902215812,0.04026587999999999,0.03526587999999999,2021,8.33333324074074
ANKRUSDT,2021-04-11 08:00:00.000,2021-04-14 16:00:00.012,10,80.00000333333332,131.82706830931502,0.01191914,0.00691914,2021,3.333333472222222
ANKRUSDT,2021-04-16 08:00:00.000,2021-04-17 08:00:00.000,3,24.0,182.0361355655932,0.00373411,-0.00126589,2021,1.0
API3USDT,2024-03-02 04:00:00.001,2024-03-05 20:00:00.000,22,87.99999972222223,140.57828023761942,0.010740029999999998,0.0057400299999999975,2024,3.666666655092593
API3USDT,2024-03-10 08:00:00.000,2024-03-11 04:00:00.000,5,20.0,104.99736,0.00148691,-0.00351309,2024,0.8333333333333334
ARBUSDT,2024-03-03 00:00:00.000,2024-03-06 00:00:00.000,9,72.0,120.45766500000002,0.0066437200000000005,0.0016437200000000004,2024,3.0
ARKMUSDT,2024-02-29 16:00:00.000,2024-03-06 00:00:00.000,16,128.0,122.257845,0.014873069999999999,0.009873069999999998,2024,5.333333333333333
ARKUSDT,2024-03-10 08:00:00.000,2024-03-17 00:00:00.000,20,160.0,134.616015,0.013241969999999999,0.008241969999999998,2024,6.666666666666667
ARPAUSDT,2024-03-03 00:00:00.000,2024-03-07 00:00:00.000,12,96.0,118.379355,0.009096080000000003,0.004096080000000003,2024,4.0
ASTERUSDT,2025-09-20 00:00:00.000,2025-09-23 12:00:00.000,21,84.0,261.2495525693202,0.02413388,0.01913388,2025,3.5
ASTERUSDT,2025-09-25 12:00:00.000,2025-09-26 20:00:00.005,8,32.00000138888889,149.1565303580924,0.0034580500000000003,-0.0015419499999999998,2025,1.3333333912037038
ASTRUSDT,2024-03-02 16:00:00.000,2024-03-06 00:00:00.000,10,80.0,130.10242951744547,0.00907843,0.00407843,2024,3.3333333333333335
ASTRUSDT,2024-03-10 00:00:00.000,2024-03-11 08:00:00.000,4,32.0,124.31316000000001,0.00201007,-0.00298993,2024,1.3333333333333333
ATOMUSDT,2020-02-10 00:00:00.000,2020-02-10 16:00:00.009,2,16.0000025,209.47569000000001,0.00074416,-0.00425584,2020,0.6666667708333334
ATOMUSDT,2020-02-12 08:00:00.001,2020-02-14 00:00:00.000,5,39.99999972222223,258.18676500000004,0.0073669700000000005,0.0023669700000000004,2020,1.6666666550925928
ATOMUSDT,2020-02-15 16:00:00.000,2020-02-16 08:00:00.000,2,16.0,204.71244,0.00043814,-0.00456186,2020,0.6666666666666666
ATOMUSDT,2020-05-10 00:00:00.000,2020-05-10 08:00:00.000,1,8.0,104.80135499999999,0.0001,-0.0049,2020,0.3333333333333333
ATOMUSDT,2020-07-26 08:00:00.000,2020-07-27 00:00:00.000,2,16.0,236.24296499999997,0.00048725,-0.00451275,2020,0.6666666666666666
ATOMUSDT,2020-07-29 08:00:00.000,2020-07-31 08:00:00.001,6,48.00000027777777,245.60412,0.006944830000000001,0.0019448300000000007,2020,2.0000000115740737
ATOMUSDT,2020-08-09 16:00:00.000,2020-08-10 00:00:00.001,1,8.000000277777778,124.5453,0.00013805,-0.00486195,2020,0.3333333449074074
ATOMUSDT,2020-08-12 08:00:00.000,2020-08-12 16:00:00.000,1,8.0,148.71195,0.00013526,-0.00486474,2020,0.3333333333333333
ATOMUSDT,2020-08-13 16:00:00.000,2020-08-15 16:00:00.001,6,48.00000027777777,177.3243,0.00690782,0.0019078200000000002,2020,2.0000000115740737
ATOMUSDT,2021-01-03 16:00:00.002,2021-01-05 08:00:00.003,5,40.00000027777777,196.18677,0.0069391999999999995,0.0019391999999999994,2021,1.6666666782407404
ATOMUSDT,2021-01-06 16:00:00.000,2021-01-09 00:00:00.009,7,56.0000025,349.71128142825853,0.008917399999999999,0.003917399999999999,2021,2.3333334375
ATOMUSDT,2021-01-10 00:00:00.000,2021-01-10 16:00:00.000,2,16.0,291.97517999999997,0.00381224,-0.00118776,2021,0.6666666666666666
ATOMUSDT,2021-01-19 16:00:00.012,2021-01-20 16:00:00.001,3,23.999996944444444,144.27501,0.00111856,-0.00388144,2021,0.9999998726851852
ATOMUSDT,2021-02-03 08:00:00.006,2021-02-07 08:00:00.005,12,95.99999972222223,274.66216361064204,0.021364219999999996,0.016364219999999995,2021,3.9999999884259263
ATOMUSDT,2021-02-10 00:00:00.009,2021-02-15 08:00:00.006,16,127.99999916666665,180.277515,0.017881400000000002,0.012881400000000001,2021,5.333333298611111
ATOMUSDT,2021-02-18 08:00:00.000,2021-02-22 08:00:00.002,12,96.00000055555554,114.23373259738858,0.017941979999999996,0.012941979999999995,2021,4.000000023148147
ATOMUSDT,2021-03-09 08:00:00.000,2021-03-13 00:00:00.000,11,88.0,123.55213500000002,0.011171219999999999,0.006171219999999999,2021,3.6666666666666665
ATOMUSDT,2021-03-14 08:00:00.000,2021-03-23 00:00:00.000,26,208.0,134.75951147064674,0.024414300000000003,0.019414300000000002,2021,8.666666666666666
ATOMUSDT,2021-03-30 00:00:00.018,2021-04-07 16:00:00.004,26,207.99999611111113,106.130685,0.03856180000000001,0.03356180000000001,2021,8.66666650462963
ATOMUSDT,2021-04-09 00:00:00.000,2021-04-18 08:00:00.004,28,224.0000011111111,104.55390315171931,0.05413115,0.049131150000000005,2021,9.333333379629629
ATOMUSDT,2021-09-06 08:00:00.008,2021-09-06 16:00:00.009,1,8.000000277777778,127.327695,0.00022179,-0.00477821,2021,0.3333333449074074
ATUSDT,2025-11-05 16:00:00.004,2025-11-08 00:00:00.011,14,56.00000194444445,154.41904710582023,0.00550519,0.00050519,2025,2.333333414351852
ATUSDT,2025-11-09 04:00:00.000,2025-11-09 12:00:00.000,2,8.0,129.43122595311834,0.00029397,-0.00470603,2025,0.3333333333333333
AUCTIONUSDT,2023-12-28 16:00:00.000,2023-12-30 16:00:00.000,12,48.0,100.55604,0.0041404599999999995,-0.0008595400000000007,2023,2.0
AUCTIONUSDT,2024-01-02 04:00:00.000,2024-01-03 08:00:00.000,7,28.0,119.35281,0.00237712,-0.00262288,2024,1.1666666666666667
AUCTIONUSDT,2024-02-29 12:00:00.000,2024-03-06 00:00:00.000,33,132.0,146.91834,0.017973210000000003,0.012973210000000002,2024,5.5
AUCTIONUSDT,2024-03-09 08:00:00.001,2024-03-15 12:00:00.000,37,147.9999997222222,123.66929141185477,0.017173769999999998,0.012173769999999997,2024,6.166666655092592
AVAXUSDT,2021-01-04 08:00:00.000,2021-01-05 00:00:00.020,2,16.000005555555553,344.21982,0.00040669999999999997,-0.0045933,2021,0.6666668981481481
AVAXUSDT,2021-02-12 16:00:00.000,2021-02-15 08:00:00.006,8,64.00000166666666,452.77374000000003,0.023282469999999996,0.018282469999999995,2021,2.666666736111111
AVAXUSDT,2021-02-18 08:00:00.000,2021-02-21 00:00:00.007,8,64.00000194444445,308.53389855579104,0.01639155,0.01139155,2021,2.6666667476851855
AVAXUSDT,2021-03-10 00:00:00.009,2021-03-23 08:00:00.010,40,320.00000027777776,225.34881000000001,0.04673515,0.041735150000000006,2021,13.333333344907407
AVAXUSDT,2021-03-28 16:00:00.005,2021-04-04 00:00:00.000,19,151.9999986111111,153.85188,0.03185351,0.02685351,2021,6.333333275462962
AVAXUSDT,2021-04-05 00:00:00.000,2021-04-18 08:00:00.004,40,320.0000011111111,153.6910003838891,0.07301309000000002,0.06801309000000001,2021,13.333333379629629
AVAXUSDT,2021-09-03 00:00:00.011,2021-09-07 16:00:00.001,14,111.99999722222222,129.58668,0.00874882,0.003748819999999999,2021,4.6666665509259255
AXLUSDT,2024-03-02 04:00:00.001,2024-03-06 04:00:00.000,24,95.99999972222223,175.34014782360086,0.013292890000000002,0.00829289,2024,3.9999999884259263
AXLUSDT,2024-03-09 12:00:00.001,2024-03-11 16:00:00.000,13,51.99999972222223,162.16074,0.00626829,0.00126829,2024,2.166666655092593
AXLUSDT,2024-03-14 04:00:00.000,2024-03-15 12:00:00.000,8,32.0,128.92530895314647,0.00338972,-0.00161028,2024,1.3333333333333333
AXSUSDT,2020-12-20 00:00:00.001,2020-12-21 16:00:00.000,5,39.99999972222223,187.67314499999998,0.0025538699999999998,-0.0024461300000000004,2020,1.6666666550925928
AXSUSDT,2021-01-04 08:00:00.000,2021-01-05 08:00:00.003,3,24.00000083333333,495.38676,0.00133697,-0.0036630300000000003,2021,1.0000000347222222
AXSUSDT,2021-01-07 00:00:00.007,2021-01-08 08:00:00.000,4,31.999998055555555,134.4879,0.00702984,0.0020298399999999998,2021,1.3333332523148147
AXSUSDT,2021-01-10 00:00:00.000,2021-01-11 00:00:00.000,3,24.0,241.02373500000002,0.0030500699999999998,-0.0019499300000000003,2021,1.0
AXSUSDT,2021-01-18 16:00:00.000,2021-01-20 16:00:00.001,6,48.00000027777777,129.3578429663671,0.004518350000000001,-0.00048164999999999927,2021,2.0000000115740737
AXSUSDT,2021-02-03 08:00:00.006,2021-02-08 00:00:00.000,14,111.99999833333334,316.10134792722374,0.0244505,0.0194505,2021,4.666666597222222
AXSUSDT,2021-02-09 08:00:00.006,2021-02-11 00:00:00.000,5,39.99999833333334,498.4495442291035,0.012805249999999999,0.007805249999999999,2021,1.6666665972222223
AXSUSDT,2021-02-12 08:00:00.000,2021-02-16 08:00:00.000,12,96.0,316.22395500000005,0.028597559999999998,0.023597559999999997,2021,4.0
AXSUSDT,2021-02-18 08:00:00.000,2021-02-21 08:00:00.012,9,72.00000333333332,148.77990199162582,0.02396889,0.01896889,2021,3.0000001388888884
AXSUSDT,2021-03-10 00:00:00.009,2021-03-10 08:00:00.006,1,7.999999166666666,214.15024499999998,0.0001,-0.0049,2021,0.3333332986111111
AXSUSDT,2021-03-18 16:00:00.000,2021-03-24 08:00:00.000,17,136.0,189.14263499999998,0.0215695,0.016569499999999997,2021,5.666666666666667
AXSUSDT,2021-04-01 00:00:00.025,2021-04-05 08:00:00.001,13,103.99999333333334,196.69923,0.020274580000000007,0.015274580000000006,2021,4.333333055555555
AXSUSDT,2021-04-07 08:00:00.006,2021-04-08 00:00:00.013,2,16.000001944444445,180.38372999999999,0.00051771,-0.00448229,2021,0.6666667476851852
AXSUSDT,2021-04-11 00:00:00.004,2021-04-18 08:00:00.004,22,176.0,163.56015,0.03346247000000001,0.028462470000000007,2021,7.333333333333333
AXSUSDT,2021-05-04 00:00:00.004,2021-05-04 08:00:00.003,1,7.999999722222222,127.25559732528804,0.0001,-0.0049,2021,0.3333333217592593
AXSUSDT,2021-05-06 16:00:00.000,2021-05-07 08:00:00.000,2,16.0,219.15878260967995,0.0008637600000000001,-0.00413624,2021,0.6666666666666666
AXSUSDT,2021-09-05 00:00:00.002,2021-09-06 16:00:00.009,5,40.00000194444445,110.82716693715864,0.00459675,-0.00040324999999999996,2021,1.6666667476851853
BANANAS31USDT,2026-03-07 16:00:00.001,2026-03-08 08:00:00.000,4,15.999999722222222,153.76207932207785,0.00103256,-0.00396744,2026,0.6666666550925926
BANANAS31USDT,2026-03-22 20:00:00.000,2026-03-24 20:00:00.000,12,48.0,197.63219744891632,0.00433626,-0.0006637400000000003,2026,2.0
BANDUSDT,2020-08-02 00:00:00.000,2020-08-03 00:00:00.000,3,24.0,478.91688162905837,0.0012644800000000001,-0.00373552,2020,1.0
BANDUSDT,2020-08-11 00:00:00.001,2020-08-17 08:00:00.000,19,151.9999997222222,681.72729,0.029259520000000004,0.024259520000000003,2020,6.333333321759259
BANDUSDT,2020-11-21 00:00:00.000,2020-11-22 08:00:00.000,4,32.0,117.92931,0.00452081,-0.00047919,2020,1.3333333333333333
BANDUSDT,2020-11-23 16:00:00.003,2020-11-26 08:00:00.002,8,63.99999972222223,129.80787,0.007547150000000001,0.0025471500000000006,2020,2.666666655092593
BANDUSDT,2021-01-04 00:00:00.000,2021-01-05 08:00:00.003,4,32.00000083333333,153.1872256380018,0.0040845,-0.0009155000000000005,2021,1.3333333680555555
BANDUSDT,2021-01-06 16:00:00.000,2021-01-08 08:00:00.000,5,40.0,350.6332715242992,0.006623550000000001,0.0016235500000000005,2021,1.6666666666666667
BANDUSDT,2021-01-10 08:00:00.005,2021-01-11 08:00:00.012,3,24.000001944444445,374.361885,0.00123343,-0.0037665700000000003,2021,1.0000000810185186
BANDUSDT,2021-01-19 08:00:00.005,2021-01-20 08:00:00.001,3,23.99999888888889,205.50741000000002,0.0030602,-0.0019398000000000002,2021,0.9999999537037038
BANDUSDT,2021-02-03 08:00:00.006,2021-02-06 08:00:00.009,9,72.00000083333333,262.1605473083904,0.021580369999999998,0.016580369999999997,2021,3.000000034722222
BANDUSDT,2021-02-09 08:00:00.006,2021-02-15 08:00:00.006,18,144.0,346.6452931451796,0.04933545,0.044335450000000005,2021,6.0
BANDUSDT,2021-02-18 08:00:00.000,2021-02-22 08:00:00.002,12,96.00000055555554,233.70266237610932,0.025146379999999996,0.020146379999999995,2021,4.000000023148147
BANDUSDT,2021-03-14 08:00:00.000,2021-03-15 16:00:00.030,4,32.000008333333334,144.86965033215807,0.00472852,-0.00027148000000000016,2021,1.3333336805555556
BANDUSDT,2021-03-20 08:00:00.000,2021-03-23 08:00:00.010,9,72.00000277777778,221.346585,0.00762532,0.0026253199999999996,2021,3.000000115740741
BANDUSDT,2021-03-31 00:00:00.000,2021-03-31 08:00:00.000,1,8.0,162.21987563263457,0.00025133,-0.00474867,2021,0.3333333333333333
BANDUSDT,2021-04-01 16:00:00.004,2021-04-08 00:00:00.013,19,152.0000025,160.191968935548,0.029746830000000002,0.02474683,2021,6.333333437499999
BANDUSDT,2021-04-09 16:00:00.004,2021-04-18 08:00:00.004,26,208.0,131.01675,0.052942609999999994,0.04794261,2021,8.666666666666666
BANDUSDT,2021-09-06 08:00:00.008,2021-09-06 16:00:00.009,1,8.000000277777778,101.33896499999999,0.00023942,-0.00476058,2021,0.3333333449074074
BANDUSDT,2024-03-10 08:00:00.000,2024-03-15 16:00:00.000,16,128.0,127.218195,0.01026537,0.005265369999999999,2024,5.333333333333333
BANKUSDT,2025-07-21 00:00:00.001,2025-07-21 20:00:00.003,5,20.000000555555555,140.5061370884476,0.0026961,-0.0023039000000000002,2025,0.8333333564814814
BANKUSDT,2025-09-10 04:00:00.001,2025-09-10 08:00:00.002,1,4.000000277777778,171.38719809811124,5e-05,-0.00495,2025,0.16666667824074075
BANKUSDT,2025-09-11 04:00:00.003,2025-09-11 08:00:00.000,1,3.9999991666666666,260.9253056405613,5e-05,-0.00495,2025,0.16666663194444445
BANKUSDT,2025-09-13 04:00:00.002,2025-09-16 04:00:00.000,18,71.99999944444444,104.19146170655453,0.00942249,0.00442249,2025,2.9999999768518517
BANKUSDT,2025-10-08 12:00:00.003,2025-10-10 08:00:00.002,11,43.99999972222223,191.94477998849584,0.00580887,0.0008088699999999997,2025,1.8333333217592596
BANKUSDT,2025-10-11 08:00:00.003,2025-10-12 16:00:00.000,8,31.99999916666667,165.3471555526759,0.00310787,-0.0018921300000000001,2025,1.3333332986111113
BATUSDT,2020-02-15 00:00:00.000,2020-02-16 08:00:00.000,4,32.0,247.365975,0.00567498,0.0006749799999999995,2020,1.3333333333333333
BATUSDT,2020-06-11 00:00:00.008,2020-06-11 08:00:00.001,1,7.999998055555555,155.05857,0.0002493,-0.0047507,2020,0.3333332523148148
BATUSDT,2020-08-06 16:00:00.000,2020-08-08 08:00:00.000,5,40.0,172.2807718737987,0.0038199899999999997,-0.0011800100000000004,2020,1.6666666666666667
BATUSDT,2020-08-11 08:00:00.000,2020-08-19 00:00:00.000,23,184.0,258.5984939791144,0.029496560000000005,0.024496560000000004,2020,7.666666666666667
BATUSDT,2020-08-22 08:00:00.000,2020-08-26 08:00:00.008,12,96.00000222222222,102.98913,0.00859477,0.0035947699999999997,2020,4.000000092592592
BATUSDT,2021-01-10 08:00:00.005,2021-01-11 08:00:00.012,3,24.000001944444445,273.42697499999997,0.00204789,-0.00295211,2021,1.0000000810185186
BATUSDT,2021-01-19 08:00:00.005,2021-01-20 16:00:00.001,4,31.99999888888889,216.13657500000002,0.0034798699999999995,-0.0015201300000000006,2021,1.3333332870370371
BATUSDT,2021-02-03 08:00:00.006,2021-02-15 08:00:00.006,36,288.0,188.251324609513,0.06273137,0.05773137,2021,12.0
BATUSDT,2021-02-18 08:00:00.000,2021-02-21 08:00:00.012,9,72.00000333333332,256.6254019272508,0.01717133,0.012171329999999998,2021,3.0000001388888884
BATUSDT,2021-03-10 00:00:00.009,2021-03-13 00:00:00.000,9,71.9999975,153.533235,0.00415245,-0.0008475499999999999,2021,2.9999998958333336
BATUSDT,2021-03-31 00:00:00.000,2021-04-05 00:00:00.000,15,120.0,105.4704036621668,0.01723953,0.012239529999999998,2021,5.0
BATUSDT,2021-04-06 00:00:00.010,2021-04-07 16:00:00.004,5,39.99999833333334,203.734605,0.00462785,-0.0003721499999999999,2021,1.6666665972222223
BATUSDT,2021-04-10 16:00:00.000,2021-04-18 08:00:00.004,23,184.0000011111111,142.1025546705824,0.04137320000000001,0.036373200000000015,2021,7.666666712962962
BATUSDT,2021-05-09 00:00:00.005,2021-05-11 00:00:00.000,6,47.99999861111111,105.95439,0.0031453699999999998,-0.0018546300000000003,2021,1.9999999421296295
BCHUSDT,2020-01-22 00:00:00.000,2020-01-22 16:00:00.000,2,16.0,132.585885,0.00057554,-0.00442446,2020,0.6666666666666666
BCHUSDT,2020-02-10 00:00:00.000,2020-02-16 08:00:00.000,19,152.0,176.523855,0.023853479999999993,0.018853479999999992,2020,6.333333333333333
BCHUSDT,2020-07-28 16:00:00.000,2020-08-03 00:00:00.000,16,128.0,136.0121447226439,0.014957380000000001,0.009957380000000002,2020,5.333333333333333
BCHUSDT,2021-01-04 08:00:00.000,2021-01-05 00:00:00.020,2,16.000005555555553,213.84802499999998,0.00054422,-0.00445578,2021,0.6666668981481481
BCHUSDT,2021-01-19 08:00:00.005,2021-01-20 16:00:00.001,4,31.99999888888889,202.34176499999998,0.0025115999999999997,-0.0024884000000000004,2021,1.3333332870370371
BCHUSDT,2021-02-03 08:00:00.006,2021-02-15 08:00:00.006,36,288.0,165.36144222515023,0.04803731,0.04303731,2021,12.0
BCHUSDT,2021-02-18 08:00:00.000,2021-02-22 16:00:00.000,13,104.0,268.95072706280297,0.01982534,0.01482534,2021,4.333333333333333
BCHUSDT,2021-03-10 00:00:00.009,2021-03-12 16:00:00.011,8,64.00000055555556,106.37487000000002,0.00563511,0.0006351099999999995,2021,2.666666689814815
BCHUSDT,2021-03-14 08:00:00.000,2021-03-15 16:00:00.030,4,32.000008333333334,132.0176304234005,0.00228357,-0.00271643,2021,1.3333336805555556
BCHUSDT,2021-04-03 00:00:00.003,2021-04-07 08:00:00.006,13,104.00000083333335,112.534245,0.010127630000000002,0.005127630000000002,2021,4.333333368055556
BCHUSDT,2021-04-11 00:00:00.004,2021-04-15 00:00:00.006,12,96.00000055555554,119.18746499999999,0.014819730000000001,0.009819730000000002,2021,4.000000023148147
BEAMXUSDT,2024-02-29 16:00:00.000,2024-03-01 00:00:00.000,2,8.0,108.47727,0.00078548,-0.00421452,2024,0.3333333333333333
BEAMXUSDT,2024-03-02 12:00:00.000,2024-03-06 04:00:00.000,22,88.0,162.39070127713205,0.01062642,0.005626419999999999,2024,3.6666666666666665
BEAMXUSDT,2024-03-09 20:00:00.000,2024-03-14 16:00:00.000,29,116.0,136.62534,0.010796420000000003,0.005796420000000003,2024,4.833333333333333
BELUSDT,2020-12-20 08:00:00.011,2020-12-21 08:00:00.000,3,23.999996944444444,112.214505,0.0021599799999999997,-0.0028400200000000004,2020,0.9999998726851852
BELUSDT,2021-01-07 00:00:00.007,2021-01-08 08:00:00.000,4,31.999998055555555,129.53193,0.005149450000000001,0.00014945000000000062,2021,1.3333332523148147
BELUSDT,2021-01-10 08:00:00.005,2021-01-11 00:00:00.000,2,15.999998611111112,270.2022,0.00040273,-0.0045972700000000005,2021,0.6666666087962964
BELUSDT,2021-01-30 00:00:00.000,2021-02-01 00:00:00.001,6,48.00000027777777,119.95944,0.0062089499999999995,0.0012089499999999994,2021,2.0000000115740737
BELUSDT,2021-02-02 00:00:00.000,2021-02-06 08:00:00.009,13,104.00000250000001,135.72744,0.030149270000000002,0.02514927,2021,4.3333334375
BELUSDT,2021-02-07 08:00:00.005,2021-02-08 00:00:00.000,2,15.999998611111112,123.54337499999998,0.00103914,-0.00396086,2021,0.6666666087962964
BELUSDT,2021-02-09 00:00:00.010,2021-02-16 00:00:00.001,21,167.9999975,313.641945,0.06504038000000001,0.06004038000000001,2021,6.999999895833334
BELUSDT,2021-02-18 00:00:00.012,2021-02-21 08:00:00.012,10,80.0,331.78390500000006,0.02609427,0.02109427,2021,3.3333333333333335
BELUSDT,2021-03-09 00:00:00.000,2021-03-11 08:00:00.000,7,56.0,154.30086214601295,0.005170400000000001,0.0001704000000000011,2021,2.3333333333333335
BELUSDT,2021-03-18 16:00:00.000,2021-03-22 00:00:00.007,10,80.00000194444443,143.38149,0.00965305,0.00465305,2021,3.3333334143518516
BELUSDT,2021-03-30 16:00:00.001,2021-03-31 16:00:00.000,3,23.99999972222222,173.95833644242015,0.00309311,-0.00190689,2021,0.9999999884259259
BELUSDT,2021-04-01 16:00:00.004,2021-04-07 08:00:00.006,17,136.00000055555554,201.0037238550718,0.029164790000000006,0.024164790000000005,2021,5.666666689814814
BELUSDT,2021-04-10 00:00:00.011,2021-04-18 08:00:00.004,25,199.99999805555555,140.940735,0.04739917999999999,0.042399179999999995,2021,8.333333252314814
BELUSDT,2021-09-05 00:00:00.002,2021-09-06 16:00:00.009,5,40.00000194444445,107.02532601310008,0.00444796,-0.0005520400000000002,2021,1.6666667476851853
BELUSDT,2024-03-02 16:00:00.000,2024-03-17 00:00:00.000,43,344.0,122.05636923806837,0.0337436,0.028743599999999998,2024,14.333333333333334
BIGTIMEUSDT,2023-12-05 08:00:00.000,2023-12-06 16:00:00.000,8,32.0,100.55166,0.0034439500000000003,-0.0015560499999999998,2023,1.3333333333333333
BIGTIMEUSDT,2023-12-15 08:00:00.000,2023-12-18 12:00:00.000,19,76.0,137.02391999999998,0.006543820000000001,0.0015438200000000013,2023,3.1666666666666665
BIGTIMEUSDT,2023-12-25 12:00:00.000,2024-01-03 16:00:00.000,55,220.0,144.9561,0.025324639999999995,0.020324639999999995,2023,9.166666666666666
BIGTIMEUSDT,2024-02-17 12:00:00.000,2024-02-20 00:00:00.000,15,60.0,113.79240000000001,0.00569324,0.0006932399999999995,2024,2.5
BIGTIMEUSDT,2024-02-28 16:00:00.000,2024-02-28 20:00:00.000,1,4.0,167.67954,5e-05,-0.00495,2024,0.16666666666666666
BIGTIMEUSDT,2024-02-29 12:00:00.000,2024-03-05 20:00:00.000,32,128.0,162.28995,0.02442234,0.01942234,2024,5.333333333333333
BIGTIMEUSDT,2024-03-06 16:00:00.000,2024-03-15 12:00:00.000,53,212.0,106.88076,0.03485503,0.02985503,2024,8.833333333333334
BIGTIMEUSDT,2024-03-27 12:00:00.001,2024-04-02 04:00:00.000,34,135.9999997222222,101.91603,0.02261295,0.01761295,2024,5.666666655092592
BIGTIMEUSDT,2024-12-05 12:00:00.000,2024-12-07 16:00:00.000,13,52.0,133.51116000000002,0.00563052,0.0006305199999999999,2024,2.1666666666666665
BNBUSDT,2020-02-11 08:00:00.000,2020-02-14 00:00:00.000,8,64.0,286.09503,0.01285246,0.007852459999999999,2020,2.6666666666666665
BNBUSDT,2020-02-15 16:00:00.000,2020-02-16 00:00:00.000,1,8.0,253.399425,0.0,-0.005,2020,0.3333333333333333
BNBUSDT,2020-11-23 16:00:00.003,2020-11-26 00:00:00.012,7,56.0000025,181.03634999999997,0.00695064,0.00195064,2020,2.3333334375
BNBUSDT,2020-12-20 08:00:00.011,2020-12-21 16:00:00.000,4,31.999996944444444,188.10019499999999,0.00264322,-0.00235678,2020,1.3333332060185186
BNBUSDT,2021-01-04 00:00:00.000,2021-01-08 08:00:00.000,13,104.0,314.79390686068797,0.019737110000000002,0.014737110000000001,2021,4.333333333333333
BNBUSDT,2021-01-19 00:00:00.000,2021-01-20 00:00:00.012,3,24.000003333333336,138.42552,0.0034593899999999997,-0.0015406100000000004,2021,1.000000138888889
BNBUSDT,2021-02-10 00:00:00.009,2021-02-15 08:00:00.006,16,127.99999916666665,367.98789,0.03208883,0.027088829999999998,2021,5.333333298611111
BNBUSDT,2021-02-18 08:00:00.000,2021-02-22 16:00:00.000,13,104.0,182.99428624761927,0.023104560000000003,0.018104560000000002,2021,4.333333333333333
BNBUSDT,2021-03-10 00:00:00.009,2021-03-10 08:00:00.006,1,7.999999166666666,108.89774999999999,0.00019159,-0.00480841,2021,0.3333332986111111
BNBUSDT,2021-03-12 08:00:00.005,2021-03-13 08:00:00.002,3,23.99999916666667,118.611495,0.00138896,-0.0036110400000000003,2021,0.9999999652777779
BNBUSDT,2021-03-14 08:00:00.000,2021-03-15 16:00:00.030,4,32.000008333333334,124.00551236321652,0.0035099600000000003,-0.0014900399999999998,2021,1.3333336805555556
BNBUSDT,2021-04-03 00:00:00.003,2021-04-04 00:00:00.000,3,23.99999916666667,128.26611,0.0020711400000000004,-0.0029288599999999997,2021,0.9999999652777779
BNBUSDT,2021-04-11 00:00:00.004,2021-04-18 08:00:00.004,22,176.0,181.09767000000002,0.03607363,0.03107363,2021,7.333333333333333
BOMEUSDT,2024-03-17 04:00:00.000,2024-03-18 04:00:00.001,6,24.00000027777778,136.9188,0.0023473400000000003,-0.00265266,2024,1.0000000115740741
BOMEUSDT,2024-03-18 16:00:00.001,2024-03-19 00:00:00.000,2,7.999999722222222,198.7096362007197,0.00045918,-0.00454082,2024,0.3333333217592593
BOMEUSDT,2024-03-27 08:00:00.001,2024-04-02 00:00:00.007,34,136.00000166666666,103.07453284204632,0.015600039999999997,0.010600039999999998,2024,5.666666736111111
BROCCOLI714USDT,2025-03-24 00:00:00.000,2025-03-24 08:00:00.000,2,8.0,218.45469,0.00076933,-0.00423067,2025,0.3333333333333333
BROCCOLI714USDT,2026-01-02 00:00:00.006,2026-01-03 00:00:00.001,18,23.99999861111111,168.8049186584689,0.0030684,-0.0019316,2026,0.9999999421296296
BTCUSDT,2020-02-10 08:00:00.000,2020-02-18 00:00:00.000,23,184.0,136.89909,0.018254040000000003,0.013254040000000002,2020,7.666666666666667
BTCUSDT,2020-07-28 16:00:00.000,2020-08-02 16:00:00.001,15,120.00000027777777,106.84572370992096,0.008471049999999999,0.003471049999999999,2020,5.000000011574074
BTCUSDT,2021-01-03 08:00:00.000,2021-01-13 00:00:00.001,29,232.0000002777778,125.64475852797408,0.03048582,0.02548582,2021,9.666666678240741
BTCUSDT,2021-02-09 08:00:00.006,2021-02-23 00:00:00.000,41,327.99999833333334,204.29746337464766,0.04690665000000001,0.04190665000000001,2021,13.666666597222223
BTCUSDT,2021-04-12 00:00:00.001,2021-04-18 16:00:00.000,20,159.9999997222222,102.703335,0.017617179999999996,0.012617179999999995,2021,6.666666655092592
C98USDT,2021-09-05 00:00:00.002,2021-09-07 16:00:00.001,8,63.99999972222223,133.2429173854313,0.0003346600000000005,-0.00466534,2021,2.666666655092593
CAKEUSDT,2024-02-29 12:00:00.000,2024-03-05 20:00:00.000,32,128.0,139.51833,0.013619050000000002,0.008619050000000003,2024,5.333333333333333
CELRUSDT,2021-03-30 08:00:00.012,2021-04-07 16:00:00.004,25,199.99999777777776,205.95092790644333,0.04171508,0.036715080000000004,2021,8.33333324074074
CELRUSDT,2021-04-10 08:00:00.005,2021-04-18 08:00:00.004,24,191.9999997222222,156.86644768050994,0.04139007000000001,0.03639007000000001,2021,7.999999988425926
CELRUSDT,2024-02-29 08:00:00.000,2024-03-15 16:00:00.000,46,368.0,111.64401,0.03610717000000001,0.031107170000000007,2024,15.333333333333334
CFXUSDT,2024-03-02 16:00:00.000,2024-03-06 00:00:00.000,10,80.0,110.29716382976262,0.008240760000000001,0.0032407600000000014,2024,3.3333333333333335
CHRUSDT,2021-03-14 08:00:00.000,2021-03-15 16:00:00.030,4,32.000008333333334,113.86690349083118,0.0042362499999999996,-0.0007637500000000005,2021,1.3333336805555556
CHRUSDT,2021-03-18 16:00:00.000,2021-03-19 00:00:00.011,1,8.000003055555554,116.77299000000001,0.0001,-0.0049,2021,0.3333334606481481
CHRUSDT,2021-03-20 16:00:00.007,2021-03-21 08:00:00.000,2,15.999998055555556,173.24652,0.00137027,-0.0036297300000000003,2021,0.6666665856481482
CHRUSDT,2021-03-30 08:00:00.012,2021-04-08 08:00:00.003,27,215.9999975,197.2325360901117,0.044802060000000005,0.03980206000000001,2021,8.999999895833334
CHRUSDT,2021-04-11 00:00:00.004,2021-04-18 08:00:00.004,22,176.0,144.32209500000002,0.042309269999999996,0.03730927,2021,7.333333333333333
CHRUSDT,2021-09-06 00:00:00.003,2021-09-07 16:00:00.001,5,39.99999944444444,120.14121,-0.00246314,-0.00746314,2021,1.6666666435185185
CHZUSDT,2021-01-31 08:00:00.000,2021-02-06 08:00:00.009,18,144.0000025,212.7344764795239,0.030550250000000004,0.025550250000000004,2021,6.000000104166666
CHZUSDT,2021-02-09 08:00:00.006,2021-02-15 08:00:00.006,18,144.0,420.76804344000607,0.056948559999999995,0.05194856,2021,6.0
CHZUSDT,2021-02-18 08:00:00.000,2021-02-22 16:00:00.000,13,104.0,210.7788278245116,0.023332839999999997,0.018332839999999996,2021,4.333333333333333
CHZUSDT,2021-03-10 08:00:00.006,2021-03-12 08:00:00.005,6,47.99999972222223,176.6344683994238,0.00859967,0.00359967,2021,1.999999988425926
CHZUSDT,2021-03-14 16:00:00.000,2021-03-25 00:00:00.000,31,248.0,168.47012999999998,0.04115079,0.03615079,2021,10.333333333333334
CHZUSDT,2021-03-30 00:00:00.018,2021-04-04 00:00:00.000,15,119.999995,176.96295,0.030136069999999997,0.025136069999999996,2021,4.999999791666666
CHZUSDT,2021-04-05 16:00:00.001,2021-04-07 16:00:00.004,6,48.00000083333333,283.14948,0.011700990000000001,0.006700990000000001,2021,2.000000034722222
CHZUSDT,2021-04-10 16:00:00.000,2021-04-18 08:00:00.004,23,184.0000011111111,158.08846244591365,0.047241330000000005,0.04224133000000001,2021,7.666666712962962
CHZUSDT,2021-05-04 00:00:00.004,2021-05-04 08:00:00.003,1,7.999999722222222,128.6637692321875,0.0001,-0.0049,2021,0.3333333217592593
CHZUSDT,2021-05-06 16:00:00.000,2021-05-09 08:00:00.016,8,64.00000444444444,193.9759717352768,0.00632217,0.0013221700000000001,2021,2.666666851851852
CHZUSDT,2021-09-06 08:00:00.008,2021-09-07 00:00:00.004,2,15.99999888888889,138.86352,0.0006089800000000001,-0.00439102,2021,0.6666666203703704
COMPUSDT,2020-07-25 08:00:00.001,2020-07-27 16:00:00.000,7,55.99999972222223,107.83998000000001,0.008408319999999999,0.0034083199999999985,2020,2.3333333217592593
COMPUSDT,2020-08-02 00:00:00.000,2020-08-02 08:00:00.001,1,8.000000277777778,202.19613702069918,0.0001,-0.0049,2020,0.3333333449074074
COMPUSDT,2020-08-09 16:00:00.000,2020-08-10 00:00:00.001,1,8.000000277777778,101.69045999999999,0.0001,-0.0049,2020,0.3333333449074074
COMPUSDT,2021-02-12 08:00:00.000,2021-02-15 08:00:00.006,9,72.00000166666666,183.56361,0.012546709999999999,0.007546709999999999,2021,3.0000000694444444
COMPUSDT,2021-02-18 16:00:00.009,2021-02-21 08:00:00.012,8,64.00000083333333,117.89098500000001,0.00979324,0.00479324,2021,2.666666701388889
COMPUSDT,2021-04-06 00:00:00.010,2021-04-18 08:00:00.004,37,295.99999833333334,167.190075,0.04863373,0.04363373,2021,12.333333263888889
COMPUSDT,2021-09-05 00:00:00.002,2021-09-07 16:00:00.001,8,63.99999972222223,108.47401136521108,0.0037147300000000003,-0.0012852699999999998,2021,2.666666655092593
COTIUSDT,2021-03-12 08:00:00.005,2021-03-13 08:00:00.002,3,23.99999916666667,265.832055,0.00108386,-0.00391614,2021,0.9999999652777779
COTIUSDT,2021-03-18 16:00:00.000,2021-03-19 00:00:00.011,1,8.000003055555554,252.575985,0.0001,-0.0049,2021,0.3333334606481481
COTIUSDT,2021-03-20 08:00:00.000,2021-03-25 00:00:00.000,14,112.0,156.39994499999997,0.012020809999999998,0.007020809999999998,2021,4.666666666666667
COTIUSDT,2021-03-30 08:00:00.012,2021-04-07 16:00:00.004,25,199.99999777777776,214.2346046322093,0.046232960000000003,0.041232960000000006,2021,8.33333324074074
COTIUSDT,2021-04-09 08:00:00.004,2021-04-18 08:00:00.004,27,216.0,140.50821,0.05126741000000003,0.04626741000000003,2021,9.0
CRVUSDT,2020-11-23 16:00:00.003,2020-11-24 16:00:00.005,3,24.000000555555555,239.30349,0.00451088,-0.00048912,2020,1.000000023148148
CRVUSDT,2021-01-10 08:00:00.005,2021-01-11 08:00:00.012,3,24.000001944444445,309.134925,0.00123833,-0.00376167,2021,1.0000000810185186
CRVUSDT,2021-02-03 08:00:00.006,2021-02-05 00:00:00.009,5,40.00000083333333,202.82796612791313,0.0076534,0.0026534,2021,1.6666667013888887
CRVUSDT,2021-02-06 00:00:00.008,2021-02-06 16:00:00.000,2,15.999997777777777,118.20415500000001,0.00098682,-0.00401318,2021,0.666666574074074
CRVUSDT,2021-02-09 08:00:00.006,2021-02-11 00:00:00.000,5,39.99999833333334,249.2384596164527,0.00772892,0.00272892,2021,1.6666665972222223
CRVUSDT,2021-02-12 00:00:00.000,2021-02-15 08:00:00.006,10,80.00000166666666,147.598335,0.023453549999999997,0.018453549999999996,2021,3.3333334027777775
CRVUSDT,2021-02-18 08:00:00.000,2021-02-22 16:00:00.000,13,104.0,289.6035306681377,0.017448739999999997,0.012448739999999996,2021,4.333333333333333
CRVUSDT,2021-03-14 16:00:00.000,2021-03-15 16:00:00.030,3,24.000008333333334,168.668325,0.0016303600000000002,-0.00336964,2021,1.0000003472222223
CRVUSDT,2021-04-01 16:00:00.004,2021-04-07 16:00:00.004,18,144.0,170.38970641416475,0.02199003,0.01699003,2021,6.0
CRVUSDT,2021-04-10 00:00:00.011,2021-04-18 08:00:00.004,25,199.99999805555555,117.496785,0.04793367,0.04293367,2021,8.333333252314814
CTKUSDT,2021-01-31 08:00:00.000,2021-02-01 08:00:00.014,3,24.000003888888887,141.88247933827478,0.00191252,-0.00308748,2021,1.000000162037037
CTKUSDT,2021-02-02 08:00:00.006,2021-02-07 08:00:00.005,15,119.99999972222223,100.88892,0.025166210000000005,0.020166210000000004,2021,4.999999988425926
CTKUSDT,2021-02-09 08:00:00.006,2021-02-15 08:00:00.006,18,144.0,523.0651476479371,0.06188393000000001,0.05688393000000001,2021,6.0
CTKUSDT,2021-02-18 16:00:00.009,2021-02-21 00:00:00.007,7,55.99999944444444,296.13617999999997,0.019151070000000003,0.014151070000000002,2021,2.333333310185185
CTKUSDT,2021-03-20 16:00:00.007,2021-03-22 00:00:00.007,4,32.0,236.59993500000002,0.00209313,-0.00290687,2021,1.3333333333333333
CTKUSDT,2021-03-30 08:00:00.012,2021-04-04 00:00:00.000,14,111.99999666666668,126.06847126426486,0.025844449999999998,0.020844449999999997,2021,4.666666527777778
CTKUSDT,2021-04-06 08:00:00.000,2021-04-07 16:00:00.004,4,32.00000111111111,189.80517590457495,0.00316902,-0.0018309800000000003,2021,1.3333333796296296
CTKUSDT,2021-04-12 00:00:00.001,2021-04-18 08:00:00.004,19,152.00000083333333,175.512075,0.036907,0.031907000000000005,2021,6.3333333680555555
CTKUSDT,2021-05-06 16:00:00.000,2021-05-11 00:00:00.000,13,104.0,195.93383180325804,0.010025059999999999,0.005025059999999999,2021,4.333333333333333
CTKUSDT,2021-09-05 00:00:00.002,2021-09-07 16:00:00.001,8,63.99999972222223,120.20146421563366,-0.0010743600000000008,-0.006074360000000001,2021,2.666666655092593
CTKUSDT,2024-03-03 00:00:00.000,2024-03-06 00:00:00.000,9,72.0,123.355035,0.00671304,0.0017130399999999999,2024,3.0
CTKUSDT,2024-04-01 16:00:00.000,2024-04-02 00:00:00.007,1,8.000001944444445,551.18358,0.0001,-0.0049,2024,0.3333334143518519
CUSDT,2025-07-16 20:00:00.000,2025-07-18 12:00:00.000,10,40.0,133.68424426902462,-0.004590970000000001,-0.00959097,2025,1.6666666666666667
CVCUSDT,2021-01-07 00:00:00.007,2021-01-08 00:00:00.000,3,23.999998055555555,117.23398499999999,0.00346511,-0.0015348900000000001,2021,0.9999999189814814
CVCUSDT,2021-01-10 00:00:00.000,2021-01-11 08:00:00.012,4,32.00000333333333,330.474285,0.00377225,-0.0012277500000000001,2021,1.333333472222222
CVCUSDT,2021-01-30 00:00:00.000,2021-02-13 08:00:00.003,43,344.00000083333333,117.03031499999999,0.09417041999999998,0.08917041999999997,2021,14.333333368055555
CVCUSDT,2021-02-14 16:00:00.008,2021-02-15 08:00:00.006,2,15.999999444444445,426.41380499999997,0.00160504,-0.00339496,2021,0.6666666435185186
CVCUSDT,2021-02-18 08:00:00.000,2021-02-21 08:00:00.012,9,72.00000333333332,279.81532158971726,0.0221326,0.017132599999999998,2021,3.0000001388888884
CVCUSDT,2021-03-10 00:00:00.009,2021-03-10 08:00:00.006,1,7.999999166666666,131.00360999999998,0.00024352,-0.00475648,2021,0.3333332986111111
CVCUSDT,2021-03-15 08:00:00.016,2021-03-15 16:00:00.030,1,8.00000388888889,112.34043,0.00021466,-0.00478534,2021,0.3333334953703704
CVCUSDT,2021-03-31 00:00:00.000,2021-04-08 00:00:00.013,24,192.0000036111111,149.4664101898059,0.037807059999999997,0.03280706,2021,8.000000150462963
CVCUSDT,2021-04-11 00:00:00.004,2021-04-18 08:00:00.004,22,176.0,137.87473500000002,0.038672460000000006,0.03367246000000001,2021,7.333333333333333
CVXUSDT,2024-03-02 16:00:00.000,2024-03-06 00:00:00.000,10,80.0,116.8178890561767,0.009042070000000001,0.004042070000000001,2024,3.3333333333333335
CVXUSDT,2024-03-10 08:00:00.000,2024-03-15 16:00:00.000,16,128.0,127.14921,0.01035743,0.005357430000000001,2024,5.333333333333333
CYBERUSDT,2023-12-29 04:00:00.000,2024-01-01 00:00:00.000,17,68.0,106.23471737741093,0.00479436,-0.00020564,2023,2.8333333333333335
CYBERUSDT,2024-03-02 12:00:00.000,2024-03-05 20:00:00.000,20,80.0,179.7398824819363,0.00939247,0.00439247,2024,3.3333333333333335
CYBERUSDT,2024-03-09 16:00:00.000,2024-03-15 12:00:00.000,35,140.0,123.49848857628392,0.013782770000000003,0.008782770000000002,2024,5.833333333333333
DASHUSDT,2020-02-07 00:00:00.000,2020-02-14 00:00:00.000,21,168.0,237.73545000000001,0.04107540999999999,0.036075409999999995,2020,7.0
DASHUSDT,2020-02-15 16:00:00.000,2020-02-16 00:00:00.000,1,8.0,242.56549500000003,0.00021095,-0.00478905,2020,0.3333333333333333
DASHUSDT,2021-02-03 08:00:00.006,2021-02-22 16:00:00.000,58,463.99999833333334,162.54400693166738,0.07878518000000001,0.07378518,2021,19.33333326388889
DASHUSDT,2021-03-31 00:00:00.000,2021-04-07 16:00:00.004,23,184.0000011111111,100.43668848738503,0.026758399999999998,0.021758399999999997,2021,7.666666712962962
DASHUSDT,2021-04-11 00:00:00.004,2021-04-18 08:00:00.004,22,176.0,142.114575,0.03684366,0.03184366,2021,7.333333333333333
DASHUSDT,2021-09-06 00:00:00.003,2021-09-07 16:00:00.001,5,39.99999944444444,105.74414999999999,0.0020050600000000003,-0.0029949399999999998,2021,1.6666666435185185
DEXEUSDT,2026-06-23 16:00:00.002,2026-06-24 08:00:00.005,3,16.00000083333333,108.0830549884646,0.0008261499999999999,-0.00417385,2026,0.6666667013888888
DOGEUSDT,2020-11-22 00:00:00.005,2020-11-26 00:00:00.012,12,96.00000194444443,146.720145,0.0093873,0.004387299999999999,2020,4.000000081018518
DOGEUSDT,2021-01-10 08:00:00.005,2021-01-10 16:00:00.000,1,7.999998611111111,262.494495,0.00014739,-0.00485261,2021,0.33333327546296293
DOGEUSDT,2021-01-19 08:00:00.005,2021-01-20 16:00:00.001,4,31.99999888888889,198.02308499999998,0.0031612800000000003,-0.0018387199999999999,2021,1.3333332870370371
DOGEUSDT,2021-02-04 00:00:00.005,2021-02-04 16:00:00.011,2,16.000001666666666,154.1858603536757,0.00258654,-0.00241346,2021,0.666666736111111
DOGEUSDT,2021-02-07 08:00:00.005,2021-02-11 00:00:00.000,11,87.99999861111111,112.376565,0.01616283,0.011162829999999999,2021,3.6666666087962962
DOGEUSDT,2021-02-12 00:00:00.000,2021-02-15 08:00:00.006,10,80.00000166666666,258.38715,0.0231263,0.018126299999999998,2021,3.3333334027777775
DOGEUSDT,2021-02-18 08:00:00.000,2021-02-21 00:00:00.007,8,64.00000194444445,290.42478101032543,0.01992605,0.01492605,2021,2.6666667476851855
DOGEUSDT,2021-02-22 00:00:00.006,2021-02-22 16:00:00.000,2,15.999998333333332,167.61165,0.00084176,-0.0041582400000000005,2021,0.6666665972222222
DOGEUSDT,2021-03-10 00:00:00.009,2021-03-23 08:00:00.010,40,320.00000027777776,152.313405,0.03996585,0.03496585,2021,13.333333344907407
DOGEUSDT,2021-03-31 00:00:00.000,2021-04-07 16:00:00.004,23,184.0000011111111,102.5281385600048,0.028568129999999997,0.023568129999999996,2021,7.666666712962962
DOGEUSDT,2021-04-10 00:00:00.011,2021-04-14 16:00:00.012,14,112.00000027777777,119.408655,0.027469419999999998,0.022469419999999997,2021,4.66666667824074
DOGEUSDT,2021-04-18 00:00:00.006,2021-04-18 08:00:00.004,1,7.999999444444445,144.45239999999998,0.0001,-0.0049,2021,0.3333333101851852
DOGEUSDT,2021-05-04 00:00:00.004,2021-05-06 08:00:00.001,7,55.99999916666667,126.06642571495148,0.0037714800000000002,-0.0012285199999999999,2021,2.333333298611111
DOGEUSDT,2021-05-08 08:00:00.000,2021-05-09 00:00:00.005,2,16.000001388888887,101.05319105274815,0.00071559,-0.00428441,2021,0.6666667245370369
DOGEUSDT,2021-09-05 00:00:00.002,2021-09-07 16:00:00.001,8,63.99999972222223,131.1076668664468,0.0030496300000000002,-0.0019503699999999999,2021,2.666666655092593
DOLOUSDT,2025-05-29 08:00:00.006,2025-05-29 20:00:00.010,3,12.00000111111111,257.84392256503224,0.0018726399999999999,-0.00312736,2025,0.5000000462962962
DOLOUSDT,2025-07-03 00:00:00.006,2025-07-03 08:00:00.003,2,7.999999166666666,186.83758215100744,0.00216812,-0.00283188,2025,0.3333332986111111
DOTUSDT,2020-08-23 16:00:00.000,2020-08-25 00:00:00.000,4,32.0,192.002775,0.0037095199999999996,-0.0012904800000000005,2020,1.3333333333333333
DOTUSDT,2020-08-30 16:00:00.000,2020-09-02 16:00:00.000,9,72.0,210.05166000000003,0.01010325,0.005103249999999999,2020,3.0
DOTUSDT,2021-01-04 00:00:00.000,2021-01-05 00:00:00.020,3,24.000005555555557,264.02970333539605,0.0046563,-0.00034369999999999973,2021,1.0000002314814815
DOTUSDT,2021-01-06 16:00:00.000,2021-01-11 08:00:00.012,14,112.00000333333332,266.9446028067295,0.01435761,0.009357609999999999,2021,4.666666805555555
DOTUSDT,2021-01-19 08:00:00.005,2021-01-20 00:00:00.012,2,16.000001944444445,117.21975,0.00197277,-0.00302723,2021,0.6666667476851852
DOTUSDT,2021-02-02 08:00:00.006,2021-02-15 08:00:00.006,39,312.0,111.15564,0.07187153,0.06687153,2021,13.0
DOTUSDT,2021-02-18 08:00:00.000,2021-02-22 16:00:00.000,13,104.0,241.00303041792935,0.01732409,0.01232409,2021,4.333333333333333
DOTUSDT,2021-03-09 16:00:00.000,2021-03-15 16:00:00.030,18,144.00000833333334,199.00092,0.01861272,0.013612719999999998,2021,6.0000003472222225
DOTUSDT,2021-03-20 08:00:00.000,2021-03-23 16:00:00.023,10,80.00000638888889,175.57448999999997,0.0072651899999999995,0.0022651899999999994,2021,3.333333599537037
DOTUSDT,2021-04-01 00:00:00.025,2021-04-02 00:00:00.000,3,23.999993055555557,158.02821,0.00233167,-0.00266833,2021,0.9999997106481482
DOTUSDT,2021-04-03 00:00:00.003,2021-04-18 08:00:00.004,46,368.00000027777776,215.803695,0.07102868,0.06602867999999999,2021,15.333333344907407
DOTUSDT,2021-05-06 16:00:00.000,2021-05-08 00:00:00.006,4,32.00000166666666,175.87343110671637,0.0034368,-0.0015632000000000003,2021,1.3333334027777777
DYMUSDT,2024-02-27 04:00:00.000,2024-02-28 20:00:00.000,10,40.0,140.96154,0.004358369999999999,-0.0006416300000000007,2024,1.6666666666666667
DYMUSDT,2024-02-29 16:00:00.000,2024-03-05 20:00:00.000,31,124.0,114.65087999999999,0.017080340000000003,0.012080340000000002,2024,5.166666666666667
DYMUSDT,2024-03-08 08:00:00.000,2024-03-10 16:00:00.000,14,56.0,108.42471,0.00547398,0.0004739799999999997,2024,2.3333333333333335
DYMUSDT,2024-03-14 12:00:00.000,2024-03-15 12:00:00.000,6,24.0,162.88343999999998,0.0016930599999999997,-0.0033069400000000004,2024,1.0
DYMUSDT,2024-04-01 04:00:00.000,2024-04-01 12:00:00.000,2,8.0,119.88717,0.00030571,-0.00469429,2024,0.3333333333333333
EDUUSDT,2024-03-03 00:00:00.000,2024-03-06 00:00:00.000,9,72.0,143.822775,0.00752227,0.00252227,2024,3.0
EGLDUSDT,2020-11-22 00:00:00.005,2020-11-26 00:00:00.012,12,96.00000194444443,213.195405,0.0144567,0.009456699999999998,2020,4.000000081018518
EGLDUSDT,2021-01-03 08:00:00.000,2021-01-08 08:00:00.000,15,120.0,130.24923640577276,0.032923020000000004,0.027923020000000003,2021,5.0
EGLDUSDT,2021-01-09 08:00:00.004,2021-01-11 16:00:00.000,7,55.99999888888889,189.28063786122183,0.012390749999999999,0.007390749999999999,2021,2.333333287037037
EGLDUSDT,2021-01-18 16:00:00.000,2021-01-20 08:00:00.001,5,40.00000027777777,217.8031952504438,0.0065442,0.0015442,2021,1.6666666782407404
EGLDUSDT,2021-01-29 16:00:00.000,2021-02-15 08:00:00.006,50,400.00000166666666,303.13651500000003,0.13171173000000003,0.12671173000000002,2021,16.66666673611111
EGLDUSDT,2021-02-18 08:00:00.000,2021-02-22 16:00:00.000,13,104.0,207.55514648131103,0.02922141,0.02422141,2021,4.333333333333333
EGLDUSDT,2021-03-10 00:00:00.009,2021-03-11 08:00:00.000,4,31.9999975,255.05397000000002,0.0032987800000000003,-0.0017012199999999998,2021,1.3333332291666666
EGLDUSDT,2021-03-14 08:00:00.000,2021-03-23 08:00:00.010,27,216.00000277777778,154.81772913177156,0.028693950000000003,0.023693950000000002,2021,9.000000115740741
EGLDUSDT,2021-03-30 00:00:00.018,2021-04-04 00:00:00.000,15,119.999995,137.19145500000002,0.02639838,0.021398379999999998,2021,4.999999791666666
EGLDUSDT,2021-04-06 08:00:00.000,2021-04-18 08:00:00.004,36,288.0000011111111,252.82135278519195,0.058650469999999996,0.05365047,2021,12.000000046296295
ENJUSDT,2020-11-21 08:00:00.000,2020-11-22 16:00:00.000,4,32.0,171.83068500000002,0.00406163,-0.00093837,2020,1.3333333333333333
ENJUSDT,2021-01-04 08:00:00.000,2021-01-05 16:00:00.003,4,32.00000083333333,340.4355,0.00226912,-0.00273088,2021,1.3333333680555555
ENJUSDT,2021-01-06 16:00:00.000,2021-01-11 08:00:00.012,14,112.00000333333332,245.1387705352886,0.024049340000000002,0.01904934,2021,4.666666805555555
ENJUSDT,2021-01-18 00:00:00.000,2021-01-19 16:00:00.012,5,40.00000333333333,133.34800963013925,0.00476345,-0.0002365500000000003,2021,1.6666668055555556
ENJUSDT,2021-01-31 08:00:00.000,2021-02-08 00:00:00.000,23,184.0,232.77626774258366,0.04228279,0.03728279,2021,7.666666666666667
ENJUSDT,2021-02-09 00:00:00.010,2021-02-15 08:00:00.006,19,151.9999988888889,452.33355,0.06410847,0.05910847,2021,6.333333287037038
ENJUSDT,2021-02-18 08:00:00.000,2021-02-21 00:00:00.007,8,64.00000194444445,312.2196700915292,0.01976587,0.01476587,2021,2.6666667476851855
ENJUSDT,2021-02-22 00:00:00.006,2021-02-22 16:00:00.000,2,15.999998333333332,112.84412999999999,0.00112772,-0.00387228,2021,0.6666665972222222
ENJUSDT,2021-03-09 00:00:00.000,2021-03-10 08:00:00.006,4,32.00000166666666,169.72503535938236,0.00446669,-0.0005333100000000004,2021,1.3333334027777777
ENJUSDT,2021-03-12 00:00:00.002,2021-03-23 00:00:00.000,33,263.9999994444444,216.63379526408139,0.044867279999999995,0.03986728,2021,10.999999976851852
ENJUSDT,2021-03-30 08:00:00.012,2021-04-04 00:00:00.000,14,111.99999666666668,177.2279769224952,0.024018579999999998,0.019018579999999997,2021,4.666666527777778
ENJUSDT,2021-04-05 08:00:00.001,2021-04-08 00:00:00.013,8,64.00000333333332,206.01877499999998,0.01428288,0.00928288,2021,2.6666668055555554
ENJUSDT,2021-04-10 08:00:00.005,2021-04-18 08:00:00.004,24,191.9999997222222,194.93522561150533,0.04688278,0.04188278,2021,7.999999988425926
ENJUSDT,2021-05-04 00:00:00.004,2021-05-04 08:00:00.003,1,7.999999722222222,124.67358382881145,0.0001,-0.0049,2021,0.3333333217592593
ENJUSDT,2021-05-08 08:00:00.000,2021-05-09 08:00:00.016,3,24.000004444444446,139.6180040870842,0.0022615000000000005,-0.0027384999999999996,2021,1.0000001851851852
ETCUSDT,2020-02-06 08:00:00.000,2020-02-07 08:00:00.000,3,24.0,177.084495,0.00133427,-0.00366573,2020,1.0
ETCUSDT,2020-02-12 08:00:00.001,2020-02-16 00:00:00.000,11,87.99999972222223,530.86257,0.0126848,0.0076847999999999994,2020,3.666666655092593
ETCUSDT,2020-08-16 00:00:00.000,2020-08-16 16:00:00.000,2,16.0,141.062284897996,0.00118705,-0.00381295,2020,0.6666666666666666
ETCUSDT,2020-08-29 16:00:00.003,2020-09-02 16:00:00.000,12,95.99999916666665,156.52041130420952,0.025361480000000002,0.02036148,2020,3.999999965277777
ETCUSDT,2020-11-07 16:00:00.006,2020-11-09 08:00:00.001,5,39.99999861111111,147.41985,0.00417728,-0.0008227199999999999,2020,1.6666666087962962
ETCUSDT,2020-11-17 08:00:00.003,2020-11-19 00:00:00.008,5,40.00000138888889,152.315595,0.00373134,-0.00126866,2020,1.666666724537037
ETCUSDT,2021-01-04 08:00:00.000,2021-01-04 16:00:00.000,1,8.0,111.01110000000001,0.0001,-0.0049,2021,0.3333333333333333
ETCUSDT,2021-01-07 00:00:00.007,2021-01-08 08:00:00.000,4,31.999998055555555,133.78491,0.0029318200000000003,-0.0020681799999999998,2021,1.3333332523148147
ETCUSDT,2021-01-10 00:00:00.000,2021-01-11 08:00:00.012,4,32.00000333333333,372.22992,0.004262030000000001,-0.0007379699999999993,2021,1.333333472222222
ETCUSDT,2021-02-03 08:00:00.006,2021-02-15 08:00:00.006,36,288.0,141.55942474577344,0.05868917000000001,0.053689170000000015,2021,12.0
ETCUSDT,2021-02-18 00:00:00.012,2021-02-22 16:00:00.000,14,111.99999666666668,178.319655,0.021967119999999996,0.016967119999999995,2021,4.666666527777778
ETCUSDT,2021-03-14 16:00:00.000,2021-03-16 08:00:00.008,5,40.00000222222222,160.39998,0.0028221099999999996,-0.0021778900000000005,2021,1.6666667592592592
ETCUSDT,2021-04-01 16:00:00.004,2021-04-04 00:00:00.000,7,55.99999888888889,107.0329910149631,0.00786135,0.0028613499999999995,2021,2.333333287037037
ETCUSDT,2021-04-11 00:00:00.004,2021-04-14 16:00:00.012,11,88.00000222222222,138.144105,0.01518796,0.01018796,2021,3.6666667592592592
ETCUSDT,2021-04-16 00:00:00.008,2021-04-16 08:00:00.000,1,7.999997777777778,197.76357,0.0001,-0.0049,2021,0.3333332407407407
ETCUSDT,2021-04-17 16:00:00.001,2021-04-18 08:00:00.004,2,16.00000083333333,253.28883000000002,0.00130305,-0.00369695,2021,0.6666667013888888
ETCUSDT,2021-05-10 08:00:00.000,2021-05-11 00:00:00.000,2,16.0,160.8281473372427,0.00123226,-0.0037677400000000003,2021,0.6666666666666666
ETHFIUSDT,2024-03-29 00:00:00.000,2024-04-01 20:00:00.000,23,92.0,170.66232000000002,0.010621499999999999,0.005621499999999999,2024,3.8333333333333335
ETHUSDT,2020-01-29 08:00:00.000,2020-02-02 08:00:00.000,12,96.0,116.2123540351512,0.00769788,0.0026978799999999997,2020,4.0
ETHUSDT,2020-02-10 08:00:00.000,2020-02-18 00:00:00.000,23,184.0,211.82118,0.030531700000000002,0.0255317,2020,7.666666666666667
ETHUSDT,2020-07-28 08:00:00.001,2020-08-08 00:00:00.000,32,255.9999997222222,132.41397,0.020445019999999998,0.015445019999999997,2020,10.666666655092593
ETHUSDT,2020-08-14 16:00:00.000,2020-08-19 08:00:00.000,14,112.0,135.89169,0.01033902,0.005339020000000001,2020,4.666666666666667
ETHUSDT,2021-01-04 08:00:00.000,2021-01-12 00:00:00.000,23,184.0,410.625,0.03091576,0.02591576,2021,7.666666666666667
ETHUSDT,2021-01-19 08:00:00.005,2021-01-22 00:00:00.012,8,64.00000194444445,216.79029,0.00633232,0.0013323199999999997,2021,2.6666667476851855
ETHUSDT,2021-02-03 00:00:00.009,2021-02-08 00:00:00.000,15,119.99999749999999,166.36882500000002,0.018617800000000004,0.013617800000000003,2021,4.999999895833333
ETHUSDT,2021-02-09 08:00:00.006,2021-02-15 08:00:00.006,18,144.0,211.6799543999937,0.02219324,0.01719324,2021,6.0
ETHUSDT,2021-02-16 16:00:00.010,2021-02-23 00:00:00.000,19,151.99999722222222,125.312895,0.02281817,0.017818169999999998,2021,6.3333332175925925
ETHUSDT,2021-03-14 08:00:00.000,2021-03-15 16:00:00.030,4,32.000008333333334,114.75604383043341,0.00284909,-0.0021509100000000002,2021,1.3333336805555556
ETHUSDT,2021-04-14 00:00:00.008,2021-04-18 08:00:00.004,13,103.99999888888888,167.27438999999998,0.013313289999999997,0.008313289999999997,2021,4.3333332870370365
FETUSDT,2024-03-02 16:00:00.000,2024-03-16 08:00:00.000,41,328.0,105.9806736798845,0.03481527000000001,0.02981527000000001,2024,13.666666666666666
FILUSDT,2021-01-07 08:00:00.000,2021-01-08 08:00:00.000,3,24.0,209.66079595922125,0.00357424,-0.0014257600000000003,2021,1.0
FILUSDT,2021-01-10 00:00:00.000,2021-01-11 08:00:00.012,4,32.00000333333333,267.025605,0.004993149999999999,-6.8500000000009525e-06,2021,1.333333472222222
FILUSDT,2021-01-19 08:00:00.005,2021-01-22 00:00:00.012,8,64.00000194444445,247.153545,0.007761720000000001,0.0027617200000000005,2021,2.6666667476851855
FILUSDT,2021-01-31 16:00:00.000,2021-02-15 08:00:00.006,44,352.00000166666666,136.308885,0.08287681999999999,0.07787681999999999,2021,14.666666736111111
FILUSDT,2021-02-16 08:00:00.000,2021-02-21 00:00:00.007,14,112.00000194444443,159.54369553971165,0.028967869999999996,0.023967869999999995,2021,4.666666747685185
FILUSDT,2021-03-14 08:00:00.000,2021-03-16 08:00:00.008,6,48.00000222222222,129.64804951835222,0.0037041899999999996,-0.0012958100000000005,2021,2.0000000925925927
FILUSDT,2021-04-03 00:00:00.003,2021-04-04 00:00:00.000,3,23.99999916666667,121.195695,0.004060810000000001,-0.0009391899999999995,2021,0.9999999652777779
FILUSDT,2021-04-06 08:00:00.000,2021-04-08 08:00:00.003,6,48.00000083333333,200.27666454050853,0.00427487,-0.00072513,2021,2.000000034722222
FILUSDT,2021-04-12 00:00:00.001,2021-04-13 00:00:00.003,3,24.000000555555555,127.41201,0.00339619,-0.0016038100000000002,2021,1.000000023148148
FILUSDT,2021-04-14 08:00:00.000,2021-04-18 08:00:00.004,12,96.00000111111112,319.80469383463713,0.01408929,0.00908929,2021,4.000000046296297
FILUSDT,2024-03-03 00:00:00.000,2024-03-06 00:00:00.000,9,72.0,115.87728,0.00701926,0.00201926,2024,3.0
FLOWUSDT,2026-01-03 23:00:00.012,2026-01-04 00:00:00.000,1,0.9999966666666666,128.30732794983126,-0.00037367,-0.0053736700000000005,2026,0.041666527777777775
FLOWUSDT,2026-01-15 01:00:00.000,2026-01-15 06:00:00.000,5,5.0,154.88556,0.0010208099999999998,-0.0039791900000000005,2026,0.20833333333333334
FLOWUSDT,2026-01-15 16:00:00.002,2026-01-15 17:00:00.001,1,0.9999997222222222,241.916025602208,1.25e-05,-0.0049875,2026,0.04166665509259259
FLOWUSDT,2026-01-16 05:00:00.006,2026-01-16 08:00:00.000,3,2.9999983333333335,292.1980730032117,0.0018995199999999998,-0.00310048,2026,0.12499993055555557
FLOWUSDT,2026-01-16 11:00:00.006,2026-01-16 17:00:00.008,6,6.000000555555555,462.37830936948444,0.0013213199999999997,-0.00367868,2026,0.2500000231481481
FLOWUSDT,2026-01-25 08:00:00.011,2026-01-25 12:00:00.000,1,3.9999969444444443,372.16393570810465,5e-05,-0.00495,2026,0.16666653935185186
FLOWUSDT,2026-02-03 00:00:00.000,2026-02-03 12:00:00.006,3,12.000001666666668,151.00269,0.0007218900000000001,-0.00427811,2026,0.5000000694444445
FORMUSDT,2025-10-08 12:00:00.003,2025-10-09 04:00:00.003,4,16.0,185.18643858050802,0.00171957,-0.00328043,2025,0.6666666666666666
GALAUSDT,2024-03-03 00:00:00.000,2024-03-06 00:00:00.000,9,72.0,111.999885,0.00660229,0.0016022900000000001,2024,3.0
GASUSDT,2023-11-02 04:00:00.000,2023-11-02 16:00:00.000,3,12.0,153.71173067442575,9.612e-05,-0.00490388,2023,0.5
GASUSDT,2023-12-26 00:00:00.000,2023-12-26 20:00:00.000,5,20.0,110.28182999999999,0.00161592,-0.0033840800000000002,2023,0.8333333333333334
GASUSDT,2024-02-29 12:00:00.000,2024-03-06 04:00:00.000,34,136.0,154.61619,0.01738504,0.01238504,2024,5.666666666666667
GASUSDT,2024-03-08 08:00:00.000,2024-03-14 08:00:00.000,36,144.0,100.46406000000002,0.015002890000000001,0.01000289,2024,6.0
GENIUSUSDT,2026-04-23 16:00:00.004,2026-04-24 08:00:00.000,4,15.99999888888889,116.79485755698397,0.0031890300000000002,-0.0018109699999999999,2026,0.6666666203703704
GENIUSUSDT,2026-04-24 20:00:00.003,2026-04-25 04:00:00.005,2,8.000000555555555,117.50880551899886,0.00034913999999999995,-0.00465086,2026,0.3333333564814815
GENIUSUSDT,2026-05-01 04:00:00.003,2026-05-04 16:00:00.003,21,84.0,135.4098617896121,0.0099077,0.0049077,2026,3.5
GIGGLEUSDT,2025-10-09 20:00:00.010,2025-10-11 12:00:00.003,10,39.99999805555555,405.38842848025797,0.02106597,0.01606597,2025,1.666666585648148
GIGGLEUSDT,2025-10-12 08:00:00.002,2025-10-13 08:00:00.002,6,24.0,223.16536450240525,0.0038232400000000003,-0.0011767599999999998,2025,1.0
GIGGLEUSDT,2025-10-15 12:00:00.005,2025-10-15 16:00:00.000,1,3.999998611111111,116.67003569374255,8.85e-05,-0.0049115,2025,0.1666666087962963
GIGGLEUSDT,2025-10-18 08:00:00.002,2025-10-18 12:00:00.007,1,4.000001388888888,170.10603637416165,5e-05,-0.00495,2025,0.16666672453703701
GIGGLEUSDT,2025-10-19 08:00:00.001,2025-10-20 12:00:00.000,7,27.99999972222222,168.63874828897585,0.004862920000000001,-0.0001370799999999995,2025,1.1666666550925926
GIGGLEUSDT,2025-10-23 04:00:00.000,2025-10-24 04:00:00.002,6,24.000000555555555,137.7072,0.00226897,-0.00273103,2025,1.000000023148148
GIGGLEUSDT,2025-10-25 08:00:00.001,2025-10-25 12:00:00.000,1,3.9999997222222223,106.13834262928177,9.356e-05,-0.00490644,2025,0.1666666550925926
GLMRUSDT,2024-03-02 16:00:00.000,2024-03-06 00:00:00.000,10,80.0,112.08967889200274,0.00980546,0.00480546,2024,3.3333333333333335
GLMUSDT,2024-02-29 16:00:00.000,2024-03-03 08:00:00.000,16,64.0,118.78559999999997,0.00921354,0.004213539999999999,2024,2.6666666666666665
GLMUSDT,2024-03-04 04:00:00.001,2024-03-06 00:00:00.000,11,43.99999972222223,190.02628680373007,0.006313849999999999,0.0013138499999999992,2024,1.8333333217592596
GLMUSDT,2024-03-09 20:00:00.000,2024-03-15 12:00:00.000,34,136.0,165.80709,0.01284372,0.007843719999999998,2024,5.666666666666667
GMTUSDT,2024-03-03 00:00:00.000,2024-03-06 00:00:00.000,9,72.0,117.98844,0.007062649999999999,0.002062649999999999,2024,3.0
GMXUSDT,2024-03-03 08:00:00.000,2024-03-06 00:00:00.000,8,64.0,111.26842500000001,0.006819690000000001,0.0018196900000000005,2024,2.6666666666666665
GRTUSDT,2021-01-04 08:00:00.000,2021-01-04 16:00:00.000,1,8.0,421.157805,0.0001289,-0.0048711,2021,0.3333333333333333
GRTUSDT,2021-01-07 08:00:00.000,2021-01-08 08:00:00.000,3,24.0,340.4432477466227,0.00415365,-0.00084635,2021,1.0
GRTUSDT,2021-01-10 08:00:00.005,2021-01-11 08:00:00.012,3,24.000001944444445,395.07271499999996,0.00050653,-0.00449347,2021,1.0000000810185186
GRTUSDT,2021-02-03 08:00:00.006,2021-02-06 00:00:00.008,8,64.00000055555556,217.78238268566486,0.016642189999999998,0.011642189999999997,2021,2.666666689814815
GRTUSDT,2021-02-09 16:00:00.007,2021-02-11 00:00:00.000,4,31.999998055555555,264.279345,0.00770339,0.00270339,2021,1.3333332523148147
GRTUSDT,2021-02-13 16:00:00.000,2021-02-15 08:00:00.006,5,40.00000166666666,172.02999291979094,0.01172226,0.00672226,2021,1.666666736111111
GRTUSDT,2021-02-18 08:00:00.000,2021-02-21 00:00:00.007,8,64.00000194444445,336.7947653311522,0.02090698,0.015906979999999998,2021,2.6666667476851855
GRTUSDT,2021-03-12 08:00:00.005,2021-03-13 08:00:00.002,3,23.99999916666667,134.25576,0.001094,-0.003906,2021,0.9999999652777779
GRTUSDT,2021-03-14 16:00:00.000,2021-03-23 00:00:00.000,25,200.0,165.558525,0.030570579999999997,0.025570579999999996,2021,8.333333333333334
GRTUSDT,2021-03-31 00:00:00.000,2021-04-18 08:00:00.004,55,440.0000011111111,170.05131590455957,0.0914837,0.0864837,2021,18.33333337962963
GRTUSDT,2021-05-06 16:00:00.000,2021-05-11 00:00:00.000,13,104.0,176.05739111310385,0.0100062,0.0050062,2021,4.333333333333333
GTCUSDT,2021-09-05 00:00:00.002,2021-09-07 16:00:00.001,8,63.99999972222223,109.74859167500493,0.0020192499999999993,-0.0029807500000000008,2021,2.666666655092593
GTCUSDT,2024-03-10 08:00:00.000,2024-03-15 16:00:00.000,16,128.0,120.13573499999998,0.009405670000000001,0.004405670000000001,2024,5.333333333333333
GTCUSDT,2026-07-21 00:00:00.001,2026-07-21 08:00:00.000,1,7.999999722222222,110.67056652818404,0.0001,-0.0049,2026,0.3333333217592593
HBARUSDT,2021-03-18 16:00:00.000,2021-03-19 00:00:00.011,1,8.000003055555554,193.15033499999998,0.0001,-0.0049,2021,0.3333334606481481
HBARUSDT,2021-03-30 08:00:00.012,2021-04-04 00:00:00.000,14,111.99999666666668,164.5150242739634,0.0289958,0.023995799999999998,2021,4.666666527777778
HBARUSDT,2021-04-06 00:00:00.010,2021-04-07 16:00:00.004,5,39.99999833333334,285.6198,0.0064683499999999994,0.0014683499999999993,2021,1.6666665972222223
HBARUSDT,2021-04-09 16:00:00.004,2021-04-18 08:00:00.004,26,208.0,102.81064500000001,0.04815908000000001,0.04315908000000001,2021,8.666666666666666
HBARUSDT,2021-05-02 00:00:00.010,2021-05-02 16:00:00.007,2,15.999999166666667,125.97318,0.0005314499999999999,-0.00446855,2021,0.6666666319444444
HBARUSDT,2021-05-06 16:00:00.000,2021-05-11 00:00:00.000,13,104.0,184.42647640369708,0.007643339999999999,0.0026433399999999992,2021,4.333333333333333
HEMIUSDT,2025-08-29 16:00:00.005,2025-08-30 20:00:00.000,7,27.99999861111111,306.33949636788066,0.00497275,-2.7250000000000364e-05,2025,1.1666666087962962
HEMIUSDT,2025-09-18 00:00:00.006,2025-09-18 20:00:00.008,5,20.000000555555555,366.9540571024762,0.00514849,0.00014849000000000025,2025,0.8333333564814814
HEMIUSDT,2025-09-22 00:00:00.005,2025-09-23 08:00:00.001,8,31.99999888888889,322.52118801347643,0.0033406599999999996,-0.0016593400000000005,2025,1.3333332870370371
HOTUSDT,2021-03-31 08:00:00.000,2021-04-04 00:00:00.000,11,88.0,239.573955,0.023533799999999997,0.018533799999999996,2021,3.6666666666666665
HOTUSDT,2021-04-05 00:00:00.000,2021-04-18 08:00:00.004,40,320.0000011111111,150.0457433587463,0.07739430000000001,0.07239430000000001,2021,13.333333379629629
HOTUSDT,2021-05-02 00:00:00.010,2021-05-02 08:00:00.011,1,8.000000277777778,127.318935,0.00023821,-0.00476179,2021,0.3333333449074074
HOTUSDT,2021-05-04 00:00:00.004,2021-05-04 08:00:00.003,1,7.999999722222222,100.57807619947819,0.00025558,-0.00474442,2021,0.3333333217592593
HOTUSDT,2021-05-06 08:00:00.001,2021-05-11 00:00:00.000,14,111.99999972222223,107.79509248577031,0.01327331,0.008273309999999999,2021,4.666666655092593
HOTUSDT,2021-09-06 00:00:00.003,2021-09-07 00:00:00.004,3,24.00000027777778,123.512715,0.00167146,-0.00332854,2021,1.0000000115740741
HOTUSDT,2024-03-03 08:00:00.000,2024-03-06 00:00:00.000,8,64.0,109.56789,0.005832050000000001,0.0008320500000000008,2024,2.6666666666666665
ICPUSDT,2021-09-06 00:00:00.003,2021-09-07 00:00:00.004,3,24.00000027777778,108.82767,0.0019091,-0.0030909,2021,1.0000000115740741
ILVUSDT,2023-12-26 00:00:00.000,2023-12-26 20:00:00.000,5,20.0,102.07151999999999,0.00160859,-0.00339141,2023,0.8333333333333334
ILVUSDT,2023-12-28 12:00:00.000,2023-12-29 04:00:00.000,4,16.0,134.03018999999998,0.0013056199999999997,-0.0036943800000000006,2023,0.6666666666666666
ILVUSDT,2024-03-02 16:00:00.000,2024-03-05 20:00:00.000,19,76.0,117.12119999999999,0.011661329999999998,0.006661329999999997,2024,3.1666666666666665
ILVUSDT,2024-03-09 08:00:00.001,2024-03-15 16:00:00.000,38,151.9999997222222,109.0181924292922,0.014752070000000006,0.009752070000000005,2024,6.333333321759259
IMXUSDT,2024-03-09 16:00:00.000,2024-03-10 20:00:00.000,7,28.0,103.2782171720984,0.0030383900000000006,-0.0019616099999999995,2024,1.1666666666666667
IMXUSDT,2024-03-12 04:00:00.000,2024-03-13 16:00:00.000,9,36.0,130.89191999999997,0.00264084,-0.00235916,2024,1.5
INJUSDT,2024-03-02 16:00:00.000,2024-03-06 00:00:00.000,10,80.0,118.49761911450065,0.00833913,0.00333913,2024,3.3333333333333335
IOSTUSDT,2020-07-08 00:00:00.000,2020-07-09 00:00:00.001,3,24.00000027777778,133.093965,0.002127,-0.002873,2020,1.0000000115740741
IOSTUSDT,2020-08-10 16:00:00.001,2020-08-19 08:00:00.000,26,207.9999997222222,214.42837500000002,0.027152029999999994,0.022152029999999993,2020,8.666666655092593
IOSTUSDT,2020-11-25 16:00:00.015,2020-11-26 08:00:00.002,2,15.999996388888889,121.613985,0.00041248,-0.00458752,2020,0.6666665162037037
IOSTUSDT,2021-01-04 08:00:00.000,2021-01-05 08:00:00.003,3,24.00000083333333,418.586745,0.0007246800000000001,-0.00427532,2021,1.0000000347222222
IOSTUSDT,2021-01-07 00:00:00.007,2021-01-08 00:00:00.000,3,23.999998055555555,146.374125,0.00218986,-0.00281014,2021,0.9999999189814814
IOSTUSDT,2021-01-31 08:00:00.000,2021-02-08 00:00:00.000,23,184.0,115.6057561267988,0.03768292,0.032682920000000004,2021,7.666666666666667
IOSTUSDT,2021-02-09 08:00:00.006,2021-02-15 08:00:00.006,18,144.0,425.5104890986791,0.050633349999999994,0.045633349999999996,2021,6.0
IOSTUSDT,2021-02-18 08:00:00.000,2021-02-22 16:00:00.000,13,104.0,236.03610834837843,0.026748299999999996,0.021748299999999995,2021,4.333333333333333
IOSTUSDT,2021-03-09 16:00:00.000,2021-03-11 08:00:00.000,5,40.0,181.04839499999997,0.00332898,-0.00167102,2021,1.6666666666666667
IOSTUSDT,2021-03-14 08:00:00.000,2021-03-22 00:00:00.007,23,184.00000194444445,120.89790117628169,0.021744709999999997,0.016744709999999996,2021,7.666666747685185
IOSTUSDT,2021-04-01 16:00:00.004,2021-04-04 00:00:00.000,7,55.99999888888889,185.61787511545575,0.0097679,0.004767899999999999,2021,2.333333287037037
IOSTUSDT,2021-04-06 08:00:00.000,2021-04-07 16:00:00.004,4,32.00000111111111,218.7241359458805,0.00304345,-0.00195655,2021,1.3333333796296296
IOSTUSDT,2021-04-10 08:00:00.005,2021-04-18 08:00:00.004,24,191.9999997222222,150.26578630537216,0.03594266,0.03094266,2021,7.999999988425926
IOSTUSDT,2024-03-03 00:00:00.000,2024-03-07 08:00:00.000,13,104.0,112.586805,0.00924048,0.0042404800000000005,2024,4.333333333333333
IOTAUSDT,2020-02-13 08:00:00.000,2020-02-14 00:00:00.000,2,16.0,245.03253850807428,0.0003876,-0.0046124,2020,0.6666666666666666
IOTAUSDT,2020-02-15 16:00:00.000,2020-02-16 00:00:00.000,1,8.0,127.759125,0.0001,-0.0049,2020,0.3333333333333333
IOTAUSDT,2020-08-15 00:00:00.000,2020-08-19 00:00:00.000,12,96.0,152.52145499999997,0.010069860000000002,0.0050698600000000016,2020,4.0
IOTAUSDT,2020-11-23 16:00:00.003,2020-11-26 08:00:00.002,8,63.99999972222223,110.93445000000001,0.009381039999999998,0.004381039999999998,2020,2.666666655092593
IOTAUSDT,2021-01-04 08:00:00.000,2021-01-11 16:00:00.000,22,176.0,446.90235000000007,0.0288883,0.023888299999999998,2021,7.333333333333333
IOTAUSDT,2021-01-17 00:00:00.009,2021-01-21 08:00:00.000,13,103.99999749999999,112.76091000000001,0.01591417,0.010914169999999997,2021,4.333333229166667
IOTAUSDT,2021-02-02 08:00:00.006,2021-02-22 16:00:00.000,61,487.99999833333334,104.05456500000001,0.15803825999999996,0.15303825999999995,2021,20.33333326388889
IOTAUSDT,2021-03-09 08:00:00.000,2021-03-23 00:00:00.000,41,328.0,189.07146,0.04555034,0.040550340000000004,2021,13.666666666666666
IOTAUSDT,2021-03-30 16:00:00.001,2021-04-18 08:00:00.004,56,448.00000083333333,160.19308618485928,0.09205348999999997,0.08705348999999997,2021,18.666666701388888
IOTAUSDT,2021-05-08 08:00:00.000,2021-05-11 00:00:00.000,8,64.0,113.66978368120493,0.0068230999999999995,0.0018230999999999994,2021,2.6666666666666665
IOTAUSDT,2021-10-16 16:00:00.003,2021-10-18 00:00:00.006,4,32.00000083333333,127.632105,0.0021765,-0.0028235,2021,1.3333333680555555
IOTXUSDT,2021-09-06 08:00:00.008,2021-09-07 16:00:00.001,4,31.999998055555555,137.61741,-0.0019486400000000002,-0.006948640000000001,2021,1.3333332523148147
JOEUSDT,2024-03-02 16:00:00.000,2024-03-06 00:00:00.000,10,80.0,109.56679880440274,0.00858872,0.0035887199999999992,2024,3.3333333333333335
JOEUSDT,2024-03-10 00:00:00.000,2024-03-15 16:00:00.000,17,136.0,121.05444000000001,0.01291932,0.00791932,2024,5.666666666666667
JTOUSDT,2023-12-09 00:00:00.000,2023-12-10 16:00:00.000,10,40.0,189.88613999999998,0.00515882,0.00015881999999999962,2023,1.6666666666666667
JTOUSDT,2023-12-24 20:00:00.000,2023-12-26 20:00:00.000,12,48.0,126.09582000000002,0.004696039999999999,-0.0003039600000000007,2023,2.0
JTOUSDT,2023-12-28 00:00:00.000,2024-01-01 00:00:00.000,24,96.0,105.56676,0.008715699999999998,0.003715699999999998,2023,4.0
JTOUSDT,2024-03-02 08:00:00.001,2024-03-04 16:00:00.000,14,55.99999972222223,184.52282999999997,0.007011769999999999,0.0020117699999999987,2024,2.3333333217592593
JTOUSDT,2024-03-05 04:00:00.000,2024-03-05 20:00:00.000,4,16.0,156.24555,0.00303279,-0.00196721,2024,0.6666666666666666
JTOUSDT,2024-03-09 16:00:00.000,2024-03-16 04:00:00.000,39,156.0,114.33114793966304,0.015119010000000002,0.010119010000000001,2024,6.5
JUPUSDT,2024-02-28 08:00:00.000,2024-02-28 20:00:00.000,3,12.0,102.54236999999999,0.00118764,-0.00381236,2024,0.5
JUPUSDT,2024-03-02 04:00:00.001,2024-03-05 20:00:00.000,22,87.99999972222223,195.4793864250426,0.01160144,0.006601439999999999,2024,3.666666655092593
JUPUSDT,2024-03-09 16:00:00.000,2024-03-10 20:00:00.000,7,28.0,121.66326844883808,0.0024335000000000003,-0.0025664999999999998,2024,1.1666666666666667
JUPUSDT,2024-03-14 12:00:00.000,2024-03-15 16:00:00.000,7,28.0,124.56501,0.0026104,-0.0023896,2024,1.1666666666666667
JUPUSDT,2024-03-30 08:00:00.000,2024-04-02 08:00:00.015,18,72.00000416666667,123.76128,0.00731554,0.0023155399999999996,2024,3.0000001736111113
KAVAUSDT,2020-08-06 00:00:00.000,2020-08-12 08:00:00.000,19,152.0,150.24495,0.02802576,0.02302576,2020,6.333333333333333
KAVAUSDT,2020-08-13 08:00:00.000,2020-08-16 16:00:00.000,10,80.0,232.23856612767824,0.017891579999999997,0.012891579999999996,2020,3.3333333333333335
KAVAUSDT,2020-08-17 16:00:00.000,2020-08-19 08:00:00.000,5,40.0,193.33101000000002,0.00390091,-0.00109909,2020,1.6666666666666667
KAVAUSDT,2020-08-30 16:00:00.000,2020-09-02 16:00:00.000,9,72.0,103.05045000000001,0.011872299999999999,0.006872299999999999,2020,3.0
KAVAUSDT,2021-01-04 08:00:00.000,2021-01-05 00:00:00.020,2,16.000005555555553,293.55854999999997,0.00062185,-0.00437815,2021,0.6666668981481481
KAVAUSDT,2021-01-06 16:00:00.000,2021-01-08 08:00:00.000,5,40.0,388.22791044040736,0.01007436,0.005074359999999999,2021,1.6666666666666667
KAVAUSDT,2021-01-10 08:00:00.005,2021-01-11 00:00:00.000,2,15.999998611111112,280.90911,0.0011126299999999999,-0.0038873700000000002,2021,0.6666666087962964
KAVAUSDT,2021-01-19 08:00:00.005,2021-01-20 08:00:00.001,3,23.99999888888889,227.09095500000004,0.0029663099999999998,-0.0020336900000000003,2021,0.9999999537037038
KAVAUSDT,2021-01-30 00:00:00.000,2021-02-02 08:00:00.006,10,80.00000166666666,139.8972,0.01147338,0.00647338,2021,3.3333334027777775
KAVAUSDT,2021-02-03 08:00:00.006,2021-02-06 08:00:00.009,9,72.00000083333333,297.9637660378923,0.01671699,0.01171699,2021,3.000000034722222
KAVAUSDT,2021-02-07 08:00:00.005,2021-02-08 00:00:00.000,2,15.999998611111112,126.49659,0.00181989,-0.00318011,2021,0.6666666087962964
KAVAUSDT,2021-02-09 00:00:00.010,2021-02-15 08:00:00.006,19,151.9999988888889,148.74042,0.05391134000000001,0.04891134000000001,2021,6.333333287037038
KAVAUSDT,2021-02-18 08:00:00.000,2021-02-22 00:00:00.006,11,88.00000166666666,208.08950670396112,0.02572063,0.02072063,2021,3.666666736111111
KAVAUSDT,2021-03-09 16:00:00.000,2021-03-11 16:00:00.014,6,48.00000388888889,213.335565,0.00455252,-0.0004474800000000001,2021,2.000000162037037
KAVAUSDT,2021-03-14 08:00:00.000,2021-03-16 16:00:00.012,7,56.00000333333333,176.09577725880382,0.006993340000000001,0.0019933400000000006,2021,2.3333334722222223
KAVAUSDT,2021-03-18 08:00:00.000,2021-03-23 08:00:00.010,15,120.00000277777778,189.43172157749032,0.019652209999999996,0.014652209999999995,2021,5.0000001157407405
KAVAUSDT,2021-03-30 08:00:00.012,2021-03-31 16:00:00.000,4,31.999996666666664,208.93808852876847,0.00318419,-0.0018158100000000002,2021,1.3333331944444444
KAVAUSDT,2021-04-01 16:00:00.004,2021-04-07 16:00:00.004,18,144.0,123.61020004414584,0.027288800000000002,0.0222888,2021,6.0
KAVAUSDT,2021-04-10 00:00:00.011,2021-04-18 08:00:00.004,25,199.99999805555555,129.40052999999997,0.04805715000000001,0.04305715000000001,2021,8.333333252314814
KAVAUSDT,2021-09-06 08:00:00.008,2021-09-06 16:00:00.009,1,8.000000277777778,140.371335,0.00026238,-0.00473762,2021,0.3333333449074074
KITEUSDT,2026-02-01 12:00:00.004,2026-02-01 20:00:00.004,2,8.0,107.66915999999999,0.00026398,-0.0047360200000000005,2026,0.3333333333333333
KNCUSDT,2020-07-26 00:00:00.000,2020-07-27 00:00:00.000,3,24.0,302.04042000000004,0.0033973899999999997,-0.0016026100000000004,2020,1.0
KNCUSDT,2020-07-30 00:00:00.000,2020-08-02 16:00:00.001,11,88.00000027777777,157.039425,0.016792249999999998,0.011792249999999997,2020,3.6666666782407407
KNCUSDT,2020-08-06 08:00:00.007,2020-08-07 08:00:00.000,3,23.999998055555555,139.46467500000003,0.00196824,-0.00303176,2020,0.9999999189814814
KNCUSDT,2020-08-10 08:00:00.000,2020-08-12 00:00:00.000,5,40.0,146.13213507403248,0.0071678,0.0021678,2020,1.6666666666666667
KNCUSDT,2020-08-13 16:00:00.000,2020-08-17 16:00:00.000,12,96.0,188.505345,0.02380262,0.01880262,2020,4.0
KNCUSDT,2021-01-04 08:00:00.000,2021-01-04 16:00:00.000,1,8.0,200.37405,0.00021816,-0.00478184,2021,0.3333333333333333
KNCUSDT,2021-02-03 08:00:00.006,2021-02-15 08:00:00.006,36,288.0,181.40976389685042,0.06539528,0.06039528,2021,12.0
KNCUSDT,2021-02-18 08:00:00.000,2021-02-22 00:00:00.006,11,88.00000166666666,217.68937570390653,0.01731342,0.012313419999999999,2021,3.666666736111111
KNCUSDT,2021-03-18 08:00:00.000,2021-03-23 08:00:00.010,15,120.00000277777778,124.72050433057306,0.01099461,0.00599461,2021,5.0000001157407405
KNCUSDT,2021-04-01 16:00:00.004,2021-04-08 00:00:00.013,19,152.0000025,161.57495427169027,0.022965029999999997,0.017965029999999996,2021,6.333333437499999
KNCUSDT,2021-04-11 00:00:00.004,2021-04-18 08:00:00.004,22,176.0,176.12198999999998,0.03530088,0.03030088,2021,7.333333333333333
KNCUSDT,2024-03-03 00:00:00.000,2024-03-06 00:00:00.000,9,72.0,123.893775,0.006060810000000001,0.0010608100000000006,2024,3.0
KSMUSDT,2020-11-22 08:00:00.000,2020-11-26 08:00:00.002,12,96.00000055555554,102.92673286922447,0.013366429999999999,0.008366429999999998,2020,4.000000023148147
KSMUSDT,2021-01-04 08:00:00.000,2021-01-05 00:00:00.020,2,16.000005555555553,314.64058500000004,0.0008219499999999999,-0.00417805,2021,0.6666668981481481
KSMUSDT,2021-01-07 00:00:00.007,2021-01-08 08:00:00.000,4,31.999998055555555,172.636605,0.00719111,0.0021911099999999996,2021,1.3333332523148147
KSMUSDT,2021-01-10 08:00:00.005,2021-01-10 16:00:00.000,1,7.999998611111111,286.80678,0.0001,-0.0049,2021,0.33333327546296293
KSMUSDT,2021-01-30 00:00:00.000,2021-02-15 08:00:00.006,49,392.00000166666666,127.19300999999999,0.09749534000000001,0.09249534000000001,2021,16.33333340277778
KSMUSDT,2021-02-18 16:00:00.009,2021-02-22 16:00:00.000,12,95.99999749999999,135.003645,0.021795969999999998,0.016795969999999997,2021,3.999999895833333
KSMUSDT,2021-03-10 00:00:00.009,2021-03-12 16:00:00.011,8,64.00000055555556,134.171445,0.00521431,0.00021430999999999967,2021,2.666666689814815
KSMUSDT,2021-03-14 08:00:00.000,2021-03-16 00:00:00.005,5,40.00000138888889,126.7605334154815,0.00384838,-0.00115162,2021,1.666666724537037
KSMUSDT,2021-03-31 00:00:00.000,2021-04-07 16:00:00.004,23,184.0000011111111,132.93409961576734,0.04233077000000002,0.03733077000000002,2021,7.666666712962962
KSMUSDT,2021-04-11 00:00:00.004,2021-04-14 16:00:00.012,11,88.00000222222222,156.03092999999998,0.020038,0.015038,2021,3.6666667592592592
LDOUSDT,2024-03-03 00:00:00.000,2024-03-06 00:00:00.000,9,72.0,109.82083499999999,0.0074819199999999995,0.0024819199999999994,2024,3.0
LINKUSDT,2020-01-23 16:00:00.000,2020-01-24 16:00:00.001,3,24.00000027777778,242.76697499999997,0.0019323600000000002,-0.00306764,2020,1.0000000115740741
LINKUSDT,2020-02-01 08:00:00.000,2020-02-02 00:00:00.000,2,16.0,189.5664,0.00048394,-0.0045160600000000006,2020,0.6666666666666666
LINKUSDT,2020-02-07 00:00:00.000,2020-02-07 16:00:00.001,2,16.000000277777776,259.389075,0.00207412,-0.00292588,2020,0.6666666782407407
LINKUSDT,2020-02-10 00:00:00.000,2020-02-11 16:00:00.000,5,40.0,248.76647999999997,0.004478739999999999,-0.0005212600000000008,2020,1.6666666666666667
LINKUSDT,2020-02-12 16:00:00.000,2020-02-16 00:00:00.000,10,80.0,114.05082396009804,0.014930210000000001,0.009930210000000002,2020,3.3333333333333335
LINKUSDT,2020-11-23 16:00:00.003,2020-11-26 08:00:00.002,8,63.99999972222223,162.608595,0.005575300000000001,0.0005753000000000008,2020,2.666666655092593
LINKUSDT,2021-01-04 08:00:00.000,2021-01-08 08:00:00.000,12,96.0,460.85593500000004,0.01379572,0.00879572,2021,4.0
LINKUSDT,2021-01-10 08:00:00.005,2021-01-11 08:00:00.012,3,24.000001944444445,191.260365,0.00147371,-0.00352629,2021,1.0000000810185186
LINKUSDT,2021-01-31 08:00:00.000,2021-02-15 08:00:00.006,45,360.00000166666666,194.71515084848463,0.06924369000000001,0.06424369,2021,15.000000069444445
LINKUSDT,2021-02-18 00:00:00.012,2021-02-21 08:00:00.012,10,80.0,257.15198999999996,0.018370309999999997,0.013370309999999996,2021,3.3333333333333335
LINKUSDT,2021-04-01 16:00:00.004,2021-04-18 08:00:00.004,50,400.0,144.69333516851896,0.06948459000000003,0.06448459000000002,2021,16.666666666666668
LINKUSDT,2021-05-06 00:00:00.003,2021-05-07 00:00:00.000,3,23.99999916666667,101.05974,0.0022159999999999997,-0.0027840000000000005,2021,0.9999999652777779
LPTUSDT,2023-12-28 16:00:00.000,2023-12-31 04:00:00.001,15,60.00000027777777,104.64696,0.004746610000000001,-0.00025338999999999917,2023,2.5000000115740737
LPTUSDT,2024-02-29 20:00:00.000,2024-03-01 00:00:00.000,1,4.0,119.86308000000001,5e-05,-0.00495,2024,0.16666666666666666
LPTUSDT,2024-03-02 12:00:00.000,2024-03-06 00:00:00.000,21,84.0,164.60917143119246,0.01111673,0.00611673,2024,3.5
LPTUSDT,2024-03-09 20:00:00.000,2024-03-14 08:00:00.000,27,108.0,142.81866,0.01011171,0.005111709999999999,2024,4.5
LSKUSDT,2024-03-02 08:00:00.001,2024-03-05 04:00:00.000,17,67.99999972222223,250.9521,0.007916259999999998,0.0029162599999999978,2024,2.8333333217592593
LSKUSDT,2024-03-05 20:00:00.000,2024-03-06 00:00:00.000,1,4.0,139.89282,5e-05,-0.00495,2024,0.16666666666666666
LSKUSDT,2024-03-09 04:00:00.000,2024-03-13 04:00:00.000,24,96.0,122.00052000000001,0.011632830000000002,0.006632830000000002,2024,4.0
LTCUSDT,2020-02-10 08:00:00.000,2020-02-17 00:00:00.000,20,160.0,136.558545,0.02933355,0.02433355,2020,6.666666666666667
LTCUSDT,2020-07-27 00:00:00.000,2020-08-08 00:00:00.000,36,288.0,103.336245,0.027188790000000004,0.022188790000000003,2020,12.0
LTCUSDT,2020-08-17 16:00:00.000,2020-08-21 08:00:00.000,11,88.0,212.45847000000003,0.00689838,0.0018983799999999999,2020,3.6666666666666665
LTCUSDT,2020-09-02 00:00:00.000,2020-09-02 16:00:00.000,2,16.0,124.20366,0.0011235099999999999,-0.0038764900000000002,2020,0.6666666666666666
LTCUSDT,2020-11-23 16:00:00.003,2020-11-26 08:00:00.002,8,63.99999972222223,177.875085,0.00617431,0.0011743099999999996,2020,2.666666655092593
LTCUSDT,2021-01-04 00:00:00.000,2021-01-11 08:00:00.012,22,176.00000333333332,286.2472548782816,0.027197089999999997,0.022197089999999996,2021,7.333333472222222
LTCUSDT,2021-01-19 08:00:00.005,2021-01-21 16:00:00.004,7,55.99999972222223,161.91108,0.0043506000000000005,-0.0006493999999999996,2021,2.3333333217592593
LTCUSDT,2021-02-03 08:00:00.006,2021-02-15 08:00:00.006,36,288.0,212.45958713120697,0.06053364,0.05553364,2021,12.0
LTCUSDT,2021-02-18 08:00:00.000,2021-02-22 16:00:00.000,13,104.0,247.05290793871166,0.01887712,0.01387712,2021,4.333333333333333
LTCUSDT,2021-04-01 16:00:00.004,2021-04-18 08:00:00.004,50,400.0,150.14643649392553,0.07272636000000003,0.06772636000000003,2021,16.666666666666668
LTCUSDT,2021-05-06 16:00:00.000,2021-05-07 00:00:00.000,1,8.0,158.3479554981929,0.00022709,-0.00477291,2021,0.3333333333333333
LTCUSDT,2021-05-09 00:00:00.005,2021-05-11 00:00:00.000,6,47.99999861111111,119.57180999999999,0.00353232,-0.0014676800000000003,2021,1.9999999421296295
MANAUSDT,2021-03-18 08:00:00.000,2021-03-19 00:00:00.011,2,16.000003055555556,183.21869136176014,0.00240472,-0.00259528,2021,0.6666667939814815
MANAUSDT,2021-03-20 00:00:00.000,2021-03-23 00:00:00.000,9,72.0,184.561155,0.0093013,0.0043013,2021,3.0
MANAUSDT,2021-03-29 08:00:00.000,2021-04-04 00:00:00.000,17,136.0,116.3645671213091,0.029656909999999998,0.024656909999999997,2021,5.666666666666667
MANAUSDT,2021-04-06 08:00:00.000,2021-04-07 16:00:00.004,4,32.00000111111111,276.8916511429344,0.0036114,-0.0013886000000000003,2021,1.3333333796296296
MANAUSDT,2021-04-11 00:00:00.004,2021-04-18 08:00:00.004,22,176.0,134.05866,0.03947797,0.034477970000000004,2021,7.333333333333333
MANAUSDT,2021-05-04 00:00:00.004,2021-05-04 08:00:00.003,1,7.999999722222222,122.43978080386984,0.00025116,-0.00474884,2021,0.3333333217592593
MANAUSDT,2021-09-05 08:00:00.002,2021-09-06 16:00:00.009,4,32.00000194444444,108.87475500000001,0.0036254600000000005,-0.0013745399999999996,2021,1.3333334143518518
MANTAUSDT,2024-02-27 04:00:00.000,2024-02-28 20:00:00.000,10,40.0,254.84591999999998,0.00463024,-0.00036976000000000023,2024,1.6666666666666667
MANTAUSDT,2024-03-02 08:00:00.001,2024-03-05 20:00:00.000,21,83.99999972222223,155.55789,0.011361659999999999,0.006361659999999999,2024,3.4999999884259263
MANTAUSDT,2024-03-09 20:00:00.000,2024-03-15 12:00:00.000,34,136.0,104.20677,0.01325679,0.00825679,2024,5.666666666666667
MARSCOINUSDT,2026-09-03 12:00:00.002,2026-09-03 20:00:00.000,2,7.999999444444445,122.30272301351069,0.00067597,-0.00432403,2026,0.3333333101851852
MARSCOINUSDT,2026-09-05 04:00:00.001,2026-09-06 12:00:00.001,8,32.0,115.59695197243389,0.00285554,-0.00214446,2026,1.3333333333333333
MASKUSDT,2021-09-05 00:00:00.002,2021-09-07 00:00:00.004,6,48.00000055555556,160.88181910321993,0.004737989999999999,-0.0002620100000000009,2021,2.0000000231481483
MASKUSDT,2024-03-03 00:00:00.000,2024-03-06 00:00:00.000,9,72.0,110.926785,0.00744389,0.0024438899999999998,2024,3.0
MEMEUSDT,2023-12-26 00:00:00.000,2023-12-26 08:00:00.000,2,8.0,114.97937999999999,0.00060752,-0.00439248,2023,0.3333333333333333
MEMEUSDT,2023-12-28 12:00:00.000,2023-12-30 12:00:00.000,12,48.0,121.31286000000001,0.00368,-0.00132,2023,2.0
MEMEUSDT,2024-03-02 08:00:00.001,2024-03-06 00:00:00.000,22,87.99999972222223,118.22058,0.013016750000000002,0.008016750000000003,2024,3.666666655092593
MEMEUSDT,2024-03-09 12:00:00.001,2024-03-15 12:00:00.000,36,143.9999997222222,148.73604,0.015403330000000002,0.010403330000000002,2024,5.999999988425926
METISUSDT,2024-03-12 20:00:00.000,2024-03-16 20:00:00.000,24,96.0,106.65956999999999,0.011179590000000001,0.006179590000000001,2024,4.0
METISUSDT,2024-04-01 04:00:00.000,2024-04-02 04:00:00.000,6,24.0,117.17814,0.00119947,-0.00380053,2024,1.0
METUSDT,2025-10-26 12:00:00.002,2025-10-27 12:00:00.003,6,24.00000027777778,108.69407245180052,0.00200688,-0.00299312,2025,1.0000000115740741
MINAUSDT,2024-03-03 00:00:00.000,2024-03-06 00:00:00.000,9,72.0,113.67523499999999,0.007924279999999999,0.0029242799999999987,2024,3.0
MINAUSDT,2024-03-10 00:00:00.000,2024-03-15 16:00:00.000,17,136.0,111.79731000000001,0.01241124,0.00741124,2024,5.666666666666667
MORPHOUSDT,2024-12-07 00:00:00.000,2024-12-09 16:00:00.001,16,64.00000027777777,167.39923162494662,0.00500165,1.649999999999742e-06,2024,2.6666666782407407
MOVRUSDT,2023-12-28 16:00:00.000,2023-12-29 08:00:00.000,4,16.0,132.63078,0.0009711699999999999,-0.004028830000000001,2023,0.6666666666666666
MOVRUSDT,2024-03-01 00:00:00.000,2024-03-06 04:00:00.000,31,124.0,120.86172000000002,0.015935659999999997,0.010935659999999996,2024,5.166666666666667
MOVRUSDT,2024-03-10 00:00:00.000,2024-03-15 12:00:00.000,33,132.0,119.47325999999998,0.013216670000000003,0.008216670000000002,2024,5.5
MTLUSDT,2021-04-01 16:00:00.004,2021-04-04 00:00:00.000,7,55.99999888888889,281.9362885261813,0.014880349999999997,0.009880349999999996,2021,2.333333287037037
MTLUSDT,2021-04-06 00:00:00.010,2021-04-08 08:00:00.003,7,55.99999805555555,303.95229,0.00861203,0.0036120299999999996,2021,2.3333332523148145
MTLUSDT,2021-04-13 16:00:00.008,2021-04-18 08:00:00.004,14,111.99999888888888,258.149535,0.02291492,0.017914919999999997,2021,4.66666662037037
MTLUSDT,2021-09-05 00:00:00.002,2021-09-07 16:00:00.001,8,63.99999972222223,128.83773131472637,0.0026690999999999998,-0.0023309000000000003,2021,2.666666655092593
MTLUSDT,2024-03-02 16:00:00.000,2024-03-07 08:00:00.000,14,112.0,151.85460527272937,0.011107849999999997,0.006107849999999997,2024,4.666666666666667
NEARUSDT,2021-01-04 08:00:00.000,2021-01-04 16:00:00.000,1,8.0,290.27355,0.00023088,-0.00476912,2021,0.3333333333333333
NEARUSDT,2021-01-07 00:00:00.007,2021-01-08 08:00:00.000,4,31.999998055555555,154.582245,0.00509324,9.323999999999964e-05,2021,1.3333332523148147
NEARUSDT,2021-02-03 08:00:00.006,2021-02-15 08:00:00.006,36,288.0,230.53037401358063,0.06858239000000001,0.06358239,2021,12.0
NEARUSDT,2021-02-18 08:00:00.000,2021-02-21 00:00:00.007,8,64.00000194444445,183.4574714406131,0.014060910000000001,0.009060910000000002,2021,2.6666667476851855
NEARUSDT,2021-03-31 08:00:00.000,2021-03-31 16:00:00.000,1,8.0,129.719175,0.00013823,-0.0048617700000000005,2021,0.3333333333333333
NEARUSDT,2021-04-01 16:00:00.004,2021-04-07 16:00:00.004,18,144.0,151.4889068202204,0.022348599999999996,0.017348599999999995,2021,6.0
NEARUSDT,2021-04-11 00:00:00.004,2021-04-18 08:00:00.004,22,176.0,103.57057499999999,0.03819685,0.03319685,2021,7.333333333333333
NEARUSDT,2021-09-04 16:00:00.009,2021-09-06 16:00:00.009,6,48.0,111.10855499999998,0.00518388,0.00018387999999999998,2021,2.0
NEARUSDT,2024-03-03 00:00:00.000,2024-03-06 00:00:00.000,9,72.0,100.35018,0.00640822,0.00140822,2024,3.0
NEOUSDT,2020-07-30 00:00:00.000,2020-08-03 00:00:00.000,12,96.0,118.99146,0.008802180000000001,0.0038021800000000014,2020,4.0
NEOUSDT,2020-08-10 16:00:00.001,2020-08-12 08:00:00.000,5,39.99999972222223,172.159185,0.00555984,0.0005598399999999998,2020,1.6666666550925928
NEOUSDT,2020-08-14 16:00:00.000,2020-08-18 16:00:00.000,12,96.0,382.45284,0.0130876,0.0080876,2020,4.0
NEOUSDT,2020-11-24 08:00:00.000,2020-11-26 08:00:00.002,6,48.00000055555556,238.02453,0.00412328,-0.0008767200000000001,2020,2.0000000231481483
NEOUSDT,2021-01-04 08:00:00.000,2021-01-04 16:00:00.000,1,8.0,143.509605,0.0001,-0.0049,2021,0.3333333333333333
NEOUSDT,2021-01-07 08:00:00.000,2021-01-08 08:00:00.000,3,24.0,254.79670692975515,0.00332508,-0.0016749200000000003,2021,1.0
NEOUSDT,2021-01-10 00:00:00.000,2021-01-10 16:00:00.000,2,16.0,136.85529,0.00152146,-0.00347854,2021,0.6666666666666666
NEOUSDT,2021-01-19 08:00:00.005,2021-01-20 08:00:00.001,3,23.99999888888889,277.447815,0.00353447,-0.00146553,2021,0.9999999537037038
NEOUSDT,2021-02-03 08:00:00.006,2021-02-15 08:00:00.006,36,288.0,291.94236041066256,0.08060891,0.07560891,2021,12.0
NEOUSDT,2021-02-18 08:00:00.000,2021-02-22 16:00:00.000,13,104.0,262.62819442841436,0.027300959999999992,0.02230095999999999,2021,4.333333333333333
NEOUSDT,2021-03-14 08:00:00.000,2021-03-15 16:00:00.030,4,32.000008333333334,153.27596854290465,0.00349712,-0.0015028800000000003,2021,1.3333336805555556
NEOUSDT,2021-03-18 08:00:00.000,2021-03-23 08:00:00.010,15,120.00000277777778,152.68023530139706,0.015788479999999997,0.010788479999999996,2021,5.0000001157407405
NEOUSDT,2021-03-29 00:00:00.003,2021-04-07 16:00:00.004,29,232.0000002777778,139.11756966094234,0.036373499999999996,0.0313735,2021,9.666666678240741
NEOUSDT,2021-04-11 00:00:00.004,2021-04-18 08:00:00.004,22,176.0,159.60610499999999,0.042007050000000004,0.03700705000000001,2021,7.333333333333333
NEOUSDT,2021-05-03 08:00:00.000,2021-05-11 00:00:00.000,23,184.0,111.85207165125746,0.020086629999999998,0.015086629999999997,2021,7.666666666666667
NEOUSDT,2021-09-05 00:00:00.002,2021-09-07 16:00:00.001,8,63.99999972222223,125.61952553252358,0.00464157,-0.00035842999999999986,2021,2.666666655092593
NMRUSDT,2023-12-28 12:00:00.000,2023-12-29 12:00:00.000,6,24.0,105.47040000000001,0.00134461,-0.00365539,2023,1.0
NMRUSDT,2024-03-02 00:00:00.000,2024-03-06 00:00:00.000,24,96.0,104.61192000000001,0.012701980000000002,0.0077019800000000015,2024,4.0
NMRUSDT,2024-03-10 08:00:00.000,2024-03-12 12:00:00.000,13,52.0,105.81204,0.004634270000000001,-0.000365729999999999,2024,2.1666666666666665
OGNUSDT,2021-04-02 08:00:00.000,2021-04-04 00:00:00.000,5,40.0,199.79589,0.009333089999999999,0.004333089999999999,2021,1.6666666666666667
OGNUSDT,2021-04-06 08:00:00.000,2021-04-07 08:00:00.006,3,24.000001666666666,279.49227704592954,0.00332412,-0.0016758800000000003,2021,1.0000000694444444
OGNUSDT,2021-04-09 16:00:00.004,2021-04-18 08:00:00.004,26,208.0,175.15729499999998,0.035778170000000005,0.030778170000000004,2021,8.666666666666666
OGNUSDT,2021-05-06 16:00:00.000,2021-05-11 00:00:00.000,13,104.0,213.3629474084357,0.010421799999999998,0.005421799999999998,2021,4.333333333333333
OGNUSDT,2021-09-05 00:00:00.002,2021-09-07 16:00:00.001,8,63.99999972222223,112.60873237017802,0.0015456700000000007,-0.0034543299999999994,2021,2.666666655092593
OGNUSDT,2024-03-02 16:00:00.000,2024-03-16 16:00:00.000,42,336.0,115.84114902226213,0.030565190000000006,0.025565190000000005,2024,14.0
ONDOUSDT,2024-01-23 00:00:00.000,2024-01-23 04:00:00.000,1,4.0,124.05912,5e-05,-0.00495,2024,0.16666666666666666
ONDOUSDT,2024-02-03 20:00:00.000,2024-02-04 16:00:00.000,5,20.0,127.43610884972978,0.00168992,-0.00331008,2024,0.8333333333333334
ONDOUSDT,2024-02-11 04:00:00.000,2024-02-14 04:00:00.000,18,72.0,125.71037999999999,0.00855392,0.0035539199999999995,2024,3.0
ONDOUSDT,2024-02-14 20:00:00.000,2024-02-17 00:00:00.000,13,52.0,110.10882,0.004925919999999999,-7.408000000000067e-05,2024,2.1666666666666665
ONDOUSDT,2024-02-20 12:00:00.000,2024-02-21 12:00:00.000,6,24.0,102.5139,0.0019177399999999998,-0.0030822600000000003,2024,1.0
ONDOUSDT,2024-02-23 04:00:00.001,2024-02-23 16:00:00.000,3,11.999999722222222,138.52187038042567,0.00099747,-0.00400253,2024,0.4999999884259259
ONDOUSDT,2024-02-25 16:00:00.000,2024-02-29 00:00:00.000,20,80.0,150.73990046804866,0.011612189999999998,0.006612189999999998,2024,3.3333333333333335
ONDOUSDT,2024-02-29 12:00:00.000,2024-03-05 20:00:00.000,32,128.0,171.87558,0.027379580000000008,0.022379580000000007,2024,5.333333333333333
ONDOUSDT,2024-03-07 16:00:00.000,2024-03-16 20:00:00.000,55,220.0,145.38754009635696,0.03599438999999999,0.030994389999999986,2024,9.166666666666666
ONDOUSDT,2024-03-18 20:00:00.001,2024-03-20 20:00:00.000,12,47.99999972222223,125.90529,0.00368142,-0.0013185800000000002,2024,1.999999988425926
ONDOUSDT,2024-03-22 12:00:00.000,2024-03-23 08:00:00.000,5,20.0,166.8342,0.00127693,-0.00372307,2024,0.8333333333333334
ONDOUSDT,2024-03-26 20:00:00.000,2024-03-28 00:00:00.000,7,28.0,375.36161999999996,0.0033542000000000003,-0.0016457999999999998,2024,1.1666666666666667
ONDOUSDT,2024-03-29 20:00:00.000,2024-04-01 08:00:00.000,15,60.0,216.48149999999998,0.01020127,0.00520127,2024,2.5
ONDOUSDT,2024-12-04 12:00:00.000,2024-12-08 20:00:00.000,26,104.0,190.26281999999998,0.011152800000000001,0.006152800000000001,2024,4.333333333333333
ONEUSDT,2021-03-20 00:00:00.000,2021-03-21 16:00:00.000,5,40.0,188.487825,0.005371460000000001,0.00037146000000000054,2021,1.6666666666666667
ONEUSDT,2021-03-31 00:00:00.000,2021-04-07 16:00:00.004,23,184.0000011111111,273.5112994969201,0.045593110000000006,0.04059311000000001,2021,7.666666712962962
ONEUSDT,2021-04-10 00:00:00.011,2021-04-18 08:00:00.004,25,199.99999805555555,112.93610999999999,0.0460105,0.041010500000000005,2021,8.333333252314814
ONGUSDT,2024-02-29 12:00:00.000,2024-03-06 00:00:00.000,33,132.0,114.28953,0.017729019999999998,0.012729019999999997,2024,5.5
ONGUSDT,2024-03-09 12:00:00.001,2024-03-11 16:00:00.000,13,51.99999972222223,147.12858,0.005110030000000001,0.00011003000000000054,2024,2.166666655092593
ONTUSDT,2020-02-12 08:00:00.001,2020-02-16 08:00:00.000,12,95.99999972222223,433.74045000000007,0.021205560000000002,0.01620556,2020,3.9999999884259263
ONTUSDT,2020-03-07 08:00:00.001,2020-03-07 16:00:00.000,1,7.999999722222222,121.01064,0.0001,-0.0049,2020,0.3333333217592593
ONTUSDT,2020-07-09 16:00:00.000,2020-07-10 08:00:00.001,2,16.000000277777776,102.40878711172132,0.00045171999999999996,-0.00454828,2020,0.6666666782407407
ONTUSDT,2020-07-27 00:00:00.000,2020-07-31 08:00:00.001,13,104.00000027777777,104.76741000000001,0.01749404,0.012494039999999998,2020,4.333333344907407
ONTUSDT,2020-08-08 00:00:00.000,2020-08-12 16:00:00.000,14,112.0,184.89622500000002,0.01803246,0.01303246,2020,4.666666666666667
ONTUSDT,2020-08-15 00:00:00.000,2020-08-15 08:00:00.001,1,8.000000277777778,134.486805,0.00023002,-0.00476998,2020,0.3333333449074074
ONTUSDT,2020-08-29 16:00:00.003,2020-09-01 00:00:00.000,7,55.99999916666667,115.92656707568408,0.005894750000000001,0.0008947500000000006,2020,2.333333298611111
ONTUSDT,2020-11-24 08:00:00.000,2020-11-24 16:00:00.005,1,8.000001388888888,105.493395,0.0001159,-0.0048841,2020,0.3333333912037037
ONTUSDT,2021-01-07 00:00:00.007,2021-01-08 08:00:00.000,4,31.999998055555555,122.930175,0.005002909999999999,2.909999999999198e-06,2021,1.3333332523148147
ONTUSDT,2021-01-10 00:00:00.000,2021-01-11 08:00:00.012,4,32.00000333333333,277.329555,0.00354034,-0.0014596600000000002,2021,1.333333472222222
ONTUSDT,2021-01-19 08:00:00.005,2021-01-20 16:00:00.001,4,31.99999888888889,221.58748499999996,0.00268165,-0.0023183500000000003,2021,1.3333332870370371
ONTUSDT,2021-02-03 08:00:00.006,2021-02-15 08:00:00.006,36,288.0,184.66629423607233,0.08485547,0.07985547,2021,12.0
ONTUSDT,2021-02-18 08:00:00.000,2021-02-22 16:00:00.000,13,104.0,252.17970007487503,0.025224060000000003,0.020224060000000002,2021,4.333333333333333
ONTUSDT,2021-03-09 16:00:00.000,2021-03-22 08:00:00.001,38,304.00000027777776,179.313915,0.036418070000000004,0.031418070000000006,2021,12.66666667824074
ONTUSDT,2021-03-29 00:00:00.003,2021-04-07 16:00:00.004,29,232.0000002777778,112.23750779427138,0.040725059999999993,0.035725059999999996,2021,9.666666678240741
ONTUSDT,2021-04-11 00:00:00.004,2021-04-18 08:00:00.004,22,176.0,124.82561999999999,0.03853368000000001,0.03353368000000001,2021,7.333333333333333
ONTUSDT,2024-03-03 00:00:00.000,2024-03-06 00:00:00.000,9,72.0,115.501695,0.007208010000000001,0.0022080100000000007,2024,3.0
ONTUSDT,2024-03-10 08:00:00.000,2024-03-15 16:00:00.000,16,128.0,105.92263499999999,0.009993100000000001,0.004993100000000001,2024,5.333333333333333
OPGUSDT,2026-05-10 16:00:00.000,2026-05-11 12:00:00.001,5,20.00000027777778,118.49000759930924,0.00140625,-0.00359375,2026,0.8333333449074075
OPUSDT,2024-03-03 00:00:00.000,2024-03-06 00:00:00.000,9,72.0,116.05466999999999,0.00799819,0.0029981900000000004,2024,3.0
ORDIUSDT,2023-11-11 04:00:00.000,2023-11-12 12:00:00.000,8,32.0,147.44832,0.0028869300000000002,-0.00211307,2023,1.3333333333333333
ORDIUSDT,2023-12-15 08:00:00.000,2023-12-16 00:00:00.000,4,16.0,107.84436,0.0012962,-0.0037038,2023,0.6666666666666666
ORDIUSDT,2023-12-25 16:00:00.000,2023-12-26 08:00:00.000,4,16.0,192.82292999999999,0.00224644,-0.00275356,2023,0.6666666666666666
ORDIUSDT,2023-12-28 00:00:00.000,2023-12-29 20:00:00.000,11,44.0,114.24573,0.00534421,0.0003442100000000002,2023,1.8333333333333333
ORDIUSDT,2024-02-27 12:00:00.000,2024-03-06 00:00:00.000,45,180.0,106.04637,0.024169340000000004,0.019169340000000003,2024,7.5
ORDIUSDT,2024-03-09 16:00:00.000,2024-03-15 20:00:00.000,37,148.0,129.58668899907562,0.014938470000000002,0.009938470000000001,2024,6.166666666666667
ORDIUSDT,2024-04-01 04:00:00.000,2024-04-01 08:00:00.000,1,4.0,105.40251,9.83e-05,-0.0049017,2024,0.16666666666666666
PIXELUSDT,2024-02-20 00:00:00.000,2024-02-20 04:00:00.000,1,4.0,145.29774000000003,0.00011051,-0.00488949,2024,0.16666666666666666
PIXELUSDT,2024-02-25 16:00:00.000,2024-02-28 20:00:00.000,19,76.0,123.46344857385057,0.00823472,0.003234719999999999,2024,3.1666666666666665
PIXELUSDT,2024-02-29 12:00:00.000,2024-03-06 04:00:00.000,34,136.0,165.08877,0.01840167,0.013401669999999997,2024,5.666666666666667
PIXELUSDT,2024-03-08 12:00:00.000,2024-03-15 12:00:00.000,42,168.0,119.3112,0.01817698,0.013176979999999998,2024,7.0
POLYXUSDT,2023-12-09 08:00:00.000,2023-12-10 12:00:00.000,7,28.0,102.83145,0.00133166,-0.00366834,2023,1.1666666666666667
POLYXUSDT,2024-02-29 12:00:00.000,2024-03-01 08:00:00.000,5,20.0,163.67622,0.0021523500000000004,-0.0028476499999999997,2024,0.8333333333333334
POLYXUSDT,2024-03-02 04:00:00.001,2024-03-03 08:00:00.000,7,27.99999972222222,115.74806196194014,0.004819759999999999,-0.00018024000000000078,2024,1.1666666550925926
POLYXUSDT,2024-03-05 16:00:00.000,2024-03-06 00:00:00.000,2,8.0,166.55169,0.00035573,-0.00464427,2024,0.3333333333333333
POLYXUSDT,2024-03-09 12:00:00.001,2024-03-11 16:00:00.000,13,51.99999972222223,153.69858,0.005997739999999999,0.0009977399999999987,2024,2.166666655092593
POLYXUSDT,2024-03-31 00:00:00.000,2024-04-02 00:00:00.007,12,48.00000194444445,101.77149000000001,0.0037153900000000003,-0.0012846099999999998,2024,2.0000000810185186
PORTALUSDT,2024-03-01 12:00:00.000,2024-03-03 12:00:00.000,12,48.0,107.84873999999999,0.00832382,0.003323819999999999,2024,2.0
PORTALUSDT,2024-03-04 08:00:00.000,2024-03-06 04:00:00.000,11,44.0,131.75478914963813,0.00620657,0.0012065699999999997,2024,1.8333333333333333
PORTALUSDT,2024-03-09 12:00:00.001,2024-03-15 12:00:00.000,36,143.9999997222222,201.32232000000002,0.015636820000000003,0.010636820000000002,2024,5.999999988425926
PORTALUSDT,2024-03-30 20:00:00.000,2024-03-31 16:00:00.001,5,20.00000027777778,158.61513,0.00131187,-0.0036881300000000004,2024,0.8333333449074075
POWRUSDT,2023-12-26 00:00:00.000,2023-12-26 16:00:00.000,4,16.0,132.16869,0.00144659,-0.00355341,2023,0.6666666666666666
POWRUSDT,2024-02-16 04:00:00.000,2024-02-18 08:00:00.000,13,52.0,107.89035,0.0038425000000000004,-0.0011574999999999997,2024,2.1666666666666665
POWRUSDT,2024-02-26 16:00:00.000,2024-02-28 20:00:00.000,13,52.0,102.12846,0.005881390000000001,0.000881390000000001,2024,2.1666666666666665
POWRUSDT,2024-02-29 12:00:00.000,2024-03-05 20:00:00.000,32,128.0,151.03335,0.01811325,0.01311325,2024,5.333333333333333
POWRUSDT,2024-03-09 16:00:00.000,2024-03-10 20:00:00.000,7,28.0,139.49424968710068,0.00327638,-0.00172362,2024,1.1666666666666667
POWRUSDT,2024-03-14 04:00:00.000,2024-03-15 20:00:00.000,10,40.0,161.50594121569037,0.0035826100000000004,-0.0014173899999999997,2024,1.6666666666666667
PUMPUSDT,2025-06-12 20:00:00.003,2025-06-13 16:00:00.004,5,20.00000027777778,220.52858937102923,0.011889770000000001,0.006889770000000001,2025,0.8333333449074075
PUMPUSDT,2025-08-11 12:00:00.000,2025-08-11 20:00:00.000,2,8.0,121.20993,0.0008994000000000001,-0.0041006,2025,0.3333333333333333
PYTHUSDT,2023-11-25 04:00:00.001,2023-11-26 20:00:00.000,10,39.99999972222223,120.99749159739642,0.0030440800000000002,-0.00195592,2023,1.6666666550925928
PYTHUSDT,2023-12-09 04:00:00.000,2023-12-10 00:00:00.000,5,20.0,111.55640999999999,0.0015985700000000001,-0.00340143,2023,0.8333333333333334
PYTHUSDT,2023-12-15 08:00:00.000,2023-12-18 00:00:00.000,16,64.0,125.03148000000002,0.006381890000000001,0.001381890000000001,2023,2.6666666666666665
PYTHUSDT,2024-02-29 20:00:00.000,2024-03-06 00:00:00.000,31,124.0,139.25553,0.016590780000000003,0.011590780000000002,2024,5.166666666666667
QTUMUSDT,2020-08-11 00:00:00.001,2020-08-12 00:00:00.000,3,23.99999972222222,126.57433499999999,0.00147793,-0.0035220700000000004,2020,0.9999999884259259
QTUMUSDT,2020-08-15 00:00:00.000,2020-08-17 16:00:00.000,8,64.0,152.67147,0.00675538,0.00175538,2020,2.6666666666666665
QTUMUSDT,2021-01-04 08:00:00.000,2021-01-08 08:00:00.000,12,96.0,135.047445,0.01339108,0.008391079999999999,2021,4.0
QTUMUSDT,2021-01-10 08:00:00.005,2021-01-11 08:00:00.012,3,24.000001944444445,239.36262,0.00094758,-0.00405242,2021,1.0000000810185186
QTUMUSDT,2021-01-18 16:00:00.000,2021-01-20 16:00:00.001,6,48.00000027777777,138.26676420371726,0.00620334,0.0012033399999999998,2021,2.0000000115740737
QTUMUSDT,2021-02-03 08:00:00.006,2021-02-11 08:00:00.000,24,191.9999983333333,250.44842608837774,0.0450637,0.0400637,2021,7.999999930555554
QTUMUSDT,2021-02-14 00:00:00.013,2021-02-15 08:00:00.006,4,31.999998055555555,352.599855,0.00845157,0.00345157,2021,1.3333332523148147
QTUMUSDT,2021-02-18 08:00:00.000,2021-02-22 08:00:00.002,12,96.00000055555554,251.88514495214372,0.021240329999999995,0.016240329999999994,2021,4.000000023148147
QTUMUSDT,2021-03-10 00:00:00.009,2021-03-11 00:00:00.000,3,23.9999975,179.370855,0.0012683,-0.0037317,2021,0.9999998958333333
QTUMUSDT,2021-03-19 00:00:00.011,2021-03-23 08:00:00.010,13,103.99999972222223,102.703335,0.011424599999999998,0.006424599999999998,2021,4.33333332175926
QTUMUSDT,2021-04-01 16:00:00.004,2021-04-04 00:00:00.000,7,55.99999888888889,122.94115488153071,0.009385039999999999,0.004385039999999999,2021,2.333333287037037
QTUMUSDT,2021-04-11 00:00:00.004,2021-04-18 08:00:00.004,22,176.0,151.969575,0.033578430000000006,0.028578430000000005,2021,7.333333333333333
QTUMUSDT,2021-05-07 00:00:00.000,2021-05-10 00:00:00.004,9,72.0000011111111,104.648055,0.00683403,0.0018340299999999995,2021,3.000000046296296
QTUMUSDT,2021-09-04 08:00:00.008,2021-09-07 16:00:00.001,10,79.99999805555557,105.15066,0.005797910000000001,0.0007979100000000006,2021,3.3333332523148154
QTUMUSDT,2024-03-10 08:00:00.000,2024-03-15 16:00:00.000,16,128.0,120.98436,0.01149302,0.0064930199999999995,2024,5.333333333333333
RADUSDT,2024-03-01 00:00:00.000,2024-03-05 00:00:00.000,12,96.0,106.067175,0.009571960000000001,0.004571960000000001,2024,4.0
RAYUSDT,2021-09-05 00:00:00.002,2021-09-06 16:00:00.009,5,40.00000194444445,113.37304255594785,0.00413106,-0.0008689400000000003,2021,1.6666667476851853
RIFUSDT,2023-12-15 12:00:00.000,2023-12-15 16:00:00.000,1,4.0,110.63442,9.41e-05,-0.0049059,2023,0.16666666666666666
RIFUSDT,2024-03-02 12:00:00.000,2024-03-06 00:00:00.000,21,84.0,197.7088337297801,0.01136445,0.00636445,2024,3.5
RIFUSDT,2024-03-09 20:00:00.000,2024-03-15 08:00:00.000,33,132.0,112.31853000000001,0.013278059999999998,0.008278059999999997,2024,5.5
RIFUSDT,2025-03-06 12:00:00.001,2025-03-06 16:00:00.000,1,3.9999997222222223,134.70690000000002,-0.00028938,-0.00528938,2025,0.1666666550925926
RIFUSDT,2025-03-13 08:00:00.000,2025-03-14 00:00:00.000,4,16.0,107.62974000000001,0.0012651499999999998,-0.0037348500000000005,2025,0.6666666666666666
RIFUSDT,2025-04-05 16:00:00.000,2025-04-06 00:00:00.000,2,8.0,145.50141,0.00152856,-0.00347144,2025,0.3333333333333333
RIFUSDT,2025-04-07 16:00:00.000,2025-04-08 00:00:00.000,2,8.0,262.4320799999999,0.00057638,-0.00442362,2025,0.3333333333333333
RIFUSDT,2025-04-16 12:00:00.000,2025-04-17 20:00:00.001,8,32.00000027777778,200.95878,0.00708346,0.0020834599999999997,2025,1.3333333449074074
RIFUSDT,2025-04-18 16:00:00.000,2025-04-18 20:00:00.000,1,4.0,254.90067000000002,-7.847e-05,-0.00507847,2025,0.16666666666666666
RIFUSDT,2025-05-19 00:00:00.000,2025-05-19 04:00:00.004,1,4.000001111111112,118.47243822725267,5e-05,-0.00495,2025,0.16666671296296298
RLCUSDT,2020-08-02 08:00:00.001,2020-08-02 16:00:00.001,1,8.0,132.13146,0.0001,-0.0049,2020,0.3333333333333333
RLCUSDT,2020-08-11 00:00:00.001,2020-08-11 16:00:00.001,2,16.0,128.35699499999998,0.0013710799999999998,-0.0036289200000000003,2020,0.6666666666666666
RLCUSDT,2020-08-15 08:00:00.001,2020-08-16 16:00:00.000,4,31.99999972222222,201.65301000000002,0.0055527,0.0005526999999999997,2020,1.3333333217592591
RLCUSDT,2020-09-01 16:00:00.000,2020-09-02 16:00:00.000,3,24.0,196.49336999999997,0.0036156100000000004,-0.0013843899999999997,2020,1.0
RLCUSDT,2020-11-23 16:00:00.003,2020-11-26 08:00:00.002,8,63.99999972222223,187.26471,0.011893110000000002,0.006893110000000002,2020,2.666666655092593
RLCUSDT,2020-12-20 08:00:00.011,2020-12-22 00:00:00.001,5,39.99999722222222,101.036745,0.00637632,0.0013763200000000003,2020,1.6666665509259257
RLCUSDT,2021-01-04 08:00:00.000,2021-01-08 08:00:00.000,12,96.0,192.705765,0.01450208,0.00950208,2021,4.0
RLCUSDT,2021-01-10 08:00:00.005,2021-01-11 08:00:00.012,3,24.000001944444445,201.827115,0.00203877,-0.00296123,2021,1.0000000810185186
RLCUSDT,2021-01-19 08:00:00.005,2021-01-20 00:00:00.012,2,16.000001944444445,181.82913,0.0019756500000000002,-0.00302435,2021,0.6666667476851852
RLCUSDT,2021-02-03 08:00:00.006,2021-02-15 08:00:00.006,36,288.0,319.76083830842066,0.09963743000000003,0.09463743000000002,2021,12.0
RLCUSDT,2021-02-17 00:00:00.005,2021-02-22 16:00:00.000,17,135.9999986111111,108.49261883552413,0.031034670000000004,0.026034670000000003,2021,5.666666608796295
RLCUSDT,2021-03-10 00:00:00.009,2021-03-10 08:00:00.006,1,7.999999166666666,146.22520500000002,0.0001,-0.0049,2021,0.3333332986111111
RLCUSDT,2021-03-14 08:00:00.000,2021-03-15 08:00:00.016,3,24.000004444444446,134.44305634977846,0.00196368,-0.00303632,2021,1.0000001851851852
RLCUSDT,2021-03-18 00:00:00.001,2021-03-23 00:00:00.000,15,119.99999972222223,108.73353020375838,0.01531692,0.01031692,2021,4.999999988425926
RLCUSDT,2021-03-31 00:00:00.000,2021-04-04 00:00:00.000,12,96.0,118.97175413096367,0.020248179999999998,0.015248179999999997,2021,4.0
RLCUSDT,2021-04-06 00:00:00.010,2021-04-18 08:00:00.004,37,295.99999833333334,212.439855,0.05542422999999999,0.050424229999999994,2021,12.333333263888889
RLCUSDT,2021-09-05 08:00:00.002,2021-09-07 16:00:00.001,7,55.99999972222223,104.14983,0.002247260000000001,-0.002752739999999999,2021,2.3333333217592593
RLCUSDT,2024-03-02 16:00:00.000,2024-03-06 00:00:00.000,10,80.0,112.86931891907359,0.00813831,0.003138309999999999,2024,3.3333333333333335
RONINUSDT,2024-03-02 12:00:00.000,2024-03-04 20:00:00.000,14,56.0,135.62889941867357,0.004986679999999999,-1.3320000000000692e-05,2024,2.3333333333333335
RONINUSDT,2024-03-09 20:00:00.000,2024-03-11 16:00:00.000,11,44.0,100.48815,0.00458083,-0.00041916999999999996,2024,1.8333333333333333
ROSEUSDT,2024-03-03 00:00:00.000,2024-03-06 00:00:00.000,9,72.0,123.582795,0.00594749,0.0009474899999999996,2024,3.0
RSRUSDT,2020-11-23 16:00:00.003,2020-11-26 00:00:00.012,7,56.0000025,240.08750999999998,0.01074572,0.00574572,2020,2.3333334375
RSRUSDT,2021-01-18 16:00:00.000,2021-01-20 16:00:00.001,6,48.00000027777777,190.02523139239324,0.00748675,0.0024867500000000002,2021,2.0000000115740737
RSRUSDT,2021-01-30 00:00:00.000,2021-02-15 08:00:00.006,49,392.00000166666666,147.57315,0.12298648000000002,0.11798648000000002,2021,16.33333340277778
RSRUSDT,2021-02-18 08:00:00.000,2021-02-22 16:00:00.000,13,104.0,222.90048287520122,0.022005379999999998,0.017005379999999997,2021,4.333333333333333
RSRUSDT,2021-03-10 00:00:00.009,2021-03-25 00:00:00.000,45,359.9999975,204.04996500000001,0.03639678999999999,0.031396789999999994,2021,14.999999895833334
RSRUSDT,2021-03-30 16:00:00.001,2021-04-18 08:00:00.004,56,448.00000083333333,145.2047204601363,0.09391789000000003,0.08891789000000003,2021,18.666666701388888
RSRUSDT,2024-03-02 16:00:00.000,2024-03-06 00:00:00.000,10,80.0,108.70284377440431,0.00917385,0.004173850000000001,2024,3.3333333333333335
RUNEUSDT,2020-11-25 16:00:00.015,2020-11-26 00:00:00.012,1,7.999999166666666,185.70104999999998,6.989e-05,-0.00493011,2020,0.3333332986111111
RUNEUSDT,2021-01-04 08:00:00.000,2021-01-04 16:00:00.000,1,8.0,334.08997500000004,0.00027162,-0.00472838,2021,0.3333333333333333
RUNEUSDT,2021-01-07 00:00:00.007,2021-01-08 00:00:00.000,3,23.999998055555555,134.245905,0.006726139999999999,0.0017261399999999993,2021,0.9999999189814814
RUNEUSDT,2021-01-10 00:00:00.000,2021-01-10 16:00:00.000,2,16.0,163.975155,0.00231644,-0.00268356,2021,0.6666666666666666
RUNEUSDT,2021-01-31 08:00:00.000,2021-02-15 08:00:00.006,45,360.00000166666666,199.95801248687889,0.10789288,0.10289287999999999,2021,15.000000069444445
RUNEUSDT,2021-02-19 00:00:00.010,2021-02-21 00:00:00.007,6,47.99999916666667,275.4144,0.00855357,0.00355357,2021,1.9999999652777778
RUNEUSDT,2021-03-18 16:00:00.000,2021-03-21 08:00:00.000,8,64.0,221.10787500000004,0.00972457,0.00472457,2021,2.6666666666666665
RUNEUSDT,2021-03-22 16:00:00.000,2021-03-23 08:00:00.010,2,16.000002777777777,196.6368218276674,0.00048119000000000005,-0.00451881,2021,0.6666667824074074
RUNEUSDT,2021-04-03 00:00:00.003,2021-04-04 00:00:00.000,3,23.99999916666667,142.44417,0.00268129,-0.0023187100000000003,2021,0.9999999652777779
RUNEUSDT,2021-04-11 00:00:00.004,2021-04-13 00:00:00.003,6,47.99999972222223,132.42710999999997,0.006334790000000001,0.0013347900000000006,2021,1.999999988425926
RUNEUSDT,2021-04-16 08:00:00.000,2021-04-17 00:00:00.008,2,16.00000222222222,246.84591856831068,0.00159602,-0.00340398,2021,0.6666667592592592
RUNEUSDT,2021-09-06 08:00:00.008,2021-09-06 16:00:00.009,1,8.000000277777778,116.30433,0.00026074,-0.00473926,2021,0.3333333449074074
RUNEUSDT,2024-03-10 00:00:00.000,2024-03-16 16:00:00.000,20,160.0,120.69747000000002,0.01408569,0.00908569,2024,6.666666666666667
RVNUSDT,2021-03-09 08:00:00.000,2021-03-23 08:00:00.010,42,336.0000027777778,166.82544,0.047220019999999994,0.04222002,2021,14.000000115740741
RVNUSDT,2021-03-29 16:00:00.000,2021-04-04 00:00:00.000,16,128.0,150.11136,0.028774400000000002,0.0237744,2021,5.333333333333333
RVNUSDT,2021-04-05 00:00:00.000,2021-04-07 16:00:00.004,8,64.0000011111111,144.72623040346136,0.013702349999999999,0.008702349999999998,2021,2.6666667129629626
RVNUSDT,2021-04-10 08:00:00.005,2021-04-18 08:00:00.004,24,191.9999997222222,140.38888424768425,0.04696296999999999,0.041962969999999995,2021,7.999999988425926
RVNUSDT,2021-09-05 00:00:00.002,2021-09-06 16:00:00.009,5,40.00000194444445,106.57418590344795,0.004406309999999999,-0.0005936900000000009,2021,1.6666667476851853
SANDUSDT,2021-02-03 16:00:00.006,2021-02-08 00:00:00.000,13,103.99999833333334,285.88698000000005,0.019777919999999997,0.014777919999999996,2021,4.333333263888889
SANDUSDT,2021-02-09 00:00:00.010,2021-02-15 08:00:00.006,19,151.9999988888889,266.421165,0.05889394,0.05389394,2021,6.333333287037038
SANDUSDT,2021-02-18 08:00:00.000,2021-02-21 00:00:00.007,8,64.00000194444445,285.25637885682454,0.01947347,0.014473469999999999,2021,2.6666667476851855
SANDUSDT,2021-02-22 08:00:00.002,2021-02-22 16:00:00.000,1,7.999999444444445,121.54501688125237,0.0001,-0.0049,2021,0.3333333101851852
SANDUSDT,2021-03-09 08:00:00.000,2021-03-19 00:00:00.011,29,232.00000305555557,183.27234,0.026885760000000005,0.021885760000000004,2021,9.666666793981483
SANDUSDT,2021-03-21 00:00:00.000,2021-03-22 00:00:00.007,3,24.000001944444445,157.9494083904812,0.00136033,-0.0036396700000000002,2021,1.0000000810185186
SANDUSDT,2021-03-30 08:00:00.012,2021-04-08 00:00:00.013,26,208.0000002777778,176.4406717584733,0.043527279999999995,0.03852728,2021,8.666666678240741
SANDUSDT,2021-04-12 00:00:00.001,2021-04-18 08:00:00.004,19,152.00000083333333,168.97054500000002,0.03149476999999999,0.02649476999999999,2021,6.3333333680555555
SANDUSDT,2021-05-02 00:00:00.010,2021-05-02 08:00:00.011,1,8.000000277777778,118.00486500000001,0.00010474,-0.00489526,2021,0.3333333449074074
SANDUSDT,2021-05-07 00:00:00.000,2021-05-11 00:00:00.000,12,96.0,105.88321499999999,0.007440189999999999,0.002440189999999999,2021,4.0
SANDUSDT,2021-09-06 00:00:00.003,2021-09-06 16:00:00.009,2,16.000001666666666,100.37208,0.00136008,-0.00363992,2021,0.666666736111111
SCUSDT,2021-04-13 00:00:00.003,2021-04-14 08:00:00.000,4,31.99999916666667,138.32370901453282,0.0041699,-0.0008301000000000003,2021,1.3333332986111113
SCUSDT,2021-04-15 08:00:00.000,2021-04-18 08:00:00.004,9,72.0000011111111,146.51431552381575,0.015782549999999996,0.010782549999999995,2021,3.000000046296296
SCUSDT,2021-05-04 00:00:00.004,2021-05-05 00:00:00.001,3,23.99999916666667,131.32243283246115,0.0011733,-0.0038267,2021,0.9999999652777779
SCUSDT,2021-05-06 16:00:00.000,2021-05-11 00:00:00.000,13,104.0,235.88381319041014,0.011624119999999998,0.006624119999999998,2021,4.333333333333333
SEIUSDT,2024-03-10 08:00:00.000,2024-03-17 00:00:00.000,20,160.0,105.12766500000001,0.01195508,0.00695508,2024,6.666666666666667
SFPUSDT,2021-03-09 08:00:00.000,2021-03-13 00:00:00.000,11,88.0,212.00076,0.013690839999999998,0.008690839999999998,2021,3.6666666666666665
SFPUSDT,2021-03-14 16:00:00.000,2021-03-16 08:00:00.008,5,40.00000222222222,183.84831000000003,0.00669743,0.0016974299999999998,2021,1.6666667592592592
SFPUSDT,2021-03-18 16:00:00.000,2021-03-25 00:00:00.000,19,152.0,226.285035,0.017787980000000002,0.012787980000000001,2021,6.333333333333333
SFPUSDT,2021-03-30 00:00:00.018,2021-04-05 00:00:00.000,18,143.999995,105.188985,0.030911149999999995,0.025911149999999994,2021,5.999999791666667
SFPUSDT,2021-04-06 00:00:00.010,2021-04-09 00:00:00.000,9,71.99999722222222,303.86688,0.011805250000000002,0.006805250000000001,2021,2.999999884259259
SFPUSDT,2021-04-10 08:00:00.005,2021-04-18 08:00:00.004,24,191.9999997222222,179.97314249440467,0.04630253000000001,0.04130253000000001,2021,7.999999988425926
SFPUSDT,2021-09-05 00:00:00.002,2021-09-07 00:00:00.004,6,48.00000055555556,118.77796386964398,0.00497446,-2.554000000000011e-05,2021,2.0000000231481483
SHELLUSDT,2025-02-22 00:00:00.000,2025-02-22 08:00:00.000,2,8.0,131.04084,0.00051068,-0.00448932,2025,0.3333333333333333
SKLUSDT,2021-01-10 08:00:00.005,2021-01-10 16:00:00.000,1,7.999998611111111,312.25786500000004,0.0001,-0.0049,2021,0.33333327546296293
SKLUSDT,2021-01-31 08:00:00.000,2021-02-01 00:00:00.001,2,16.000000277777776,122.08925315289162,0.0015241299999999998,-0.0034758700000000003,2021,0.6666666782407407
SKLUSDT,2021-02-03 08:00:00.006,2021-02-15 08:00:00.006,36,288.0,313.1054276151487,0.09566971,0.09066971,2021,12.0
SKLUSDT,2021-02-18 08:00:00.000,2021-02-21 08:00:00.012,9,72.00000333333332,185.89384745576976,0.02301861,0.018018609999999997,2021,3.0000001388888884
SKLUSDT,2021-03-15 08:00:00.016,2021-03-15 16:00:00.030,1,8.00000388888889,128.21355,0.00026016,-0.00473984,2021,0.3333334953703704
SKLUSDT,2021-03-18 08:00:00.000,2021-03-23 00:00:00.000,14,112.0,176.8315561399846,0.018747370000000003,0.013747370000000002,2021,4.666666666666667
SKLUSDT,2021-03-30 08:00:00.012,2021-04-07 16:00:00.004,25,199.99999777777776,180.36734257652972,0.04292993000000001,0.037929930000000014,2021,8.33333324074074
SKLUSDT,2021-04-11 00:00:00.004,2021-04-18 08:00:00.004,22,176.0,149.79381,0.03916852000000001,0.034168520000000015,2021,7.333333333333333
SKLUSDT,2021-05-04 00:00:00.004,2021-05-04 08:00:00.003,1,7.999999722222222,126.14745582467977,0.0001,-0.0049,2021,0.3333333217592593
SKLUSDT,2021-09-06 08:00:00.008,2021-09-07 00:00:00.004,2,15.99999888888889,105.84051,0.00040569,-0.00459431,2021,0.6666666203703704
SKYUSDT,2025-09-14 16:00:00.001,2025-09-15 00:00:00.006,2,8.000001388888888,126.61487637809925,0.00029715,-0.00470285,2025,0.3333333912037037
SLPUSDT,2024-02-27 08:00:00.000,2024-03-06 00:00:00.000,46,184.0,108.19695,0.022589240000000003,0.017589240000000003,2024,7.666666666666667
SLPUSDT,2024-03-09 16:00:00.000,2024-03-15 16:00:00.000,36,144.0,136.06032944863398,0.01571028,0.010710279999999999,2024,6.0
SNXUSDT,2020-08-15 00:00:00.000,2020-08-18 16:00:00.000,11,88.0,496.134645,0.018059409999999998,0.013059409999999997,2020,3.6666666666666665
SNXUSDT,2020-09-02 00:00:00.000,2020-09-03 08:00:00.004,4,32.00000111111111,107.81151,0.0025598799999999996,-0.0024401200000000005,2020,1.3333333796296296
SNXUSDT,2020-11-21 00:00:00.000,2020-11-25 00:00:00.005,12,96.00000138888889,113.50879500000002,0.013470119999999999,0.008470119999999998,2020,4.000000057870371
SNXUSDT,2021-01-07 00:00:00.007,2021-01-08 08:00:00.000,4,31.999998055555555,177.813765,0.0059892800000000005,0.0009892800000000004,2021,1.3333332523148147
SNXUSDT,2021-01-10 08:00:00.005,2021-01-11 00:00:00.000,2,15.999998611111112,301.404225,0.00080758,-0.0041924200000000005,2021,0.6666666087962964
SNXUSDT,2021-01-31 16:00:00.000,2021-02-07 08:00:00.005,20,160.0000013888889,110.62347000000001,0.03094207,0.025942069999999998,2021,6.666666724537038
SNXUSDT,2021-02-09 08:00:00.006,2021-02-15 08:00:00.006,18,144.0,434.204790306221,0.028901709999999994,0.023901709999999993,2021,6.0
SNXUSDT,2021-02-18 08:00:00.000,2021-02-21 00:00:00.007,8,64.00000194444445,222.97494290622618,0.017257079999999998,0.012257079999999997,2021,2.6666667476851855
SNXUSDT,2021-03-21 00:00:00.000,2021-03-23 00:00:00.000,6,48.0,141.2988343434667,0.00493228,-6.772000000000028e-05,2021,2.0
SNXUSDT,2021-03-29 00:00:00.003,2021-04-07 16:00:00.004,29,232.0000002777778,112.92407284194948,0.03738313,0.03238313,2021,9.666666678240741
SNXUSDT,2021-04-10 00:00:00.011,2021-04-18 08:00:00.004,25,199.99999805555555,113.51865000000001,0.04122553999999999,0.036225539999999994,2021,8.333333252314814
SNXUSDT,2021-09-06 08:00:00.008,2021-09-07 16:00:00.001,4,31.999998055555555,145.05903,-0.0013587100000000002,-0.00635871,2021,1.3333332523148147
SOLUSDT,2021-01-19 08:00:00.005,2021-01-19 16:00:00.012,1,8.000001944444445,135.22592999999998,0.0001,-0.0049,2021,0.3333334143518519
SOLUSDT,2021-02-04 08:00:00.000,2021-02-07 08:00:00.005,9,72.00000138888889,215.2047673619388,0.01292462,0.00792462,2021,3.0000000578703703
SOLUSDT,2021-02-09 08:00:00.006,2021-02-15 08:00:00.006,18,144.0,333.881971372496,0.0322329,0.0272329,2021,6.0
SOLUSDT,2021-02-18 00:00:00.012,2021-02-22 16:00:00.000,14,111.99999666666668,113.96650500000001,0.015037660000000001,0.01003766,2021,4.666666527777778
SOLUSDT,2021-03-09 08:00:00.000,2021-03-19 00:00:00.011,29,232.00000305555557,153.28686,0.02761848,0.02261848,2021,9.666666793981483
SOLUSDT,2021-04-06 08:00:00.000,2021-04-07 00:00:00.000,2,16.0,163.7069368426864,0.00056872,-0.00443128,2021,0.6666666666666666
SOLVUSDT,2025-08-13 04:00:00.000,2025-08-13 08:00:00.002,1,4.000000555555555,101.62695,5e-05,-0.00495,2025,0.1666666898148148
SPELLUSDT,2024-03-10 08:00:00.000,2024-03-12 16:00:00.000,7,56.0,109.59635999999999,0.004205680000000001,-0.0007943199999999994,2024,2.3333333333333335
STEEMUSDT,2023-12-09 12:00:00.000,2023-12-10 04:00:00.000,4,16.0,123.02324999999999,0.0011743,-0.0038257,2023,0.6666666666666666
STEEMUSDT,2024-02-27 04:00:00.000,2024-02-27 16:00:00.000,3,12.0,170.79153,0.0009086599999999999,-0.004091340000000001,2024,0.5
STEEMUSDT,2024-03-02 16:00:00.000,2024-03-05 20:00:00.000,19,76.0,152.06265000000002,0.010305919999999998,0.005305919999999998,2024,3.1666666666666665
STEEMUSDT,2024-03-09 00:00:00.000,2024-03-11 20:00:00.001,17,68.00000027777777,115.25313,0.008120269999999997,0.003120269999999997,2024,2.833333344907407
STGUSDT,2024-03-02 16:00:00.000,2024-03-06 00:00:00.000,10,80.0,107.01544871581419,0.008075249999999999,0.003075249999999999,2024,3.3333333333333335
STOUSDT,2025-04-24 20:00:00.006,2025-04-25 20:00:00.001,6,23.99999861111111,132.85411387009935,0.00334196,-0.00165804,2025,0.9999999421296296
STRAXUSDT,2023-12-09 12:00:00.000,2023-12-10 08:00:00.000,5,20.0,118.07604,0.0015687799999999999,-0.0034312200000000005,2023,0.8333333333333334
STRAXUSDT,2024-02-16 00:00:00.000,2024-02-16 08:00:00.000,2,8.0,129.98745,0.00058062,-0.0044193800000000005,2024,0.3333333333333333
STRAXUSDT,2024-03-02 12:00:00.000,2024-03-06 04:00:00.000,22,88.0,206.06806431028227,0.012992499999999999,0.0079925,2024,3.6666666666666665
STRAXUSDT,2024-03-09 12:00:00.001,2024-03-15 16:00:00.000,37,147.9999997222222,186.8508,0.02274411,0.01774411,2024,6.166666655092592
STRKUSDT,2024-02-27 00:00:00.000,2024-03-01 00:00:00.000,18,72.0,140.82357977941524,0.008465890000000002,0.003465890000000002,2024,3.0
STRKUSDT,2024-03-02 04:00:00.001,2024-03-05 20:00:00.000,22,87.99999972222223,124.45988135695269,0.012555789999999999,0.007555789999999999,2024,3.666666655092593
STRKUSDT,2024-03-08 08:00:00.000,2024-03-15 12:00:00.000,43,172.0,113.58216000000002,0.018616559999999997,0.013616559999999996,2024,7.166666666666667
STXUSDT,2024-03-02 16:00:00.000,2024-03-06 00:00:00.000,10,80.0,114.30267396884287,0.00989164,0.00489164,2024,3.3333333333333335
SUIUSDT,2024-03-03 00:00:00.000,2024-03-06 00:00:00.000,9,72.0,144.06038999999998,0.00816337,0.0031633699999999996,2024,3.0
SUPERUSDT,2024-03-05 16:00:00.000,2024-03-06 00:00:00.000,2,8.0,121.66763999999999,0.00032917,-0.00467083,2024,0.3333333333333333
SUPERUSDT,2024-03-09 20:00:00.000,2024-03-15 16:00:00.000,35,140.0,103.49502,0.01229077,0.007290769999999999,2024,5.833333333333333
SUSHIUSDT,2021-01-04 08:00:00.000,2021-01-08 08:00:00.000,12,96.0,206.44582499999999,0.010672240000000001,0.005672240000000001,2021,4.0
SUSHIUSDT,2021-01-10 08:00:00.005,2021-01-11 08:00:00.012,3,24.000001944444445,157.48508999999999,0.00085027,-0.00414973,2021,1.0000000810185186
SUSHIUSDT,2021-02-05 00:00:00.009,2021-02-15 08:00:00.006,31,247.99999916666667,309.17655647059416,0.06408741000000001,0.059087410000000014,2021,10.33333329861111
SUSHIUSDT,2021-02-18 08:00:00.000,2021-02-21 00:00:00.007,8,64.00000194444445,197.0431421013092,0.013545269999999998,0.008545269999999997,2021,2.6666667476851855
SUSHIUSDT,2021-03-30 08:00:00.012,2021-04-18 08:00:00.004,57,455.9999977777778,110.3804029959173,0.09059553,0.08559552999999999,2021,18.99999990740741
THETAUSDT,2020-08-11 08:00:00.000,2020-08-12 00:00:00.000,2,16.0,170.94812093569865,0.00089311,-0.00410689,2020,0.6666666666666666
THETAUSDT,2021-02-06 00:00:00.008,2021-02-06 08:00:00.009,1,8.000000277777778,193.70331000000002,0.0001,-0.0049,2021,0.3333333449074074
THETAUSDT,2021-02-09 08:00:00.006,2021-02-15 08:00:00.006,18,144.0,485.85266247953643,0.04649828,0.041498280000000005,2021,6.0
THETAUSDT,2021-02-18 08:00:00.000,2021-02-22 08:00:00.002,12,96.00000055555554,254.85478618949423,0.02193052,0.016930519999999998,2021,4.000000023148147
THETAUSDT,2021-03-18 16:00:00.000,2021-03-22 00:00:00.007,10,80.00000194444443,161.25408000000002,0.00885224,0.0038522400000000007,2021,3.3333334143518516
THETAUSDT,2021-03-28 16:00:00.005,2021-04-18 08:00:00.004,62,495.99999972222224,162.20673000000002,0.11148676999999999,0.10648676999999998,2021,20.666666655092595
THETAUSDT,2021-05-06 16:00:00.000,2021-05-09 00:00:00.005,7,56.00000138888889,171.05871593953876,0.00456028,-0.0004397200000000002,2021,2.3333333912037038
THETAUSDT,2021-05-10 16:00:00.013,2021-05-11 00:00:00.000,1,7.999996388888889,162.836355,0.0001,-0.0049,2021,0.3333331828703704
TIAUSDT,2024-02-28 08:00:00.000,2024-02-28 20:00:00.000,3,12.0,103.45778999999999,0.00129767,-0.00370233,2024,0.5
TIAUSDT,2024-02-29 12:00:00.000,2024-03-05 20:00:00.000,32,128.0,128.92530000000002,0.01704346,0.012043459999999999,2024,5.333333333333333
TIAUSDT,2024-03-09 16:00:00.000,2024-03-15 12:00:00.000,35,140.0,157.61431094543826,0.014241659999999998,0.009241659999999999,2024,5.833333333333333
TIAUSDT,2024-03-31 16:00:00.001,2024-04-01 16:00:00.000,6,23.99999972222222,107.34941254517969,0.00234805,-0.00265195,2024,0.9999999884259259
TLMUSDT,2021-08-16 08:00:00.003,2021-08-18 00:00:00.000,5,39.99999916666667,124.45335889167465,0.0023782,-0.0026218,2021,1.6666666319444445
TLMUSDT,2021-09-03 08:00:00.000,2021-09-07 16:00:00.001,13,104.00000027777777,111.41191255316103,0.00808856,0.0030885599999999997,2021,4.333333344907407
TLMUSDT,2024-03-03 16:00:00.000,2024-03-06 00:00:00.000,7,56.0,148.728375,0.0053272599999999995,0.00032725999999999936,2024,2.3333333333333335
TRBUSDT,2020-11-24 08:00:00.000,2020-11-26 08:00:00.002,6,48.00000055555556,242.52169500000002,0.00659146,0.0015914600000000003,2020,2.0000000231481483
TRBUSDT,2020-12-20 00:00:00.001,2020-12-21 16:00:00.000,5,39.99999972222223,123.04733999999999,0.00322448,-0.00177552,2020,1.6666666550925928
TRBUSDT,2021-01-04 00:00:00.000,2021-01-08 08:00:00.000,13,104.0,171.27115189383,0.013717220000000002,0.008717220000000001,2021,4.333333333333333
TRBUSDT,2021-01-10 00:00:00.000,2021-01-11 16:00:00.000,5,40.0,313.80291,0.00433399,-0.0006660099999999999,2021,1.6666666666666667
TRBUSDT,2021-01-19 08:00:00.005,2021-01-20 16:00:00.001,4,31.99999888888889,194.15554500000002,0.00407607,-0.0009239299999999999,2021,1.3333332870370371
TRBUSDT,2021-01-31 16:00:00.000,2021-02-22 16:00:00.000,66,528.0,114.60379499999999,0.15383713999999998,0.14883713999999998,2021,22.0
TRBUSDT,2021-03-18 00:00:00.001,2021-03-18 08:00:00.000,1,7.999999722222222,182.75336076482245,0.00014112,-0.00485888,2021,0.3333333217592593
TRBUSDT,2021-04-03 00:00:00.003,2021-04-07 16:00:00.004,14,112.00000027777777,256.200435,0.020080360000000005,0.015080360000000004,2021,4.66666667824074
TRBUSDT,2021-04-10 16:00:00.000,2021-04-18 08:00:00.004,23,184.0000011111111,175.79242551951836,0.03873348999999999,0.03373348999999999,2021,7.666666712962962
TRBUSDT,2021-09-04 08:00:00.008,2021-09-07 16:00:00.001,10,79.99999805555557,144.50934,0.00699777,0.0019977700000000003,2021,3.3333332523148154
TRBUSDT,2023-12-09 04:00:00.000,2023-12-11 16:00:00.000,15,60.0,114.97281000000001,0.004296629999999999,-0.0007033700000000009,2023,2.5
TRBUSDT,2023-12-15 04:00:00.000,2023-12-16 08:00:00.000,7,28.0,151.38156,0.0018605599999999998,-0.0031394400000000003,2023,1.1666666666666667
TRBUSDT,2023-12-22 00:00:00.000,2023-12-24 20:00:00.000,17,68.0,125.96004,0.00470076,-0.0002992400000000001,2023,2.8333333333333335
TRBUSDT,2024-01-01 16:00:00.000,2024-01-03 20:00:00.000,13,52.0,245.94356999999997,0.00660074,0.0016007399999999998,2024,2.1666666666666665
TRBUSDT,2024-02-29 12:00:00.000,2024-03-06 00:00:00.000,33,132.0,152.77878,0.01844696,0.013446959999999997,2024,5.5
TRBUSDT,2024-03-09 20:00:00.000,2024-03-15 12:00:00.000,34,136.0,125.38188,0.01573165,0.010731649999999999,2024,5.666666666666667
TRBUSDT,2024-03-31 00:00:00.000,2024-04-01 08:00:00.000,8,32.0,116.30433,0.0023978899999999997,-0.0026021100000000004,2024,1.3333333333333333
TRUMPUSDT,2025-01-19 12:00:00.000,2025-01-19 20:00:00.000,2,8.0,580.82961,0.00043979,-0.00456021,2025,0.3333333333333333
TRXUSDT,2020-02-09 08:00:00.000,2020-02-11 00:00:00.000,5,40.0,146.461725,0.00479707,-0.00020293000000000047,2020,1.6666666666666667
TRXUSDT,2020-02-12 16:00:00.000,2020-02-16 00:00:00.000,10,80.0,200.72007696944715,0.006805920000000001,0.0018059200000000008,2020,3.3333333333333335
TRXUSDT,2020-08-14 16:00:00.000,2020-08-16 16:00:00.000,6,48.0,153.909915,0.004839700000000001,-0.0001602999999999995,2020,2.0
TRXUSDT,2020-08-18 00:00:00.001,2020-08-19 16:00:00.000,5,39.99999972222223,194.643915,0.002132,-0.002868,2020,1.6666666550925928
TRXUSDT,2020-11-23 16:00:00.003,2020-11-26 08:00:00.002,8,63.99999972222223,144.93748499999998,0.00814523,0.0031452299999999997,2020,2.666666655092593
TRXUSDT,2021-02-04 00:00:00.005,2021-02-15 08:00:00.006,34,272.0000002777778,255.82814388292167,0.054346870000000005,0.04934687000000001,2021,11.333333344907409
TRXUSDT,2021-02-20 00:00:00.000,2021-02-21 00:00:00.007,3,24.000001944444445,261.42803761889934,0.00535375,0.0003537499999999999,2021,1.0000000810185186
TRXUSDT,2021-04-01 16:00:00.004,2021-04-07 16:00:00.004,18,144.0,154.42569753402373,0.021949510000000002,0.01694951,2021,6.0
TRXUSDT,2021-04-11 00:00:00.004,2021-04-18 08:00:00.004,22,176.0,193.42299,0.044026640000000006,0.03902664000000001,2021,7.333333333333333
TRXUSDT,2021-05-06 16:00:00.000,2021-05-11 00:00:00.000,13,104.0,214.92879746280548,0.011778309999999998,0.006778309999999998,2021,4.333333333333333
TSTUSDT,2025-04-26 04:00:00.001,2025-04-26 12:00:00.000,2,7.999999722222222,135.18651938795273,0.0003572,-0.0046428,2025,0.3333333217592593
TSTUSDT,2026-07-11 20:00:00.000,2026-07-12 08:00:00.003,3,12.000000833333333,198.99873,0.0009981999999999999,-0.0040018,2026,0.5000000347222222
TSTUSDT,2026-08-21 08:00:00.000,2026-08-22 08:00:00.000,6,24.0,109.01382,0.0018888599999999998,-0.00311114,2026,1.0
TSTUSDT,2026-09-05 16:00:00.001,2026-09-07 16:00:00.003,12,48.00000055555556,100.02391167662988,0.00484111,-0.00015889000000000007,2026,2.0000000231481483
TURBOUSDT,2024-06-06 00:00:00.000,2024-06-06 20:00:00.000,5,20.0,136.3713,0.00160643,-0.0033935700000000003,2024,0.8333333333333334
TUSDT,2024-03-03 00:00:00.000,2024-03-06 00:00:00.000,9,72.0,123.959475,0.00832116,0.0033211599999999992,2024,3.0
TUTUSDT,2026-08-10 04:00:00.000,2026-08-10 12:00:00.000,2,8.0,278.82643936294716,0.00020915999999999998,-0.00479084,2026,0.3333333333333333
TWTUSDT,2024-02-16 00:00:00.000,2024-02-17 08:00:00.000,8,32.0,105.59523,0.00171651,-0.00328349,2024,1.3333333333333333
TWTUSDT,2024-03-02 16:00:00.000,2024-03-05 20:00:00.000,19,76.0,101.77149000000001,0.009815669999999999,0.0048156699999999985,2024,3.1666666666666665
UMAUSDT,2024-02-27 08:00:00.000,2024-03-06 00:00:00.000,46,184.0,115.4787,0.0247495,0.0197495,2024,7.666666666666667
UMAUSDT,2024-03-11 16:00:00.000,2024-03-16 00:00:00.000,26,104.0,104.40606000000001,0.009068580000000001,0.004068580000000001,2024,4.333333333333333
UNIUSDT,2020-11-23 16:00:00.003,2020-11-26 00:00:00.012,7,56.0000025,162.46186500000002,0.006957800000000001,0.001957800000000001,2020,2.3333334375
UNIUSDT,2021-01-04 08:00:00.000,2021-01-05 08:00:00.003,3,24.00000083333333,250.12866000000002,0.0008799400000000001,-0.00412006,2021,1.0000000347222222
UNIUSDT,2021-01-10 08:00:00.005,2021-01-11 08:00:00.012,3,24.000001944444445,202.065825,0.00148458,-0.00351542,2021,1.0000000810185186
UNIUSDT,2021-02-03 08:00:00.006,2021-02-15 08:00:00.006,36,288.0,225.65214850543214,0.06699737000000001,0.06199737000000002,2021,12.0
UNIUSDT,2021-02-18 08:00:00.000,2021-02-22 16:00:00.000,13,104.0,180.44293518455632,0.02049347,0.015493469999999999,2021,4.333333333333333
UNIUSDT,2021-03-09 16:00:00.000,2021-03-16 00:00:00.005,19,152.0000013888889,186.359145,0.0197571,0.014757099999999999,2021,6.333333391203705
UNIUSDT,2021-03-20 08:00:00.000,2021-03-22 16:00:00.000,7,56.0,207.06997500000003,0.0064416099999999995,0.0014416099999999994,2021,2.3333333333333335
UNIUSDT,2021-03-30 00:00:00.018,2021-04-07 16:00:00.004,26,207.99999611111113,128.803755,0.03611855,0.03111855,2021,8.66666650462963
UNIUSDT,2021-04-11 00:00:00.004,2021-04-18 08:00:00.004,22,176.0,138.360915,0.03542317,0.030423169999999996,2021,7.333333333333333
USTCUSDT,2024-02-29 16:00:00.000,2024-03-15 04:00:00.000,87,348.0,115.71302999999999,0.03858192999999999,0.033581929999999996,2024,14.5
USTCUSDT,2024-04-01 00:00:00.000,2024-04-01 16:00:00.000,4,16.0,108.03488999999999,0.00105489,-0.00394511,2024,0.6666666666666666
VETUSDT,2020-02-15 08:00:00.000,2020-02-16 08:00:00.000,3,24.0,183.30847500000002,0.00099351,-0.00400649,2020,1.0
VETUSDT,2020-08-02 00:00:00.000,2020-08-02 16:00:00.001,2,16.000000277777776,464.65560113387505,0.00158104,-0.0034189600000000004,2020,0.6666666782407407
VETUSDT,2020-08-11 00:00:00.001,2020-08-12 00:00:00.000,3,23.99999972222222,136.62643500000001,0.0022446299999999996,-0.0027553700000000005,2020,0.9999999884259259
VETUSDT,2020-08-15 00:00:00.000,2020-08-19 08:00:00.000,13,104.0,185.69667,0.017120390000000003,0.012120390000000002,2020,4.333333333333333
VETUSDT,2020-09-02 08:00:00.006,2020-09-03 16:00:00.000,4,31.999998333333334,168.26317500000002,0.00131713,-0.0036828700000000004,2020,1.3333332638888888
VETUSDT,2020-11-23 16:00:00.003,2020-11-26 08:00:00.002,8,63.99999972222223,157.30332,0.00852116,0.0035211599999999997,2020,2.666666655092593
VETUSDT,2021-01-03 16:00:00.002,2021-01-05 08:00:00.003,5,40.00000027777777,173.39215499999997,0.00675653,0.00175653,2021,1.6666666782407404
VETUSDT,2021-01-06 16:00:00.000,2021-01-08 08:00:00.000,5,40.0,221.53385307644302,0.00671867,0.0017186700000000003,2021,1.6666666666666667
VETUSDT,2021-01-10 08:00:00.005,2021-01-11 08:00:00.012,3,24.000001944444445,329.420895,0.0018296100000000002,-0.00317039,2021,1.0000000810185186
VETUSDT,2021-01-19 08:00:00.005,2021-01-21 16:00:00.004,7,55.99999972222223,207.06012,0.00545496,0.0004549599999999999,2021,2.3333333217592593
VETUSDT,2021-01-31 08:00:00.000,2021-02-08 00:00:00.000,23,184.0,206.53567954239986,0.041464900000000006,0.03646490000000001,2021,7.666666666666667
VETUSDT,2021-02-09 08:00:00.006,2021-02-15 08:00:00.006,18,144.0,269.6843024561531,0.04871739000000001,0.043717390000000016,2021,6.0
VETUSDT,2021-02-18 08:00:00.000,2021-02-21 08:00:00.012,9,72.00000333333332,251.17558465649364,0.023843439999999997,0.018843439999999996,2021,3.0000001388888884
VETUSDT,2021-03-30 00:00:00.018,2021-04-08 00:00:00.013,27,215.9999986111111,137.073195,0.04154716,0.03654716,2021,8.999999942129628
VETUSDT,2021-04-10 08:00:00.005,2021-04-18 08:00:00.004,24,191.9999997222222,137.97002874375602,0.04432672,0.03932672,2021,7.999999988425926
VETUSDT,2021-09-03 00:00:00.011,2021-09-07 16:00:00.001,14,111.99999722222222,100.31076000000002,0.008112129999999999,0.0031121299999999985,2021,4.6666665509259255
VIRTUALUSDT,2024-12-12 04:00:00.000,2024-12-12 12:00:00.000,2,8.0,115.78092804034222,0.00023595999999999998,-0.00476404,2024,0.3333333333333333
WAXPUSDT,2023-12-09 12:00:00.000,2023-12-10 04:00:00.000,4,16.0,205.84905,0.00100721,-0.00399279,2023,0.6666666666666666
WAXPUSDT,2023-12-26 04:00:00.000,2023-12-26 16:00:00.000,3,12.0,109.34670000000001,0.00087013,-0.00412987,2023,0.5
WAXPUSDT,2024-02-29 20:00:00.000,2024-03-01 12:00:00.000,4,16.0,169.90896,0.0014925599999999998,-0.0035074400000000006,2024,0.6666666666666666
WAXPUSDT,2024-03-02 00:00:00.000,2024-03-06 00:00:00.000,24,96.0,125.83959,0.01321321,0.008213209999999999,2024,4.0
WIFUSDT,2024-01-19 04:00:00.000,2024-01-19 08:00:00.000,1,4.0,179.58219,5e-05,-0.00495,2024,0.16666666666666666
WIFUSDT,2024-01-22 04:00:00.001,2024-01-23 08:00:00.000,7,27.99999972222222,600.2745783142653,0.0070896299999999995,0.0020896299999999994,2024,1.1666666550925926
WIFUSDT,2024-01-23 20:00:00.000,2024-01-24 04:00:00.000,2,8.0,313.07802,-0.0005126100000000001,-0.00551261,2024,0.3333333333333333
WIFUSDT,2024-01-26 04:00:00.001,2024-01-26 16:00:00.000,3,11.999999722222222,158.22312,0.00136927,-0.0036307300000000004,2024,0.4999999884259259
WIFUSDT,2024-02-01 08:00:00.000,2024-02-01 12:00:00.000,1,4.0,205.86875999999998,6.355e-05,-0.00493645,2024,0.16666666666666666
WIFUSDT,2024-02-04 08:00:00.004,2024-02-05 08:00:00.000,6,23.99999888888889,212.272261035483,0.00382421,-0.00117579,2024,0.9999999537037038
WIFUSDT,2024-02-07 04:00:00.000,2024-02-07 20:00:00.000,4,16.0,447.93384,0.00168954,-0.0033104600000000003,2024,0.6666666666666666
WIFUSDT,2024-02-13 16:00:00.000,2024-02-15 04:00:00.000,9,36.0,212.59206,0.0064962,0.0014961999999999996,2024,1.5
WIFUSDT,2024-02-21 04:00:00.000,2024-02-21 12:00:00.000,2,8.0,137.72034,0.00024738,-0.00475262,2024,0.3333333333333333
WIFUSDT,2024-02-24 08:00:00.001,2024-02-24 20:00:00.000,3,11.999999722222222,109.93361236572137,0.0010244199999999998,-0.00397558,2024,0.4999999884259259
WIFUSDT,2024-02-27 00:00:00.000,2024-03-08 04:00:00.000,61,244.0,254.18893765200957,0.06759541000000001,0.06259541,2024,10.166666666666666
WIFUSDT,2024-03-08 16:00:00.000,2024-03-16 12:00:00.000,47,188.0,227.85855,0.027246740000000005,0.022246740000000004,2024,7.833333333333333
WIFUSDT,2024-03-26 20:00:00.000,2024-03-29 20:00:00.000,18,72.0,216.33477000000002,0.0072026799999999995,0.0022026799999999994,2024,3.0
WIFUSDT,2024-03-30 16:00:00.000,2024-04-02 04:00:00.000,15,60.0,198.36583377540512,0.00670777,0.00170777,2024,2.5
WLDUSDT,2024-03-03 16:00:00.000,2024-03-06 00:00:00.000,7,56.0,117.10368,0.00676607,0.0017660699999999998,2024,2.3333333333333335
WLDUSDT,2024-03-10 00:00:00.000,2024-03-15 16:00:00.000,17,136.0,146.64897000000002,0.01179283,0.006792830000000001,2024,5.666666666666667
XAIUSDT,2024-03-02 00:00:00.000,2024-03-05 20:00:00.000,23,92.0,122.63343,0.01333734,0.008337339999999999,2024,3.8333333333333335
XAIUSDT,2024-03-09 04:00:00.000,2024-03-12 16:00:00.000,21,84.0,112.46526000000001,0.00942931,0.00442931,2024,3.5
XLMUSDT,2020-02-06 16:00:00.000,2020-02-16 08:00:00.000,29,232.0,123.21049499999998,0.03675400000000001,0.03175400000000001,2020,9.666666666666666
XLMUSDT,2020-08-06 16:00:00.000,2020-08-08 00:00:00.000,4,32.0,135.56869795072518,0.00219835,-0.00280165,2020,1.3333333333333333
XLMUSDT,2020-08-12 00:00:00.000,2020-08-12 08:00:00.000,1,8.0,105.33133865733815,0.00018431,-0.00481569,2020,0.3333333333333333
XLMUSDT,2020-08-15 00:00:00.000,2020-08-19 00:00:00.000,12,96.0,161.079975,0.014671530000000002,0.009671530000000001,2020,4.0
XLMUSDT,2020-11-22 08:00:00.000,2020-11-26 08:00:00.002,12,96.00000055555554,113.56794471665708,0.01277031,0.00777031,2020,4.000000023148147
XLMUSDT,2021-01-04 08:00:00.000,2021-01-05 08:00:00.003,3,24.00000083333333,221.86890000000002,0.00178447,-0.0032155300000000003,2021,1.0000000347222222
XLMUSDT,2021-01-10 08:00:00.005,2021-01-11 08:00:00.012,3,24.000001944444445,298.68424500000003,0.00145946,-0.00354054,2021,1.0000000810185186
XLMUSDT,2021-01-15 08:00:00.000,2021-01-16 00:00:00.000,2,16.0,101.91275207727446,0.00133442,-0.00366558,2021,0.6666666666666666
XLMUSDT,2021-01-17 00:00:00.009,2021-01-20 16:00:00.001,11,87.99999777777778,124.67560500000002,0.01381064,0.008810640000000002,2021,3.6666665740740743
XLMUSDT,2021-01-29 16:00:00.000,2021-02-15 08:00:00.006,50,400.00000166666666,349.691535,0.08313285000000001,0.07813285,2021,16.66666673611111
XLMUSDT,2021-02-18 08:00:00.000,2021-02-22 16:00:00.000,13,104.0,235.12835297014706,0.023514820000000002,0.01851482,2021,4.333333333333333
XLMUSDT,2021-03-09 08:00:00.000,2021-03-25 00:00:00.000,47,376.0,169.250865,0.05080515,0.04580515,2021,15.666666666666666
XLMUSDT,2021-03-30 08:00:00.012,2021-04-18 08:00:00.004,57,455.9999977777778,167.22076983766038,0.09762371000000002,0.09262371000000001,2021,18.99999990740741
XLMUSDT,2021-05-06 08:00:00.001,2021-05-11 00:00:00.000,14,111.99999972222223,170.3458768295748,0.01051192,0.005511919999999999,2021,4.666666655092593
XLMUSDT,2021-09-06 00:00:00.003,2021-09-07 16:00:00.001,5,39.99999944444444,116.23972500000002,0.0027414799999999997,-0.0022585200000000004,2021,1.6666666435185185
XRPUSDT,2020-01-15 16:00:00.000,2020-01-16 08:00:00.000,2,16.0,197.30476499999997,0.00119311,-0.0038068900000000003,2020,0.6666666666666666
XRPUSDT,2020-01-29 16:00:00.002,2020-02-01 00:00:00.000,7,55.99999944444444,141.85396500000002,0.006640159999999999,0.001640159999999999,2020,2.333333310185185
XRPUSDT,2020-02-06 16:00:00.000,2020-02-16 00:00:00.000,28,224.0,141.54189,0.03640095,0.031400950000000004,2020,9.333333333333334
XRPUSDT,2020-07-31 00:00:00.000,2020-08-01 16:00:00.001,5,40.00000027777777,122.46808499999999,0.0029763699999999995,-0.0020236300000000007,2020,1.6666666782407404
XRPUSDT,2020-08-15 00:00:00.000,2020-08-19 08:00:00.000,13,104.0,119.69116500000001,0.01209916,0.007099159999999999,2020,4.333333333333333
XRPUSDT,2020-09-02 08:00:00.006,2020-09-02 16:00:00.000,1,7.999998333333333,112.36123500000002,0.0001,-0.0049,2020,0.3333332638888889
XRPUSDT,2020-11-23 16:00:00.003,2020-11-24 00:00:00.000,1,7.999999166666666,159.790065,0.0001,-0.0049,2020,0.3333332986111111
XRPUSDT,2021-01-04 00:00:00.000,2021-01-05 16:00:00.003,5,40.00000083333333,353.6280845575059,0.00495036,-4.96400000000001e-05,2021,1.6666667013888887
XRPUSDT,2021-01-07 00:00:00.007,2021-01-11 08:00:00.012,13,104.00000138888889,109.23501,0.018072509999999996,0.013072509999999996,2021,4.333333391203704
XRPUSDT,2021-01-14 00:00:00.000,2021-01-14 08:00:00.012,1,8.000003333333334,105.53173099288864,0.0001,-0.0049,2021,0.33333347222222226
XRPUSDT,2021-01-19 08:00:00.005,2021-01-22 00:00:00.012,8,64.00000194444445,257.448735,0.005910920000000001,0.0009109200000000008,2021,2.6666667476851855
XRPUSDT,2021-01-31 08:00:00.000,2021-02-15 08:00:00.006,45,360.00000166666666,131.25550101734407,0.07261134999999999,0.06761134999999999,2021,15.000000069444445
XRPUSDT,2021-02-18 08:00:00.000,2021-02-22 16:00:00.000,13,104.0,267.2896113706714,0.0215785,0.0165785,2021,4.333333333333333
XRPUSDT,2021-03-10 00:00:00.009,2021-03-25 00:00:00.000,45,359.9999975,163.883175,0.03149250000000001,0.026492500000000006,2021,14.999999895833334
XRPUSDT,2021-03-30 16:00:00.001,2021-04-18 08:00:00.004,56,448.00000083333333,153.77638373403545,0.08780984999999998,0.08280984999999998,2021,18.666666701388888
XRPUSDT,2021-05-06 08:00:00.001,2021-05-11 00:00:00.000,14,111.99999972222223,156.8029158890914,0.014271730000000002,0.009271730000000002,2021,4.666666655092593
XTZUSDT,2020-02-07 08:00:00.000,2020-02-08 08:00:00.000,3,24.0,174.64374,0.00216873,-0.0028312700000000003,2020,1.0
XTZUSDT,2020-02-12 16:00:00.000,2020-02-16 08:00:00.000,11,88.0,292.76687516551647,0.01813761,0.013137609999999997,2020,3.6666666666666665
XTZUSDT,2020-05-08 16:00:00.000,2020-05-10 16:00:00.000,6,48.0,140.90131989240695,0.0036846900000000004,-0.0013153099999999997,2020,2.0
XTZUSDT,2020-07-26 00:00:00.000,2020-08-08 00:00:00.000,39,312.0,216.22964999999996,0.04104825999999999,0.03604825999999999,2020,13.0
XTZUSDT,2020-08-10 00:00:00.001,2020-08-19 08:00:00.000,28,223.9999997222222,151.52172,0.03355683,0.028556830000000002,2020,9.333333321759259
XTZUSDT,2020-11-23 16:00:00.003,2020-11-26 00:00:00.012,7,56.0000025,140.794005,0.00553513,0.00053513,2020,2.3333334375
XTZUSDT,2021-01-04 08:00:00.000,2021-01-05 08:00:00.003,3,24.00000083333333,244.01418,0.0015783,-0.0034217,2021,1.0000000347222222
XTZUSDT,2021-01-08 00:00:00.000,2021-01-08 08:00:00.000,1,8.0,142.046704728709,0.0001,-0.0049,2021,0.3333333333333333
XTZUSDT,2021-01-10 08:00:00.005,2021-01-11 08:00:00.012,3,24.000001944444445,235.872855,0.0008795300000000001,-0.00412047,2021,1.0000000810185186
XTZUSDT,2021-01-19 08:00:00.005,2021-01-21 16:00:00.004,7,55.99999972222223,264.39869999999996,0.0048692,-0.00013080000000000036,2021,2.3333333217592593
XTZUSDT,2021-02-03 08:00:00.006,2021-02-15 08:00:00.006,36,288.0,274.15517855783116,0.06804305000000001,0.06304305,2021,12.0
XTZUSDT,2021-02-18 08:00:00.000,2021-02-21 00:00:00.007,8,64.00000194444445,272.5806535752723,0.017153489999999997,0.012153489999999996,2021,2.6666667476851855
XTZUSDT,2021-03-09 16:00:00.000,2021-03-25 00:00:00.000,46,368.0,149.02293,0.042322759999999994,0.037322759999999996,2021,15.333333333333334
XTZUSDT,2021-03-30 08:00:00.012,2021-04-18 08:00:00.004,57,455.9999977777778,132.51364260700888,0.09253294000000002,0.08753294000000002,2021,18.99999990740741
XVGUSDT,2024-03-02 16:00:00.000,2024-03-06 00:00:00.000,10,80.0,123.2510142795491,0.009286009999999999,0.004286009999999999,2024,3.3333333333333335
YFIUSDT,2020-11-22 08:00:00.000,2020-11-26 08:00:00.002,12,96.00000055555554,128.44790229998304,0.009792139999999998,0.004792139999999998,2020,4.000000023148147
YFIUSDT,2020-12-19 00:00:00.000,2020-12-22 00:00:00.001,9,72.00000027777777,112.58461499999999,0.005393230000000001,0.0003932300000000005,2020,3.0000000115740737
YFIUSDT,2021-01-04 08:00:00.000,2021-01-11 08:00:00.012,21,168.00000333333332,265.93388999999996,0.032093460000000004,0.027093460000000003,2021,7.000000138888889
YFIUSDT,2021-01-17 00:00:00.009,2021-01-21 16:00:00.004,14,111.99999861111111,119.65065000000001,0.01187666,0.006876660000000001,2021,4.666666608796296
YFIUSDT,2021-01-30 08:00:00.000,2021-02-21 00:00:00.007,65,520.0000019444444,140.432655,0.13080302000000005,0.12580302000000004,2021,21.666666747685184
YFIUSDT,2021-03-15 00:00:00.012,2021-03-15 16:00:00.030,2,16.000004999999998,118.65638999999999,0.00071873,-0.00428127,2021,0.6666668749999999
YFIUSDT,2021-03-30 16:00:00.001,2021-04-18 08:00:00.004,56,448.00000083333333,156.90698992975308,0.08605171000000005,0.08105171000000004,2021,18.666666701388888
YFIUSDT,2021-09-06 00:00:00.003,2021-09-07 16:00:00.001,5,39.99999944444444,106.86762,0.0017996999999999998,-0.0032003000000000005,2021,1.6666666435185185
YGGUSDT,2024-03-02 12:00:00.000,2024-03-06 00:00:00.000,21,84.0,177.79735234703836,0.01051061,0.00551061,2024,3.5
YGGUSDT,2024-03-09 20:00:00.000,2024-03-15 20:00:00.000,36,144.0,174.62622,0.013986799999999997,0.008986799999999996,2024,6.0
YGGUSDT,2024-03-31 00:00:00.000,2024-04-02 04:00:00.000,13,52.0,115.57725,0.00482201,-0.00017799000000000027,2024,2.1666666666666665
ZECUSDT,2020-02-07 08:00:00.000,2020-02-14 00:00:00.000,20,160.0,172.18984500000002,0.039396770000000005,0.03439677000000001,2020,6.666666666666667
ZECUSDT,2020-02-15 08:00:00.000,2020-02-16 00:00:00.000,2,16.0,207.43242,0.0024109300000000004,-0.0025890699999999997,2020,0.6666666666666666
ZECUSDT,2020-02-19 16:00:00.000,2020-02-20 08:00:00.000,2,16.0,173.28594601687314,0.00050562,-0.00449438,2020,0.6666666666666666
ZECUSDT,2020-07-13 08:00:00.001,2020-07-14 08:00:00.000,3,23.99999972222222,108.285645,0.0011891199999999999,-0.00381088,2020,0.9999999884259259
ZECUSDT,2020-07-26 16:00:00.000,2020-07-30 08:00:00.001,11,88.00000027777777,109.13645999999999,0.010491180000000001,0.005491180000000001,2020,3.6666666782407407
ZECUSDT,2020-08-11 00:00:00.001,2020-08-16 16:00:00.000,17,135.9999997222222,207.67989,0.017173639999999997,0.012173639999999996,2020,5.666666655092592
ZECUSDT,2020-08-17 16:00:00.000,2020-08-19 00:00:00.000,4,32.0,163.374,0.00404577,-0.0009542300000000004,2020,1.3333333333333333
ZECUSDT,2021-01-08 00:00:00.000,2021-01-08 08:00:00.000,1,8.0,118.95096152096689,0.00013741,-0.00486259,2021,0.3333333333333333
ZECUSDT,2021-01-10 08:00:00.005,2021-01-11 08:00:00.012,3,24.000001944444445,153.36351,0.0011074799999999999,-0.00389252,2021,1.0000000810185186
ZECUSDT,2021-02-03 00:00:00.009,2021-02-15 08:00:00.006,37,295.99999916666667,162.66444,0.06166223,0.05666223,2021,12.33333329861111
ZECUSDT,2021-02-16 16:00:00.010,2021-02-22 16:00:00.000,18,143.99999722222222,124.21679999999999,0.028874390000000003,0.023874390000000002,2021,5.9999998842592595
ZECUSDT,2021-04-01 16:00:00.004,2021-04-07 16:00:00.004,18,144.0,110.75927692065758,0.019326930000000003,0.014326930000000002,2021,6.0
ZECUSDT,2021-04-11 00:00:00.004,2021-04-18 08:00:00.004,22,176.0,115.62324,0.03097148,0.025971479999999998,2021,7.333333333333333
ZENUSDT,2020-12-20 00:00:00.001,2020-12-21 00:00:00.011,3,24.000002777777777,187.677525,0.00170249,-0.00329751,2020,1.0000001157407408
ZENUSDT,2021-01-04 08:00:00.000,2021-01-05 00:00:00.020,2,16.000005555555553,415.50103499999994,0.0007878,-0.0042122,2021,0.6666668981481481
ZENUSDT,2021-01-08 00:00:00.000,2021-01-08 08:00:00.000,1,8.0,115.1469309926293,0.0001,-0.0049,2021,0.3333333333333333
ZENUSDT,2021-01-10 08:00:00.005,2021-01-11 08:00:00.012,3,24.000001944444445,396.986775,0.00312963,-0.00187037,2021,1.0000000810185186
ZENUSDT,2021-01-20 00:00:00.012,2021-01-20 16:00:00.001,2,15.999996944444446,107.19830999999999,0.00057211,-0.00442789,2021,0.6666665393518519
ZENUSDT,2021-01-30 00:00:00.000,2021-02-08 00:00:00.000,27,216.0,105.93906,0.05020089,0.04520089,2021,9.0
ZENUSDT,2021-02-09 00:00:00.010,2021-02-15 08:00:00.006,19,151.9999988888889,409.43363999999997,0.05282413999999999,0.047824139999999994,2021,6.333333287037038
ZENUSDT,2021-02-18 08:00:00.000,2021-02-22 16:00:00.000,13,104.0,271.139632974847,0.02435626,0.01935626,2021,4.333333333333333
ZENUSDT,2021-03-19 00:00:00.011,2021-03-25 00:00:00.000,18,143.99999694444443,107.14137,0.017286080000000002,0.012286080000000001,2021,5.999999872685184
ZENUSDT,2021-03-30 00:00:00.018,2021-04-07 16:00:00.004,26,207.99999611111113,146.805555,0.040238730000000014,0.03523873000000002,2021,8.66666650462963
ZENUSDT,2021-04-11 00:00:00.004,2021-04-18 08:00:00.004,22,176.0,124.909935,0.03760287999999999,0.032602879999999994,2021,7.333333333333333
ZENUSDT,2021-05-04 00:00:00.004,2021-05-05 00:00:00.001,3,23.99999916666667,102.98160445425604,0.0010431099999999999,-0.00395689,2021,0.9999999652777779
ZENUSDT,2021-09-05 08:00:00.002,2021-09-07 16:00:00.001,7,55.99999972222223,109.930335,0.0016488800000000001,-0.00335112,2021,2.3333333217592593
ZENUSDT,2024-03-05 16:00:00.000,2024-03-06 08:00:00.001,2,16.000000277777776,140.316585,0.00065583,-0.00434417,2024,0.6666666782407407
ZILUSDT,2020-06-24 00:00:00.001,2020-06-25 00:00:00.000,3,23.99999972222222,104.337075,0.00139327,-0.00360673,2020,0.9999999884259259
ZILUSDT,2020-06-26 16:00:00.000,2020-06-28 00:00:00.003,4,32.00000083333333,207.79377000000002,0.0034878599999999997,-0.0015121400000000004,2020,1.3333333680555555
ZILUSDT,2020-07-07 16:00:00.000,2020-07-10 16:00:00.000,9,72.0,152.81494683644726,0.00618282,0.0011828200000000002,2020,3.0
ZILUSDT,2020-07-25 08:00:00.001,2020-07-27 00:00:00.000,5,39.99999972222223,136.556355,0.005225080000000001,0.00022508000000000077,2020,1.6666666550925928
ZILUSDT,2020-07-30 16:00:00.000,2020-08-02 08:00:00.001,8,64.00000027777777,204.3729970962846,0.01187866,0.006878659999999999,2020,2.6666666782407407
ZILUSDT,2020-08-07 08:00:00.000,2020-08-19 00:00:00.000,35,280.0,206.89368718380857,0.04158261,0.03658261,2020,11.666666666666666
ZILUSDT,2021-01-06 08:00:00.003,2021-01-08 08:00:00.000,6,47.99999916666667,184.27978479022548,0.0127749,0.0077749,2021,1.9999999652777778
ZILUSDT,2021-01-10 08:00:00.005,2021-01-11 00:00:00.000,2,15.999998611111112,399.62244,0.0007227399999999999,-0.00427726,2021,0.6666666087962964
ZILUSDT,2021-01-18 16:00:00.000,2021-01-20 08:00:00.001,5,40.00000027777777,211.76098441124785,0.005864660000000001,0.0008646600000000006,2021,1.6666666782407404
ZILUSDT,2021-01-31 08:00:00.000,2021-02-15 08:00:00.006,45,360.00000166666666,234.6979933431229,0.09173951000000001,0.08673951,2021,15.000000069444445
ZILUSDT,2021-02-18 08:00:00.000,2021-02-21 08:00:00.012,9,72.00000333333332,296.85133868805775,0.02099817,0.01599817,2021,3.0000001388888884
ZILUSDT,2021-03-12 08:00:00.005,2021-03-13 08:00:00.002,3,23.99999916666667,100.12242,0.0011188399999999999,-0.0038811600000000003,2021,0.9999999652777779
ZILUSDT,2021-03-14 08:00:00.000,2021-03-15 16:00:00.030,4,32.000008333333334,105.20983018431016,0.0036715799999999994,-0.0013284200000000007,2021,1.3333336805555556
ZILUSDT,2021-03-18 16:00:00.000,2021-03-23 08:00:00.010,14,112.00000277777778,189.52588500000002,0.009853989999999998,0.004853989999999998,2021,4.6666667824074075
ZILUSDT,2021-04-01 16:00:00.004,2021-04-18 08:00:00.004,50,400.0,157.5223582866843,0.07918844,0.07418844,2021,16.666666666666668
ZILUSDT,2024-03-03 00:00:00.000,2024-03-06 00:00:00.000,9,72.0,104.584545,0.006720319999999999,0.0017203199999999991,2024,3.0
ZKPUSDT,2026-01-05 08:00:00.000,2026-01-06 04:00:00.000,5,20.0,108.08745750607345,0.00295392,-0.00204608,2026,0.8333333333333334
ZRXUSDT,2020-07-07 00:00:00.000,2020-07-09 00:00:00.001,6,48.00000027777777,210.77107500000002,0.00764529,0.00264529,2020,2.0000000115740737
ZRXUSDT,2020-08-01 00:00:00.005,2020-08-02 08:00:00.001,4,31.99999888888889,208.89096,0.0051300799999999995,0.00013007999999999943,2020,1.3333332870370371
ZRXUSDT,2020-08-05 16:00:00.000,2020-08-19 00:00:00.000,40,320.0,151.56771,0.047145929999999996,0.04214593,2020,13.333333333333334
ZRXUSDT,2020-11-23 08:00:00.000,2020-11-24 16:00:00.005,4,32.00000138888889,145.5638502715018,0.0044804,-0.0005196000000000003,2020,1.3333333912037038
ZRXUSDT,2021-01-04 08:00:00.000,2021-01-07 00:00:00.007,8,64.00000194444445,384.197175,0.006873590000000001,0.0018735900000000005,2021,2.6666667476851855
ZRXUSDT,2021-01-10 08:00:00.005,2021-01-11 08:00:00.012,3,24.000001944444445,341.389245,0.00150132,-0.00349868,2021,1.0000000810185186
ZRXUSDT,2021-01-19 08:00:00.005,2021-01-20 16:00:00.001,4,31.99999888888889,173.972505,0.0022913899999999995,-0.0027086100000000006,2021,1.3333332870370371
ZRXUSDT,2021-01-31 08:00:00.000,2021-02-15 08:00:00.006,45,360.00000166666666,258.4474557648299,0.10921985,0.10421984999999999,2021,15.000000069444445
ZRXUSDT,2021-02-18 08:00:00.000,2021-02-22 16:00:00.000,13,104.0,224.28675345281394,0.025730660000000002,0.02073066,2021,4.333333333333333
ZRXUSDT,2021-03-10 00:00:00.009,2021-03-11 00:00:00.000,3,23.9999975,192.775845,0.0013916,-0.0036084000000000003,2021,0.9999998958333333
ZRXUSDT,2021-03-18 16:00:00.000,2021-03-23 08:00:00.010,14,112.00000277777778,119.916735,0.01194872,0.006948719999999999,2021,4.6666667824074075
ZRXUSDT,2021-04-01 16:00:00.004,2021-04-07 16:00:00.004,18,144.0,237.7366027832021,0.026048190000000002,0.02104819,2021,6.0
ZRXUSDT,2021-04-11 08:00:00.000,2021-04-18 08:00:00.004,21,168.0000011111111,188.76160121688906,0.04000926999999999,0.035009269999999995,2021,7.000000046296296
ZRXUSDT,2023-11-12 08:00:00.000,2023-11-15 08:00:00.000,9,72.0,105.69487499999998,0.00536386,0.0003638599999999997,2023,3.0
