time,ансамбль 60/120/250,один N=60,один N=120,один N=250,всегда лонг (вол-норм.),B&H равные доли
2018-10-23,1.0,1.0,1.0,1.0,1.0,1.0
2018-11-02,1.0,1.0,1.0,1.0,1.0,1.0
2018-11-06,1.0,1.0,1.0,1.0,1.0,1.0
2018-11-07,1.0,1.0,1.0,1.0,1.0,1.0
2018-11-08,1.0,1.0,1.0,1.0,1.0,1.0
2018-11-09,1.0,1.0,1.0,1.0,1.0,1.0
2018-11-12,1.0,1.0,1.0,1.0,1.0,1.0
2018-11-13,1.0,1.0,1.0,1.0,1.0,1.0
2018-11-14,1.0,1.0,1.0,1.0,1.0,1.0
2018-11-15,1.0,1.0,1.0,1.0,1.0,1.0
2018-11-16,1.0,1.0,1.0,1.0,1.0,1.0
2018-11-19,1.0,1.0,1.0,1.0,1.0,1.0
2018-11-20,1.0,1.0,1.0,1.0,1.0,1.0
2018-11-21,1.0,1.0,1.0,1.0,1.0,1.0
2018-11-22,1.0,1.0,1.0,1.0,1.0,1.0
2018-11-23,1.0,1.0,1.0,1.0,1.0,1.0
2018-11-26,1.0,1.0,1.0,1.0,1.0,1.0
2018-11-27,1.0,1.0,1.0,1.0,1.0,1.0
2018-11-28,1.0,1.0,1.0,1.0,1.0,1.0
2018-11-29,1.0,1.0,1.0,1.0,1.0,1.0
2018-11-30,1.0,1.0,1.0,1.0,1.0,1.0
2018-12-03,1.0,1.0,1.0,1.0,1.0,1.0
2018-12-04,1.0,1.0,1.0,1.0,1.0,1.0
2018-12-05,1.0,1.0,1.0,1.0,1.0,1.0
2018-12-06,1.0,1.0,1.0,1.0,1.0,1.0
2018-12-07,1.0,1.0,1.0,1.0,1.0,1.0
2018-12-10,1.0,1.0,1.0,1.0,1.0,1.0
2018-12-11,1.0,1.0,1.0,1.0,1.0,1.0
2018-12-12,1.0,1.0,1.0,1.0,1.0,1.0
2018-12-13,1.0,1.0,1.0,1.0,1.0,1.0
2018-12-14,1.0,1.0,1.0,1.0,1.0,1.0
2018-12-17,1.0,1.0,1.0,1.0,1.0,1.0
2018-12-18,1.0,1.0,1.0,1.0,1.0,1.0
2018-12-19,1.0,1.0,1.0,1.0,1.0,1.0
2018-12-20,1.0,1.0,1.0,1.0,1.0,1.0
2018-12-21,1.0,1.0,1.0,1.0,1.0,1.0
2018-12-24,1.0,1.0,1.0,1.0,1.0,1.0
2018-12-25,1.0,1.0,1.0,1.0,1.0,1.0
2018-12-26,1.0,1.0,1.0,1.0,1.0,1.0
2018-12-27,1.0,1.0,1.0,1.0,1.0,1.0
2018-12-28,1.0,1.0,1.0,1.0,1.0,1.0
2018-12-29,1.0,1.0,1.0,1.0,1.0,1.0
2019-01-03,1.0,1.0,1.0,1.0,1.0,1.0
2019-01-04,1.0,1.0,1.0,1.0,1.0,1.0
2019-01-08,1.0,1.0,1.0,1.0,1.0,1.0
2019-01-09,1.0,1.0,1.0,1.0,1.0,1.0
2019-01-10,1.0,1.0,1.0,1.0,1.0,1.0
2019-01-11,1.0,1.0,1.0,1.0,1.0,1.0
2019-01-14,1.0,1.0,1.0,1.0,1.0,1.0
2019-01-15,1.0,1.0,1.0,1.0,1.0,1.0
2019-01-16,1.0,1.0,1.0,1.0,1.0,1.0
2019-01-17,1.0,1.0,1.0,1.0,1.0,1.0
2019-01-18,1.0,1.0,1.0,1.0,1.0,1.0
2019-01-21,1.0,1.0,1.0,1.0,1.0,1.0
2019-01-22,1.0,1.0,1.0,1.0,1.0,1.0
2019-01-23,1.0,1.0,1.0,1.0,1.0,1.0
2019-01-24,1.0,1.0,1.0,1.0,1.0,1.0
2019-01-25,1.0,1.0,1.0,1.0,1.0,1.0
2019-01-28,1.0,1.0,1.0,1.0,1.0,1.0
2019-01-29,1.0,1.0,1.0,1.0,1.0,1.0
2019-01-30,1.0,1.0,1.0,1.0,1.0,1.0
2019-01-31,0.9997737687585799,0.9993213062757397,1.0,1.0,1.0,1.0
2019-02-01,1.001181731483119,1.0035432828659667,1.0,1.0,1.0,1.0
2019-02-04,1.000591215715892,1.0017675569023623,1.0,1.0,1.0,1.0
2019-02-05,0.9991733921846604,0.9975090857324416,1.0,1.0,1.0,1.0
2019-02-06,1.000730890570899,1.0021737979939125,1.0,1.0,1.0,1.0
2019-02-07,0.999890976697145,0.9996504232741587,1.0,1.0,1.0,1.0
2019-02-08,1.000545910610476,1.0016147523228327,1.0,1.0,1.0,1.0
2019-02-11,1.0019834064199442,1.0059318466027558,1.0,1.0,1.0,1.0
2019-02-12,0.9989895298341251,0.996914823616614,1.0,1.0,1.0,1.0
2019-02-13,0.9976688884802636,0.9929611276978062,1.0,1.0,1.0,1.0
2019-02-14,0.996877172582963,0.9905971877595849,1.0,1.0,1.0,1.0
2019-02-15,0.993135991157725,0.979444347969493,1.0,1.0,1.0,1.0
2019-02-18,0.991047812383221,0.9732661762494643,1.0,1.0,1.0,1.0
2019-02-19,0.990528674696483,0.9717367066971221,1.0,1.0,1.0,1.0
2019-02-20,0.9905495075985168,0.9717980196993515,1.0,1.0,1.0,1.0
2019-02-21,0.9917939003408357,0.9754605274087712,1.0,1.0,1.0,1.0
2019-02-22,0.9922429282141836,0.9767854265617304,1.0,1.0,1.0,1.0
2019-02-25,0.9908156110715121,0.9725701808459886,1.0,1.0,1.0,1.0
2019-02-26,0.9884997673851984,0.9657505854914907,1.0,1.0,1.0,1.0
2019-02-27,0.9897893280396598,0.9695302342020837,1.0,1.0,1.0,1.0
2019-02-28,0.9897161546525074,0.969315207198336,1.0,1.0,1.0,1.0
2019-03-01,0.9890761707963729,0.9674348314526343,1.0,1.0,1.0,1.0
2019-03-04,0.9897949808177201,0.9695440780578436,1.0,1.0,1.0,1.0
2019-03-05,0.988515854576884,0.9657852109310376,1.0,1.0,1.0,1.0
2019-03-06,0.9890159208959123,0.9672509132356576,1.0,1.0,1.0,1.0
2019-03-07,0.9880216229040597,0.9643336630064301,1.0,1.0,1.0,1.0
2019-03-11,0.9891879263459589,0.9677486864560115,1.0,1.0,1.0,1.0
2019-03-12,0.9900464450144635,0.9702684209522028,1.0,1.0,1.0,1.0
2019-03-13,0.9905086672207392,0.9716273863193444,1.0,1.0,1.0,1.0
2019-03-14,0.9890330374261497,0.9672848832158181,1.0,1.0,1.0,1.0
2019-03-15,0.9902975345655501,0.9709949583746664,1.0,1.0,1.0,1.0
2019-03-18,0.9930126493648868,0.9789815362147929,1.0,1.0,1.0,1.0
2019-03-19,0.9935161533856707,0.9804707049783713,1.0,1.0,1.0,1.0
2019-03-20,0.9944474157567045,0.9832278080320129,1.0,1.0,1.0,1.0
2019-03-21,0.9967980925576972,0.9902002756410916,1.0,1.0,1.0,1.0
2019-03-22,0.9921745003508594,0.9764213098349412,1.0,1.0,1.0,1.0
2019-03-25,0.9958833332644188,0.9873711482659915,1.0,1.0,1.0,1.0
2019-03-26,0.996090921124568,0.9879885888546491,1.0,1.0,1.0,1.0
2019-03-27,0.993348132063171,0.9798271522724256,1.0,1.0,1.0,1.0
2019-03-28,0.9921572506332929,0.9763031371085533,1.0,1.0,1.0,1.0
2019-03-29,0.9911186450798972,0.9732371094420177,1.0,1.0,1.0,1.0
2019-04-01,0.9927103720715778,0.9779261376953783,1.0,1.0,1.0,1.0
2019-04-02,0.9931660910238067,0.9792729337620832,1.0,1.0,1.0,1.0
2019-04-03,0.9933038912661102,0.9796805515274498,1.0,1.0,1.0,1.0
2019-04-04,0.9926864123598854,0.9778535213082215,1.0,1.0,1.0,1.0
2019-04-05,0.994117105888323,0.982081468887467,1.0,1.0,1.0,1.0
2019-04-08,0.9952695728318495,0.985497011448918,1.0,1.0,1.0,1.0
2019-04-09,0.9963013596957971,0.9885619786657283,1.0,1.0,1.0,1.0
2019-04-10,0.9995307703568301,0.9981749513730112,1.0,1.0,1.0,1.0
2019-04-11,0.9956175337043439,0.9864511658093749,1.0,1.0,1.0,1.0
2019-04-12,0.9964191914451156,0.9888339971262019,1.0,1.0,1.0,1.0
2019-04-15,0.9957808738435954,0.9869336218099702,1.0,1.0,1.0,1.0
2019-04-16,0.9948711973092033,0.9842288389194397,1.0,1.0,1.0,1.0
2019-04-17,0.9967249720015997,0.9897306722765125,1.0,1.0,1.0,1.0
2019-04-18,0.9960768775770865,0.9878000325860552,1.0,1.0,1.0,1.0
2019-04-19,0.9958277670696414,0.987058910973122,1.0,1.0,1.0,1.0
2019-04-22,0.9983363135807913,0.9945182827720447,1.0,1.0,1.0,1.0
2019-04-23,0.9992861555669115,0.9973569110221369,1.0,1.0,1.0,1.0
2019-04-24,0.9973941315941645,0.9916917974572396,1.0,1.0,1.0,1.0
2019-04-25,0.9953393043540768,0.9855715084202075,1.0,1.0,1.0,1.0
2019-04-26,0.9937520845624533,0.9779335637395186,1.0289725461729546,1.0,1.0,1.0
2019-04-29,0.995509985748853,0.9825849257728756,1.02802883148761,1.0,1.0,1.0
2019-04-30,0.9935027146891636,0.9783314446027119,1.0199723051388825,1.0,1.0,1.0
2019-05-02,0.991281862340424,0.9699981143611374,1.0419465413491589,1.0,1.0,1.0
2019-05-03,0.9922850433497958,0.9740989484472412,1.0286377155560982,1.0,1.0,1.0
2019-05-06,0.9907231195377032,0.9695179780119938,1.0333896612377724,1.0,1.0,1.0
2019-05-07,0.9895416501154529,0.9657053459651795,1.0398915748365305,1.0,1.0,1.0
2019-05-08,0.9899271269069758,0.9665727215893302,1.042124953157881,1.0,1.0,1.0
2019-05-10,0.987029920533961,0.9576844879900899,1.0455637013840327,1.0,1.0,1.0
2019-05-13,0.9862158223829947,0.9552399070571815,1.0462130071322235,1.0,1.0,1.0
2019-05-14,0.9937592582204879,0.9766476505696006,1.0506637489516073,1.0,1.0,1.0
2019-05-15,0.9962529732474863,0.9831879193930747,1.0576005815600824,1.0,1.0,1.0
2019-05-16,0.9991662125139961,0.9907673288360189,1.0665318291710193,1.0,1.0,1.0
2019-05-17,0.9978665752722014,0.9876743848749114,1.0598732653334781,1.0,1.0,1.0
2019-05-20,0.9983763131369692,0.9891067037817873,1.0605709976972844,1.0,1.0,1.0
2019-05-21,1.001424898472481,0.9987483620952656,1.0592123975791459,1.0,1.0,1.0
2019-05-22,1.0021378674558075,1.0020862916602071,1.0557934542680207,1.0,1.0,1.0
2019-05-23,0.9964635989824341,0.9887548723168845,1.035199807639334,1.0,1.0,1.0
2019-05-24,0.9973766788759204,0.9912001570742361,1.0390785209529785,1.0,1.0,1.0
2019-05-27,0.999798867778463,0.9962670624358655,1.0494156789312887,1.0,1.0,1.0
2019-05-28,0.9983731443040214,0.991872602506435,1.0441728255081304,1.0,1.0,1.0
2019-05-29,0.9965992115419098,0.9899190887741542,1.035820831587492,1.0,1.0,1.0
2019-05-30,0.9969043428624074,0.9915900868724837,1.0359768392896846,1.0,1.0,1.0
2019-05-31,0.9942277882763297,0.9869605765858078,1.0302536038781807,1.0,1.0,1.0
2019-06-03,0.9993015462217714,1.0022362528481639,1.0350631519005804,1.0,1.0,1.0
2019-06-04,0.9979585316025832,0.9979587083374301,1.03076214378641,1.0,1.0,1.0
2019-06-05,0.9981069522235918,1.0008026244799808,1.027877191092619,1.0,1.0,1.0
2019-06-06,1.0008284328523822,1.0071673414249969,1.032851788637171,1.0,1.0,1.0
2019-06-07,1.000541406343228,1.007924073728456,1.0323501906774906,1.0,1.0,1.0
2019-06-10,1.0012836866733488,1.0090756895031052,1.0322918570276034,1.0,1.0,1.0
2019-06-11,1.004480021399889,1.0151961016994906,1.0359686704557742,1.0,1.0,1.0
2019-06-13,1.0072768145656368,1.0216038087881334,1.0407420590510048,1.0,1.0,1.0
2019-06-14,1.0082085184904968,1.0234875037683082,1.0438291676092868,1.0,1.0,1.0
2019-06-17,1.0076964410453007,1.0224403742730381,1.0418874067002462,1.0,1.0,1.0
2019-06-18,1.012904392612195,1.0294105157239832,1.0507280070018101,1.0,1.0,1.0
2019-06-19,1.013104544563155,1.0299026621120135,1.0505643332871026,1.0,1.0,1.0
2019-06-20,1.0235959768624687,1.0424560569795343,1.0678784160689727,1.0,1.0,1.0
2019-06-21,1.0183167102040478,1.0345442469141912,1.0619076755360455,1.0,1.0,1.0
2019-06-24,1.0240860095655586,1.0429577585464285,1.0687334029798852,1.0,1.0,1.0
2019-06-25,1.024224116560346,1.0420590015753326,1.0700317331925504,1.0,1.0,1.0
2019-06-26,1.0236666870217226,1.0402869704399857,1.0705513905131496,1.0,1.0,1.0
2019-06-27,1.0230708243419575,1.0396852402876167,1.0695071287048672,1.0,1.0,1.0
2019-06-28,1.0216739259908774,1.0373285209016645,1.0681049560745448,1.0,1.0,1.0
2019-07-01,1.0291283075909516,1.04791923099111,1.07737907100262,1.0,1.0,1.0
2019-07-02,1.026534138753319,1.046759917197908,1.0716542791607782,1.0,1.0,1.0
2019-07-03,1.029031651225201,1.049890194152162,1.0753314978605415,1.0,1.0,1.0
2019-07-04,1.0321584900155045,1.053417247376053,1.0802716243925323,1.0,1.0,1.0
2019-07-05,1.0277679071649704,1.0469998684411532,1.0748328138717043,1.0,1.0,1.0
2019-07-08,1.0301325567536903,1.0495414341736844,1.078525994076741,1.0,1.0,1.0
2019-07-09,1.028373591115002,1.0475672745680509,1.0758769721902877,1.0,1.0,1.0
2019-07-10,1.0335994335921823,1.0521040832612165,1.085231545164364,1.0,1.0,1.0
2019-07-11,1.0322045931881294,1.0493706786642125,1.0839421833823153,1.0,1.0,1.0
2019-07-12,1.0288378970905196,1.0451278873990966,1.0791591709709647,1.0,1.0,1.0
2019-07-15,1.0297933608752285,1.0464265853358987,1.0801004076629483,1.0,1.0,1.0
2019-07-16,1.0275876796868537,1.0434912356623856,1.077092886646888,1.0,1.0,1.0
2019-07-17,1.0274042404017418,1.0460698547633276,1.0739509272783903,1.0,1.0,1.0
2019-07-18,1.0250241611708912,1.0457973275276737,1.0678789630603196,1.0,1.0,1.0
2019-07-19,1.024825558292325,1.0451596827503575,1.0679036676078186,1.0,1.0,1.0
2019-07-22,1.0232417709000081,1.0413915046393454,1.0674179308220513,1.0,1.0,1.0
2019-07-23,1.0233045863036438,1.041804186051622,1.0670851425470624,1.0,1.0,1.0
2019-07-24,1.0217743361840268,1.0389720541304193,1.0656538194846432,1.0,1.0,1.0
2019-07-25,1.0242560174580735,1.042450454402999,1.0691004032603708,1.0,1.0,1.0
2019-07-26,1.027327883177402,1.046360741885276,1.0735179483987947,1.0,1.0,1.0
2019-07-29,1.0281549165070674,1.0481678082966948,1.074193763173449,1.0,1.0,1.0
2019-07-30,1.028502465655557,1.0478721885640112,1.0758336690765198,1.0,1.0,1.0
2019-07-31,1.0304678540146874,1.0491546641920555,1.0794092525682817,1.0,1.0,1.0
2019-08-01,1.0243347118138368,1.0428167883783181,1.0692432513212824,1.0,1.0,1.0
2019-08-02,1.0062537849795319,1.0215447844921715,1.0445690623223856,1.0,1.0,1.0
2019-08-05,1.0062629890204755,1.023179077969035,1.042820188859488,1.0,1.0,1.0
2019-08-06,1.0092677194981696,1.0283965941057096,1.0458035539065402,1.0,1.0,1.0
2019-08-07,1.010751789752073,1.0306383291485188,1.0481168325852634,1.0,1.0,1.0
2019-08-08,1.0139958316069273,1.033452885392069,1.0540738593467573,1.0,1.0,1.0
2019-08-09,1.0092232152765226,1.028206211495503,1.0464233373688676,1.0,1.0,1.0
2019-08-12,1.0104820382581443,1.0298363993070276,1.047700548821816,1.0,1.0,1.0
2019-08-13,1.0082886110648086,1.0237659019208787,1.0487355305026258,1.0,1.0,1.0
2019-08-14,1.003497757568251,1.0201475409424632,1.0393819818869543,1.0,1.0,1.0
2019-08-15,1.0020961190476196,1.0206878029676956,1.0361097291554722,1.0,1.0,1.0
2019-08-16,0.9985533687280993,1.0184278832875213,1.0315242687749562,1.0,1.0,1.0
2019-08-19,1.000464384918473,1.0215373188143362,1.0320542504083354,1.0,1.0,1.0
2019-08-20,1.0044811590476594,1.0242664324006527,1.0370843924739748,1.0,1.0,1.0
2019-08-21,1.0047639777468054,1.0189146074405584,1.0430795497556593,1.0,1.0,1.0
2019-08-22,1.005949112530388,1.0195052422148922,1.0452440348008725,1.0,1.0,1.0
2019-08-23,1.003923532579398,1.0169572430146396,1.0423134107380525,1.0,1.0,1.0
2019-08-26,1.0045822319180806,1.017172751225686,1.0433663897397611,1.0,1.0,1.0
2019-08-27,1.0022241409964374,1.0165990840397723,1.0384365999148855,1.0,1.0,1.0
2019-08-28,1.0000925776837786,1.0116212416887982,1.0400390597037954,1.0,1.0,1.0
2019-08-29,1.0041833669600098,1.014976925805973,1.0461503655939852,1.0,1.0,1.0
2019-08-30,1.0059479298811542,1.0156242165598846,1.0489172969552976,1.0,1.0,1.0
2019-09-02,1.01003626287711,1.0179949774596684,1.054431183738311,1.0,1.0,1.0
2019-09-03,1.0119016185353913,1.0221964310927991,1.0544033592051525,1.0,1.0,1.0
2019-09-04,1.0115026516959482,1.0205047534386926,1.0552511569082281,1.0,1.0,1.0
2019-09-05,1.009232873937773,1.0186524942176347,1.0525586260824351,1.0,1.0,1.0
2019-09-06,1.0090569211931115,1.0175084019669756,1.0534903955181913,1.0,1.0,1.0
2019-09-09,1.006479136300113,1.0165159411994968,1.0492924450647003,1.0,1.0,1.0
2019-09-10,1.006220505565544,1.0147367728246803,1.0505593729966085,1.0,1.0,1.0
2019-09-11,1.0087996623537894,1.015036795483669,1.0564985410670256,1.0,1.0,1.0
2019-09-12,1.0107958422867964,1.0136897436168337,1.0620288600299348,1.0,1.0,1.0
2019-09-13,1.010269829815508,1.0110356055789862,1.063864266885541,1.0,1.0,1.0
2019-09-16,1.0120231273001552,1.0116491506423746,1.0673076202882403,1.0,1.0,1.0
2019-09-17,1.0068890218636004,1.0066467307826739,1.060442260387516,1.0,1.0,1.0
2019-09-18,1.0070279478083428,1.0066895367929563,1.060717733806492,1.0,1.0,1.0
2019-09-19,1.0051750355867333,1.0053110867769888,1.0584920158982412,1.0,1.0,1.0
2019-09-20,1.004986086428061,1.006835094366354,1.0564560265833485,1.0,1.0,1.0
2019-09-23,1.0073245136531466,1.009871886683908,1.058807219185146,1.0,1.0,1.0
2019-09-24,1.0021989407235339,1.0077600691998292,1.0529569280028757,1.0,1.0,1.0
2019-09-25,0.9983046451666236,1.005518893582488,1.0522245269164299,1.0,1.0,1.0
2019-09-26,0.9971537310492923,1.0018739058475763,1.0551219916982346,1.0,1.0,1.0
2019-09-27,0.9911540168735695,1.0040236364871409,1.048070242816133,1.0,1.0,1.0
2019-09-30,0.9879684301081586,1.0047723420809085,1.0422088733019885,1.0,1.0,1.0
2019-10-01,0.9885747452675758,1.0067896509845353,1.0410186773670906,1.0,1.0,1.0
2019-10-02,0.9951342288728342,1.0160956977105917,1.0416416904869519,1.0,1.0,1.0
2019-10-03,0.995105462313125,1.017126562522014,1.0405523113738133,1.0,1.0,1.0
2019-10-04,0.9939983228510442,1.0126124869316369,1.0437498756736319,1.0,1.0,1.0
2019-10-07,0.9880059799291045,1.0042470469158282,1.0429219263119882,1.0,1.0,1.0
2019-10-08,0.9901124933016688,1.0110653677639763,1.0391553883509448,1.0,1.0,1.0
2019-10-09,0.9858965935413896,1.0049355326501135,1.0387408196737384,1.0,1.0,1.0
2019-10-10,0.9860712336680002,1.0015033740205481,1.0423368311398336,1.0,1.0,1.0
2019-10-11,0.9839345747835739,0.9974345609452123,1.0414238416352284,1.0,1.0,1.0
2019-10-14,0.9833771953714563,0.9991064684776887,1.0388433861963648,1.0,1.0,1.0
2019-10-15,0.9827344040292931,0.9970859207500191,1.0393737540971681,1.0,1.0,1.0
2019-10-16,0.9849627753198297,0.996941127987999,1.0438769148061164,1.0,1.0,1.0
2019-10-17,0.9863533089691761,0.9968305924512381,1.0472935968805324,1.0,1.0,1.0
2019-10-18,0.9856127092130532,0.9946793213539663,1.0477597463886053,1.0,1.0,1.0
2019-10-21,0.9871863750055562,0.9954795233916608,1.0506408969207548,1.0,1.0,1.0
2019-10-22,0.9912885951626917,0.994923078681351,1.060954158071148,1.0,1.0,1.0
2019-10-23,0.991850163700503,0.9955450239299126,1.0616858165257963,1.0,1.0,1.0
2019-10-24,0.9953105247369152,0.9970696092169138,1.0697639550922131,1.0,1.0,1.0
2019-10-25,1.0005456799817727,1.0041013808813803,1.0771519282772848,1.0,1.0,1.0
2019-10-28,0.9947034412370016,0.9962985108804451,1.0688626954776612,1.0,1.0,1.0
2019-10-29,0.9983108005581285,1.0010407623136321,1.0743619891220155,1.0,1.0,1.0
2019-10-30,1.0008862272665957,1.0042159514824327,1.0791747423630933,1.003759954200689,0.9962400457993111,0.9912323429128104
2019-10-31,0.9975702214661835,0.9971890861407585,1.0764795758691554,1.0095406276325167,0.9905006024032962,0.9779184932618931
2019-11-01,1.0051771793232682,1.0102205285767718,1.0882181995229887,1.0006758953327766,0.9991981450704276,0.9974670067337836
2019-11-05,1.0055921517898485,1.0164846514989492,1.0848934007045061,0.9841704491964917,1.0156792167539332,1.0349213014530363
2019-11-06,1.0079562989757034,1.0197756290082771,1.0882180600935063,0.9831411259635043,1.0167414943461135,1.0373853997898292
2019-11-07,1.0137000663684261,1.0278415792050648,1.095103390460247,0.9888172430582328,1.0108713871717017,1.0237507223262416
2019-11-08,1.0100044500917087,1.0229814195607911,1.08907793324246,0.9940445812069694,1.0055274607760758,1.0114302306422769
2019-11-11,1.0071432232705917,1.0221830522177293,1.082858671850933,0.9865270832463766,1.0131317984271355,1.0288431922222805
2019-11-12,1.0038475244036134,1.018481997705487,1.0775915390426682,0.9856952693202921,1.013982949204085,1.0308144708917149
2019-11-13,0.999270652610124,1.0101889738329726,1.0731641085173316,0.9879087146256448,1.0117059820028818,1.0257220009956762
2019-11-14,0.9991835807513973,1.0107563710372898,1.0728947484798825,0.9836463269771494,1.0159776508363674,1.0352498478979424
2019-11-15,1.0028183360929779,1.0151651960735515,1.0788345556874317,0.9809402007481549,1.0132663004875433,1.0291717386671864
2019-11-18,0.9994034428399938,1.0105543223567441,1.0739553906898571,0.9818206178188913,1.0141484900776023,1.0311430173366207
2019-11-19,1.0007862620568895,1.011781083478055,1.075316300770484,0.9728055109063687,1.005115475934542,1.0109374109749185
2019-11-20,1.000023893429039,1.0110101917972039,1.074243939618484,0.9746573118020019,1.0069714702244097,1.01504424153624
2019-11-21,1.004075294691411,1.0171896766826907,1.0807631274473468,0.9837633460364096,1.01049909274975,1.0277396249253081
2019-11-22,1.003965849478267,1.0175286725983097,1.0795887294680817,0.9844923325746927,1.0128277091275835,1.0313777834620779
2019-11-25,1.0041840924727132,1.0187730632597622,1.0801744593600382,0.9798909541206088,1.013346871845957,1.0282771376170388
2019-11-26,1.0012731864785531,1.0137484712650733,1.078208652194286,0.9808886540715449,1.0163365193666096,1.0329933917839262
2019-11-27,1.001347942057608,1.013298039796103,1.0785127734491697,0.9819559766810811,1.0164615310687926,1.0340378196055542
2019-11-28,1.0005632164022276,1.0138088435561345,1.077023834331877,0.979971499775057,1.01548377865762,1.0308086510196335
2019-11-29,0.9984310425787524,1.0105001014237205,1.077097065816303,0.9754076762181996,1.0148421482165328,1.027119044723437
2019-12-02,0.9968164085742514,1.0084049307454481,1.0748901189260318,0.97570658793749,1.0127599088583858,1.0254448103582663
2019-12-03,0.9899187789268918,0.9977830435806065,1.0712019582178653,0.9676019940786212,1.0045679029639694,1.016332766186467
2019-12-04,0.9981340863409691,1.005960811138039,1.0786949968719057,0.9796028226526851,1.0118759767358558,1.0293449372979127
2019-12-05,0.997948038561454,1.004902719288117,1.0788693462630887,0.980367192826555,1.0117330702693486,1.0305848307556016
2019-12-06,1.0038170819785717,1.0118959703592985,1.0821965869937955,0.9897233483381455,1.0182410370703165,1.0384455615042452
2019-12-09,1.004670191588102,1.012157093299172,1.0824758512290473,0.9917765003454388,1.0217320049193548,1.0419535981864148
2019-12-10,1.0049238459823249,1.011392738843924,1.0824290693799155,0.9935578823436568,1.020393784178611,1.0411875492171696
2019-12-11,1.0044640213670848,1.0121717227767015,1.081950922312691,0.994387865740045,1.0230022616928107,1.0418251614118375
2019-12-12,1.0180468919646368,1.0267600317712102,1.0967768667376485,1.00853600279555,1.0233834123260726,1.0475947494708926
2019-12-13,1.0166237544621224,1.02534258649579,1.095521940286338,1.007037222894327,1.0240369670078897,1.0476992640080878
2019-12-16,1.0245321572716626,1.0327112336654456,1.104626521734975,1.015960199069325,1.0261231965930477,1.0518767148053128
2019-12-17,1.023340853722976,1.0315448600898645,1.1036734667208714,1.0144401998126944,1.0260423172634097,1.0520607741499277
2019-12-18,1.0260041454878908,1.0357360360646486,1.1028301818262118,1.0190140067759907,1.0299213352839385,1.05587909049636
2019-12-19,1.0282305820739548,1.0380047423117065,1.1061890814727688,1.020312112766518,1.029346590815067,1.0559978639018146
2019-12-20,1.031549672562502,1.0408458091952961,1.1096274216856203,1.0242286503582656,1.0301055458907669,1.0567692936390032
2019-12-23,1.0329212492208117,1.0427940693376605,1.1087705496472422,1.0271837668844568,1.0327563193927918,1.058851500860469
2019-12-24,1.0385332199654165,1.0456108707709708,1.1162799531032837,1.0341511898505067,1.0340915517863782,1.0617292148333923
2019-12-25,1.039840913795905,1.0469756054743526,1.118689861899115,1.0355164787704663,1.0339104457130466,1.061865071388671
2019-12-26,1.0370299736411726,1.045281536762966,1.116865749527578,1.0338917404532313,1.038733978469364,1.0645658642722224
2019-12-27,1.042152089138278,1.0519548793362297,1.1191232620050193,1.0405370385241717,1.0455238705230219,1.0712441007821996
2019-12-30,1.0437021925736831,1.054093055590919,1.121737455393464,1.04297212030223,1.0451163502414633,1.0722901742957072
2020-01-03,1.048860225033972,1.0522186249096699,1.1309468958876714,1.0515345214634872,1.052705432308435,1.0774582414664495
2020-01-06,1.0503679904934453,1.0539669852574085,1.1330605666269369,1.0534978101674355,1.0531453014266219,1.0776568668556177
2020-01-08,1.0571177083997891,1.0625412163174384,1.142267276921549,1.062068224394789,1.0554565500351363,1.0786571645314411
2020-01-09,1.0559994909587478,1.0614172618982942,1.1410589884015145,1.060944770305753,1.0478952408815594,1.0710394764405344
2020-01-10,1.0602292022125193,1.0656686735476717,1.1456293978437362,1.065194289432432,1.0461000693115368,1.0700779813470063
2020-01-13,1.0593657471595397,1.0648007885667106,1.1446963925177691,1.0643267907918588,1.0517473763661394,1.0730035370302782
2020-01-14,1.0539491991862875,1.0593564511707803,1.138843548076172,1.058884876951432,1.047513049155883,1.069426443947316
2020-01-15,1.0519797491133007,1.0573768968984416,1.1367154611526176,1.0569062038808452,1.0491790406271717,1.06920647114253
2020-01-16,1.0554972252993888,1.0609124193813553,1.1405162658433283,1.0604401525202685,1.0533761205192955,1.0737750225216538
2020-01-17,1.0670122795472703,1.0724865512394115,1.1529588439543716,1.0720091321350078,1.059298567851491,1.080010125030449
2020-01-20,1.0711412324842478,1.0766366876347373,1.1574203791177526,1.0761574210904765,1.0649776524850436,1.0847087076045974
2020-01-21,1.0662505055202636,1.0717208689556097,1.1521357099395457,1.0712437906958998,1.0649441547049616,1.0838786584686484
2020-01-22,1.057045605265813,1.0624687432606859,1.1421650949567705,1.0619957835995337,1.0566715100200292,1.0746274992723135
2020-01-23,1.0458662200041353,1.0512255279708003,1.1392839298890878,1.0507784199950565,1.0443663697422976,1.0608354012588652
2020-01-24,1.0488900715843066,1.0546233480530975,1.1430566719005861,1.0530191212752527,1.0449660106355945,1.06085858764396
2020-01-27,1.0277481047374433,1.0351502230373224,1.1219674416379324,1.0281996399512756,1.0366549436541568,1.0476885589817138
2020-01-28,1.0366540040349292,1.0415309543178972,1.1305071511692155,1.0392770599476595,1.0372915122508086,1.0516234419254415
2020-01-29,1.035088536603034,1.0408802374271104,1.1297975219528884,1.0358735008805764,1.039616478493852,1.051603917405991
2020-01-30,1.0253590771518353,1.0311919134287206,1.119270589386603,1.0259665710407686,1.0411862333100108,1.0490644951687664
2020-01-31,1.0146619707133253,1.0219317731872741,1.1092292385505307,1.0122648171576565,1.0359435492317948,1.0405213952545231
2020-02-03,1.0165003583244092,1.0254863237536112,1.110708732286428,1.0150666258182306,1.0332975673370308,1.039276212372618
2020-02-04,1.0189015494373257,1.0303564898928166,1.1126555038247778,1.0187006489691632,1.029495873910098,1.0372967385615244
2020-02-05,1.0206142417576083,1.0314830068356167,1.1138554899318285,1.0216256701083568,1.03250292357509,1.0429021795631375
2020-02-06,1.0138591750852972,1.027274430825647,1.1058079206790437,1.0129723040787733,1.029575364244442,1.036855006002419
2020-02-07,1.00989323031925,1.0238746440878381,1.1020885131964606,1.0078458859119974,1.032601517245277,1.0376906498000436
2020-02-10,1.007260405078154,1.0244980924913207,1.0990823077117216,1.0021847309854934,1.0268241478589661,1.0299397835527677
2020-02-11,1.015259361342384,1.0302366106707401,1.1052876931008626,1.0147440682210616,1.0296872976517082,1.0378090022840942
2020-02-12,1.0164268778516674,1.0304152642550901,1.1055562031648472,1.0177227686091734,1.033573532450612,1.0439844854382245
2020-02-13,1.0146200156553158,1.0295807409920497,1.105503354935148,1.0139199229901883,1.0331335316786088,1.0421378199287983
2020-02-14,1.0133681985090273,1.0276933464934683,1.1066015486269394,1.011018532602773,1.0333873940263039,1.0428829921749798
2020-02-17,1.0143634577198921,1.028302104896605,1.107671527164145,1.0124209473517767,1.0341035072827383,1.0441301332964315
2020-02-18,1.0097488461219835,1.0242510350888019,1.1034457070324857,1.0064545630011026,1.0325703688099357,1.0405128800205137
2020-02-19,1.0165554656839457,1.029723851223346,1.1129660092418014,1.0127465943858582,1.0375383968484637,1.0474949766397932
2020-02-20,1.0145568533502276,1.0262130340930617,1.1120409140020642,1.0110679494894814,1.0449799184233597,1.0546900081622699
2020-02-21,1.0145801598653448,1.0294272965704727,1.111326145994499,1.0086206702270128,1.0454327733638658,1.0516142441868253
2020-02-25,0.9943537349950087,1.014877594182232,1.0888680099829613,0.9829230094507652,1.0330889651136936,1.0323486628624114
2020-02-26,0.9998278256804232,1.0180472353788674,1.0939996649039272,0.9888817699973257,1.0335298205634866,1.034171150054935
2020-02-27,0.9817471305169363,1.0099412689000389,1.0665471379030447,0.967854541007533,1.0221495433579848,1.012207915701778
2020-02-28,0.9553351611316251,1.0197743923681697,1.040012542084316,0.9338276586948543,0.995536874315792,0.9811041544885948
2020-03-02,0.9547669539170207,1.020186056753409,1.0392305872647598,0.931137961208178,0.9955179039540386,0.9815637227106508
2020-03-03,0.9580179597138601,1.0083690574824862,1.0337949360037102,0.9472677903191855,1.006817355308437,0.9996913511225841
2020-03-04,0.9572536133649673,1.0115674126529217,1.0330152231532184,0.9446673538477955,1.00499734269995,0.9955011890602034
2020-03-05,0.9584529192482664,1.0242821603059618,1.0324916013991978,0.9403939199561394,1.0066857485799685,0.9914298644128468
2020-03-06,0.9653542817015967,1.0463535615411355,1.048535238209266,0.925164338690623,0.9957299262948024,0.9650164285343954
2020-03-10,0.9893639832470196,1.1023505011785166,1.1042048317658617,0.8943679823600892,0.9720595718061793,0.9052669382432379
2020-03-11,0.9912658673184479,1.1045390205513763,1.10642992810371,0.8964023477803552,0.9686699577642326,0.8985349028304364
2020-03-12,1.00078302447553,1.1292568716874904,1.1311570738825159,0.8990395273463578,0.9479484654078232,0.8536567513570166
2020-03-13,0.9909461006947884,1.1134404186619273,1.1153884999969434,0.8899074402599163,0.9516453583207551,0.8663143136975381
2020-03-16,0.9942791241639438,1.120337424964907,1.122227502356975,0.8949803118708632,0.9454738418718607,0.8524893744354867
2020-03-17,1.0018893623194018,1.130643974508571,1.1290408284329085,0.902887766941062,0.9433012996742554,0.8428620717068179
2020-03-18,1.0172783244836003,1.156811513272307,1.1558755871965192,0.9206254603575127,0.9400652672432603,0.8158342794167796
2020-03-19,1.009623081605646,1.1456039232248447,1.14612810738552,0.9133720822746911,0.9467395805146449,0.8321034485194733
2020-03-20,1.0053468927960476,1.1386380738962718,1.1391891260169835,0.9098362635809798,0.9510656040786628,0.844389017346655
2020-03-23,1.015119046531714,1.1530483414676784,1.148249599997654,0.9176025929734362,0.9464276893923447,0.8232408719836123
2020-03-24,1.0030946306880437,1.141404868179876,1.13633282669969,0.913176307798304,0.9614883483209508,0.863689223160479
2020-03-25,1.002597605620314,1.1393912521290213,1.1344126878990346,0.9124915420457198,0.9604867816627758,0.8611078622338065
2020-03-26,0.9989778068882562,1.1360453193457294,1.1310049220767233,0.9102747972345989,0.9618713170833948,0.8668269928152335
2020-03-27,1.0105232404400137,1.1501479182317498,1.1450729478813029,0.9184092630967474,0.957143482533772,0.8429811556742153
2020-03-30,1.0129470196476635,1.1524129326968067,1.1473279680829513,0.9214004921602926,0.9574210207211695,0.8381737910587401
2020-03-31,1.0030660727948175,1.1402984093627195,1.135266899479126,0.9138087628288677,0.9584283757844514,0.8495480978242101
2020-04-01,1.0066987215499272,1.1447331140294408,1.1396820362325903,0.916629221611161,0.9552437695185781,0.8365870027461477
2020-04-02,0.9932059847117416,1.127994115340345,1.1230168975407149,0.9065796469957369,0.9656752109355184,0.8792554601884831
2020-04-03,0.9888725845164084,1.1226052179641708,1.1176517784055584,0.9033681512488428,0.9687031806780375,0.893662793263144
2020-04-06,0.9867928662363734,1.1200498509551715,1.1151076868260927,0.9036926114829428,0.9723065554285238,0.9052578966054571
2020-04-07,0.9843448235871407,1.1173512019352834,1.112420945460468,0.9013775075549234,0.9728371013165354,0.9103824691909411
2020-04-08,0.9828615878586309,1.1151303168690485,1.1102098599388694,0.9018183100920908,0.9737890825350402,0.9127245233635587
2020-04-09,0.9789479448255015,1.1107148955111814,1.1058139214076201,0.8991696379628624,0.97544534257254,0.9234838034711428
2020-04-10,0.9811051295374403,1.1137134613051056,1.1087992561794673,0.9002588737621742,0.9738558368738759,0.9145010362091958
2020-04-13,0.9824210125883901,1.1164313954851328,1.1115051976104233,0.8994871952427623,0.9715641833898598,0.9080005107923798
2020-04-14,0.9832426288367582,1.117046631247013,1.1121177186751758,0.9007525997652763,0.9704977277806712,0.9010968034748841
2020-04-15,0.9924891725924891,1.1302253967560503,1.1252383335384102,0.9049027696391145,0.964602545639431,0.8718769222897703
2020-04-16,0.9890485999858936,1.1261194488625788,1.1211505029353233,0.9014074178786979,0.9634933887160029,0.8727172842913222
2020-04-17,0.9861165350494733,1.1223511896238647,1.1173988709526397,0.8988257427869246,0.9640771566142937,0.8783500659708916
2020-04-20,0.9887041382700348,1.125275867860108,1.1203106441919708,0.9015127306245015,0.9630468477063312,0.8701809228203525
2020-04-21,1.0021430541548633,1.140998347682045,1.1359637493555124,0.9130819699229198,0.9595187823095559,0.8366654720511015
2020-04-22,0.9952168233252551,1.1320968642791027,1.1271015433043163,0.9083884796578989,0.9641939346860106,0.8555907297230869
2020-04-23,0.9894132195160152,1.1254012056429128,1.1204354289280576,0.9039396461855081,0.9651917003562671,0.8677210153549471
2020-04-24,0.9912572277902697,1.1282370441410405,1.1232587544301884,0.9030835191236362,0.9612521977984309,0.85529059871861
2020-04-27,0.9927757156533464,1.1296725379604973,1.124687914204731,0.9049219576067122,0.9607058298836753,0.8461991751895291
2020-04-28,0.9887114331716084,1.124750560332798,1.119787654557937,0.9028431071373998,0.9625015775427881,0.8565192347680464
2020-04-29,0.9825382772358243,1.116551938365163,1.1116252086010052,0.9006788318935437,0.9661002943445866,0.8757912323338715
2020-04-30,0.9831493528548468,1.11832332507435,1.1133887791546475,0.8995015078970066,0.9682676398798669,0.8890724010518807
2020-05-04,0.9864705116049521,1.123076031210215,1.1181205142116264,0.9009717838376681,0.9676239088683936,0.8852505493745615
2020-05-05,0.9791735248666235,1.1135319714325056,1.1086185671218827,0.8962913152413385,0.9692519234170103,0.9042606576150247
2020-05-06,0.9818141070597193,1.117476619830501,1.112545809955476,0.8971921111587011,0.9677535141897844,0.8956642371578608
2020-05-07,0.9795237396959124,1.115008677251173,1.110088757049744,0.8948761156955649,0.9681900678516775,0.9038463811958285
2020-05-08,0.9790706817004244,1.1144981534721987,1.1095804859314933,0.8944538630520417,0.96775618077956,0.9012257393343807
2020-05-12,0.979980390578199,1.1155068703418065,1.110584751888202,0.8953270005532336,0.9665087797566478,0.8971315372250966
2020-05-13,0.9836983336730802,1.1207894458374281,1.1158440182828033,0.8970276685113953,0.9649934464002305,0.8901740567320235
2020-05-14,0.9849158489378889,1.1225008031083759,1.11754782427511,0.8978220622735456,0.9645762031653909,0.8896144008080955
2020-05-15,0.984262879164715,1.1215769971941942,1.11662809460847,0.8974820162409046,0.965966223836853,0.8968242563906244
2020-05-18,0.9761462556425977,1.1091047232470017,1.1042108539482844,0.8907935737253041,0.9722044288053107,0.9242386059616613
2020-05-19,0.9759333458330736,1.1085830244351738,1.103691457106455,0.8910487137478845,0.9732954137314569,0.9247949227096233
2020-05-20,0.9699630660152436,1.1009462705781299,1.0960884000450875,0.8869721492300601,0.9760072538367489,0.9372104878078089
2020-05-21,0.9694889220776406,1.1012000011427736,1.096341011036264,0.8852623151838432,0.9714853330353593,0.9290491952481619
2020-05-22,0.9731086050101926,1.1053599352555963,1.1004825896472006,0.8884895590938102,0.9715858892236713,0.9233757485844654
2020-05-25,0.9698041894560162,1.1008266433490803,1.0959693006652222,0.8867260733789488,0.9747448360096397,0.9346137752100238
2020-05-26,0.9674429290474897,1.0982232951197097,1.0933774395801281,0.8844431654037902,0.9729197032268706,0.9319802542013244
2020-05-27,0.9683685601129995,1.0996548328438969,1.0948026607154742,0.8846760715705697,0.9720055999089079,0.9278128657617086
2020-05-28,0.9651012606489952,1.0952117404414692,1.090379173236769,0.8828702808031837,0.9761926312568439,0.939241533705611
2020-05-29,0.9673246518076644,1.0983249874655294,1.0934786832135412,0.8839528343110776,0.9762311748249398,0.9370470092743172
2020-06-01,0.9629750235408392,1.0930506643449365,1.0882276327807752,0.8805099922314605,0.9758113204323773,0.9405285085342637
2020-06-02,0.9577127066346959,1.0865586132097966,1.0817642274976185,0.8768042057954414,0.9790943484255183,0.9539273841653755
2020-06-03,0.9504448223833828,1.0776891185052984,1.072981538720345,0.8727230835577976,0.9815304697040779,0.9627115119501459
2020-06-04,0.9509538045964859,1.0683094586614177,1.079820808523829,0.8706249589804635,0.9788959637076616,0.9530119747787021
2020-06-05,0.9454135019264551,1.0718590942304838,1.0698650763665012,0.8638661955407748,0.979340632530026,0.9645912463942083
2020-06-08,0.9465087039962339,1.0737369865208128,1.0708403898058687,0.8645567274837073,0.980082403186311,0.963401399258519
2020-06-09,0.948323670027046,1.0735408254016434,1.074056830052227,0.8670778309652785,0.9811428867732109,0.9633130154257288
2020-06-10,0.9487949379662951,1.0712295733607837,1.0760612946413797,0.8686150275097967,0.9798052685701242,0.9599519705826196
2020-06-11,0.9523930938671444,1.0629692236741461,1.0865446982204492,0.8751091270074342,0.9776732708283489,0.9468806371908403
2020-06-15,0.9521403547201265,1.0600443823109351,1.0875788507513873,0.8759368240214251,0.975178323725432,0.9416706397174467
2020-06-16,0.9508763144357556,1.0649186958213444,1.0834624987064125,0.8726146398892546,0.9776735001169394,0.9500309219107631
2020-06-17,0.9509158687267664,1.0644337653050306,1.0841451249192404,0.8731641610174464,0.9765458049213196,0.9492720308805871
2020-06-18,0.9515568426357656,1.0638162592810287,1.0855556451102264,0.8742999773304817,0.9741473678927133,0.9453623462589068
2020-06-19,0.9514725638737299,1.068659783762943,1.0829396420985613,0.8721933190875069,0.9768868127141571,0.9531853459798232
2020-06-22,0.9525938488315945,1.0691481496581074,1.0846058649691248,0.8735353972087628,0.9771616508148654,0.9537463284132984
2020-06-23,0.9516846155910734,1.0744065188541734,1.0803858132818087,0.870136591572555,0.9794116903577983,0.9614053512237947
2020-06-25,0.9532647004870204,1.0674555310335911,1.086571300870123,0.8751183481091028,0.9742017791031614,0.944174257383051
2020-06-26,0.9540220609508838,1.0660998891713471,1.0885552544266992,0.8767162130239647,0.9757770797317956,0.945848676670192
2020-06-29,0.954079703447352,1.0672813841842765,1.088050471739647,0.8763096639177134,0.9805314243270596,0.9549505545689487
2020-06-30,0.9567230895704341,1.061671113390648,1.0954318676878496,0.8822545982480766,0.9804931395146658,0.9513193596611619
2020-07-02,0.9543335169766796,1.0680694849883368,1.0880265456733846,0.8762903939999753,0.9816075524139116,0.9571416274922997
2020-07-03,0.9548831964754511,1.0656818043108667,1.0901820207466808,0.878026401369232,0.9852791726284187,0.9619655157098127
2020-07-06,0.9544724296562445,1.0686261477405006,1.0879725500655546,0.8762469062444167,0.9898013150627688,0.9717069258303493
2020-07-07,0.9554249632580194,1.0688970097281385,1.0894633110431133,0.8774475566601437,0.9884759743396171,0.968596379341369
2020-07-08,0.9560630756703596,1.0699697582684053,1.0900075527099515,0.8778858858043741,0.988983758719621,0.9684949080516858
2020-07-09,0.9560042934688224,1.0675781908597874,1.0911244921165546,0.8787854624521853,0.9852125498912561,0.9607195901107952
2020-07-10,0.9544973928734262,1.0721886834150995,1.0861883266237906,0.8748099028284757,0.9885247071397265,0.9693079560792881
2020-07-13,0.9559900859480936,1.0689592950454068,1.0903716480135799,0.8781791260918825,0.9848004690190933,0.9624263323198691
2020-07-14,0.9575210544596037,1.0648706794222016,1.0950681518930687,0.8819616636148366,0.9845010543043756,0.9597716646238726
2020-07-15,0.956816019356483,1.0666593007665817,1.092592033294854,0.8799674117736029,0.9868439008778139,0.9647140000703711
2020-07-16,0.9565015159078655,1.0668222028438181,1.0919709416053551,0.8794671880580462,0.9888570882645725,0.9682590384735941
2020-07-17,0.9571700933328241,1.0653239408858295,1.0938920812719461,0.88099975703083,0.9908695663962387,0.9693665941626705
2020-07-20,0.9560158698759204,1.0696799620829445,1.0886620375077387,0.878414287020692,0.9934375856853052,0.9753768726428059
2020-07-21,0.955639819037723,1.0768961202005207,1.0843711527882571,0.8763215342846574,0.9961115411094159,0.9835925230601231
2020-07-22,0.9597176930569864,1.0749147175002247,1.0902154101048158,0.8812507594117853,0.9995730844614591,0.9848677884065886
2020-07-23,0.9623270864553586,1.077772085415563,1.0921572252319545,0.8837656985434089,1.0034316289208298,0.9901736106059743
2020-07-24,0.9644619153917116,1.0772185600287196,1.095805622385231,0.8871615530055541,1.0045364988032053,0.9884340298673631
2020-07-27,0.9684821075813547,1.0818317467515763,1.0993770777823186,0.8915794580003406,1.0087403934802062,0.9918468978457585
2020-07-28,0.9706088630522767,1.0828087620995448,1.102177058272933,0.8943889403116776,1.012293512332343,0.9969658465284855
2020-07-29,0.9714260825261848,1.0859878382992152,1.1014061567755038,0.8946472683906956,1.0152374599597123,1.0021695686990055
2020-07-30,0.9748836400604578,1.0823605738332054,1.110157301383815,0.9000656922033579,1.0132530441938874,0.9946138834305998
2020-07-31,0.9778571478766209,1.0871279240902003,1.11215233733351,0.9029962963669761,1.019822264371834,1.003822207572571
2020-08-03,0.9729383194582902,1.0913290438631291,1.1016101867474624,0.8957737579734073,1.020466343193243,1.0102137113065777
2020-08-04,0.9756299892339422,1.0937672780845256,1.1042817908502245,0.8984882975126627,1.0233163771215685,1.0134318645507538
2020-08-05,0.9749098347139507,1.106331692188466,1.0982900421734774,0.8963014137710728,1.032437739148119,1.029508694265984
2020-08-06,0.9767870059519878,1.103697126346191,1.1037944898579177,0.898070338200862,1.0323896082355568,1.0263594849102902
2020-08-07,0.9761103206116865,1.1004373062680517,1.1033845373179552,0.8982760505211629,1.0298660751504032,1.0222006015713754
2020-08-10,0.9751017771417803,1.0996238106598162,1.1030955445304265,0.8963907753616195,1.0288472670632192,1.02169740391486
2020-08-11,0.9690497837781322,1.1021211086856613,1.0871721589215866,0.8906041467999691,1.0290212154682432,1.0276326531870617
2020-08-12,0.9717248798071321,1.1067526952363658,1.0857339237892267,0.8954031187323251,1.0356081104747952,1.0370117120636688
2020-08-13,0.9716350016570837,1.1097128693686462,1.0824464099878688,0.8958520961350235,1.0367132635895155,1.0395160766174993
2020-08-14,0.9705676403837309,1.1072675507924619,1.081559112650446,0.8943132352713149,1.0333165768928707,1.0342167645868126
2020-08-17,0.9745938702916797,1.1076298906525068,1.0887735811736277,0.8982392473620858,1.0358466118913057,1.0352263095839314
2020-08-18,0.9754838870452849,1.109116689348931,1.0885122026504916,0.8983510217894298,1.037251289429713,1.0374777809001476
2020-08-19,0.9734209854494387,1.1071912294279684,1.0860013002891304,0.8976446019887815,1.035457812994617,1.0367923684134184
2020-08-20,0.9738073762213671,1.0992328178926256,1.0875659006159877,0.8951211879127208,1.0280318130445667,1.0215630246070728
2020-08-21,0.9752126621124165,1.0996893541526236,1.091639873605398,0.8969096295277385,1.0265647425690183,1.0167109939649452
2020-08-24,0.9743998850208521,1.101092985170265,1.0882471648469878,0.8941169371064824,1.0306349396123513,1.0255104318460095
2020-08-25,0.9754924672764947,1.1015607880043512,1.089514191038279,0.8938827298906539,1.0310893649888238,1.0252498779240642
2020-08-26,0.9783442739010232,1.1044521943401255,1.0919292735941006,0.8962805807368022,1.0350693176000336,1.0303206391684907
2020-08-27,0.9748227699654811,1.1004665163034073,1.0898588067163653,0.8939195004145756,1.0283192303139894,1.020729463078685
2020-08-28,0.9746621817593356,1.0999786261405686,1.089636015200419,0.8937960217567739,1.0263275545017467,1.0185269274601056
2020-08-31,0.9748516445277078,1.0999617517143034,1.0902224633399493,0.8934816694854826,1.0245077482211238,1.015818750267243
2020-09-01,0.9713617431088986,1.0958171094654805,1.0864458496559166,0.8903670796048603,1.0254944864947717,1.0188646578482057
2020-09-02,0.9721637539650573,1.0951261145981281,1.0778616785246606,0.8917396226907449,1.0230873448267135,1.0092012488283282
2020-09-03,0.970527902562906,1.0941709495788663,1.0741955176672688,0.8911766298417161,1.0173001551123964,0.9990201949788332
2020-09-04,0.9713775505091011,1.0935964386589707,1.0739569847880224,0.8921152123289731,1.016455764015268,0.9976734565593464
2020-09-07,0.974322077059871,1.097844803433271,1.075295997670622,0.8951890850257604,1.016660999720572,0.995497095626279
2020-09-08,0.9775303970339896,1.1043404943759938,1.0704895525729863,0.9024400548793363,1.0094275277326359,0.9799588427415692
2020-09-09,0.9739660645043491,1.0981538283374113,1.0707555289843802,0.8971920304591834,1.0087576068807527,0.9830475586181011
2020-09-10,0.9760809055742692,1.1009675633390084,1.0757867772722527,0.8958731746742458,1.0126973545360616,0.9886832540463719
2020-09-15,0.9775200128786542,1.1001844058570498,1.0875201027823633,0.8899773438985853,1.0232485379726761,1.003907204503727
2020-09-16,0.9757811667832329,1.0977408472555836,1.090364531431355,0.888020383374699,1.0257959068921303,1.0102701489150578
2020-09-17,0.9721186192000493,1.0933220339442273,1.0887281844620575,0.8855394346824699,1.02523206646254,1.0116013707627207
2020-09-18,0.9723612162707226,1.0935353527920246,1.0849621832845147,0.8875110097745068,1.0229364664547436,1.007145597376112
2020-09-21,0.968386065501064,1.0940689491910904,1.0671470409931163,0.8880128644903325,1.0085156748769766,0.9829181410428204
2020-09-22,0.967879511985776,1.0919667320409534,1.0714017782465988,0.8834285180333122,1.0117134536189725,0.989371816272867
2020-09-23,0.9686484400011295,1.0938047894520635,1.0689235756819462,0.8845406605739007,1.0131669917441333,0.9906787534101732
2020-09-24,0.9694260155776375,1.0956166488403245,1.0673848336665106,0.8857124916042715,1.013765621111328,0.9904135882838802
2020-09-25,0.9719281649188088,1.1031453250349965,1.06006860831978,0.8917768181645265,1.0104542630434756,0.9828328822886996
2020-09-28,0.9753137111046871,1.1066536329714305,1.063009532524639,0.8946237189689128,1.017715973914623,0.9925418293912174
2020-09-29,0.9775075279530913,1.1104008718482263,1.0613072340027077,0.8976116902154738,1.015789085957322,0.9857181833572507
2020-09-30,0.9735590205232738,1.103677526189289,1.0638443973767906,0.8922144697448567,1.0127275994444447,0.9856262375096176
2020-10-01,0.9753777055727672,1.1072407636344723,1.0627043997896124,0.8950915777053171,1.0090904804561291,0.9773005240422985
2020-10-02,0.9746861414970558,1.1079877120466868,1.0590022399789454,0.8956954095499459,1.0089220527373126,0.9754845771100716
2020-10-05,0.9769298880483336,1.1087239109081164,1.0652184221570355,0.8962905514757351,1.014824785057356,0.9856774786928707
2020-10-06,0.9759194386279713,1.106105944393745,1.06585870854664,0.8941741917329484,1.017483307506565,0.9921405895792424
2020-10-07,0.9751416044086919,1.1071355159220553,1.0620755443561731,0.8950064956309829,1.010046570786304,0.9796110247893577
2020-10-08,0.9719326835874056,1.1010877646790753,1.060342283090142,0.8901175036615405,1.0077530850312295,0.979465386418075
2020-10-09,0.9717146711883182,1.099334078982011,1.0606599136500838,0.8886998270830229,1.008479816071391,0.9814693565211329
2020-10-12,0.9721538315312093,1.1014870338764795,1.0579352662515182,0.8904402722115897,1.0083250026236241,0.9784154338844633
2020-10-13,0.9701313415098316,1.0989107247835432,1.056309725173053,0.8883433740862389,1.00454504367028,0.9748770311709521
2020-10-14,0.9733623395331935,1.1022507727546282,1.0618509207714022,0.8894056428022485,1.0104522788995398,0.9832115479971597
2020-10-15,0.9720421311422268,1.1035174329357555,1.0580352110510503,0.8904114465556939,1.006544100827721,0.9756362403839333
2020-10-16,0.9714778673121577,1.1036649075476432,1.0583784078426481,0.8895076245323463,1.0026731000361049,0.9713383446398527
2020-10-19,0.9713397410586596,1.1031745189249493,1.060137297848783,0.8885828484005981,1.0032023448088805,0.972232596342698
2020-10-20,0.9703210087654751,1.0981690910014992,1.062160966570583,0.8860391104709541,1.0073996084705148,0.9779931955651576
2020-10-21,0.9695455622721465,1.0976890204091239,1.0613897331190194,0.8861244406605209,1.0046867458206752,0.9741760174353417
2020-10-22,0.9664376427418662,1.0948712298637553,1.059733464997857,0.8822178424624294,1.0027918142814178,0.9738807514809367
2020-10-23,0.966156987423765,1.0957102378245738,1.062632766450171,0.8790584948464062,1.0045580148798408,0.9759638354189101
2020-10-26,0.9666405278596756,1.098594627607769,1.0586856843382748,0.8797057645746059,0.9984859905131405,0.9658476725455573
2020-10-27,0.9716394662376648,1.1043461464006887,1.056996559780845,0.8874014044264137,0.9969439270586333,0.9621617819031512
2020-10-28,0.9816118152792217,1.1252633905479117,1.0467625946200216,0.9008636437985829,0.9886340841074743,0.9460478663095655
2020-10-29,0.9816238484735486,1.1276045338769616,1.0440194031416565,0.9015758565809724,0.9878538235562497,0.9423880292667098
2020-10-30,0.9844785495236479,1.1326003091793193,1.0427121775931332,0.9066284636390646,0.9856667205904194,0.938248585208372
2020-11-02,0.9866132522178293,1.1309924343410835,1.0504166817159564,0.9068285618264468,0.9948514823397954,0.948580944073642
2020-11-03,0.9779051443507261,1.111706501806573,1.049651640861757,0.8934454503753169,1.003825796787461,0.9658297780853193
2020-11-05,0.966361546018317,1.086502851416832,1.054721512393971,0.8771398344175364,1.012818675435023,0.9830721468464665
2020-11-06,0.9685006461961387,1.0887863333059313,1.0569432187913952,0.8792072574274438,1.0155467781286611,0.9833088598769084
2020-11-09,0.9592938731320905,1.0699090397257665,1.0578345718525444,0.8619372640103162,1.0220510451494274,1.0030401674114113
2020-11-10,0.9628524048183355,1.0717007458444467,1.0632944458327176,0.8656278292506306,1.0286942045840188,1.0114954705600254
2020-11-11,0.9645292222961106,1.0728888297319068,1.0678820009820926,0.8654518271092472,1.0320138133450025,1.0189263710773633
2020-11-12,0.9644958817555348,1.0709874273948043,1.0697064134446594,0.8654145935014004,1.0358329220644307,1.024242869454938
2020-11-13,0.9640173550925923,1.0713430821704995,1.0666876814852218,0.8662813172311065,1.0370761803372488,1.0224691753832662
2020-11-16,0.960018779159094,1.0621902880661427,1.0682076704028418,0.8616516030566942,1.0436005110520827,1.0387098965745487
2020-11-17,0.9605219520475486,1.0630140339895044,1.0664331521479615,0.8622915361424933,1.0397039835910786,1.0310056874846154
2020-11-18,0.9575231818494911,1.0597295308001282,1.0656698496897063,0.8591786586203067,1.0414678607417462,1.0355537578621443
2020-11-19,0.9560903871019888,1.057029110672013,1.0625966344951403,0.8581295231552962,1.0367429110154598,1.0270606517233023
2020-11-20,0.9556542282691559,1.0554612496125433,1.0636308068322489,0.8580843685091789,1.0370443610638538,1.0279103550323732
2020-11-23,0.9552018077534195,1.0557787667790253,1.062789973215636,0.8559814853757415,1.0366364271692161,1.0293985268511763
2020-11-24,0.9551283310142522,1.0564852053696596,1.0652638339575466,0.8525753786503818,1.041049610777714,1.0417960821658432
2020-11-25,0.9586357274445823,1.0581731556682572,1.0699641109238482,0.8543528273450326,1.0467216291346724,1.0517072833219978
2020-11-26,0.9580587726556974,1.056370049478128,1.069710502362881,0.854365745746563,1.044829991293247,1.0485927671076685
2020-11-27,0.9585848435147951,1.057681553681283,1.0698934634852848,0.8545895023100543,1.0455596343431206,1.0491530169693504
2020-11-30,0.9574042487020052,1.054486887495899,1.0688832413382052,0.8562936271763963,1.0410591268708276,1.040570586433818
2020-12-01,0.9610577293370188,1.0566971839288228,1.0730004740964858,0.8577776911045433,1.0475419773691408,1.0521649500200214
2020-12-02,0.96380551197136,1.0618690878595698,1.0769503036331995,0.857834876878808,1.053089561378073,1.0626679552369598
2020-12-03,0.9626611252605998,1.0613538684932293,1.0753302056196314,0.8553747166649055,1.0507777676891268,1.0609384697304536
2020-12-04,0.9641660666072843,1.068692807257679,1.07587549507507,0.8530738742943349,1.0535305285228753,1.0687603494940063
2020-12-07,0.9662029494959969,1.071529374139699,1.0790243278192095,0.8537373881987423,1.056599532674603,1.0745476200954363
2020-12-08,0.9649849829465819,1.0707639943367213,1.0764245646263533,0.8531841566677637,1.0540628554358125,1.0710946144747129
2020-12-09,0.9668491329300117,1.0734798097377065,1.078759261788798,0.854113765962551,1.0563490514578056,1.0744265354154627
2020-12-10,0.9698798579135129,1.0837200630481696,1.0840974293436907,0.8497716084320697,1.0615763235961537,1.0871706434737654
2020-12-11,0.9712817009290977,1.086597264423982,1.0872227268283152,0.8487504777749454,1.0646366959612839,1.0917601047794099
2020-12-14,0.9695450326541698,1.0838289820405016,1.0846660356764823,0.848355970508511,1.062133117666502,1.0866146894214592
2020-12-15,0.9697072611496051,1.0805099568863052,1.0868937531628606,0.8496373778433504,1.0643145564147076,1.0892541811855285
2020-12-16,0.9719066027476181,1.0841531591575422,1.0917966498446579,0.8487191640354648,1.0691156000234772,1.096986245220444
2020-12-17,0.9747010955710544,1.0946808645599044,1.0974360925790585,0.8434130221373607,1.0746378886324819,1.1087510897323642
2020-12-18,0.9733166987238427,1.0907910760219328,1.0970867871196712,0.8430830987897161,1.0742958396658933,1.1071252544102193
2020-12-21,0.9671640402589893,1.0687367829944698,1.088173610138593,0.8509904002277375,1.0655678255640029,1.0848357508945536
2020-12-22,0.9710205647594344,1.074186825132288,1.095302177106147,0.8512558286509793,1.0725483032490264,1.0957017290474373
2020-12-23,0.9727433793229806,1.079903839946331,1.0972757295005857,0.8497224439530601,1.0744808569463273,1.1015574830925938
2020-12-24,0.970504325087184,1.0822973955644293,1.0908332099357672,0.8469604589587211,1.068172174673686,1.0944384584757347
2020-12-25,0.9719795419871351,1.082384334657618,1.0938688851824963,0.8483957137945877,1.0711447866187263,1.0986785856011092
2020-12-28,0.9731132276266266,1.0863058875559226,1.0948953490478939,0.8474925166604909,1.0721499266615293,1.1020602070828942
2020-12-29,0.9734468063777513,1.0877518988384396,1.0961367056091482,0.8462727404896925,1.0733654952062919,1.1042230082219788
2020-12-30,0.9748281856728481,1.084237731615906,1.1007165208763285,0.8490736552960957,1.0778501691133469,1.1087909537795277
2021-01-04,0.9785779968507268,1.0892176546126893,1.1071504215036905,0.8499896524352865,1.0841504114988607,1.119543283992659
2021-01-05,0.9794869975836595,1.0895378716328221,1.1100577801978695,0.8504767776847606,1.086997372547196,1.1236689773031774
2021-01-06,0.9796728459770239,1.0912313516989738,1.1098496750920415,0.846546006725167,1.086793590629458,1.1264708074338918
2021-01-08,0.9855354253519798,1.1057256040933137,1.1181799745666217,0.8438418299379661,1.0949508359575217,1.1435682037846224
2021-01-11,0.9882446470445919,1.1090737331607463,1.1221370938177546,0.8451841659034159,1.0988498913704483,1.1504683360836467
2021-01-12,0.9868148514480932,1.1154042861858475,1.1187810704639791,0.8391890561056257,1.0949469154061884,1.1486796397963561
2021-01-13,0.9852795851199904,1.112593084630541,1.1165165111195385,0.8390859495827757,1.094287330531911,1.1467300423119486
2021-01-14,0.9860321555718815,1.1164061847785747,1.1167000291920766,0.837995017609623,1.093041956792156,1.1454856188281755
2021-01-15,0.9824409402327828,1.1095555472768608,1.1121294396727548,0.8374109445246564,1.0869186950345484,1.1341788549494012
2021-01-18,0.9846179516632079,1.1106284210360056,1.1157909173989182,0.8394111090109424,1.090810786064463,1.1398629974611891
2021-01-19,0.9823130627239446,1.1087668895204599,1.1120139274209788,0.8377632972370874,1.0874447354724135,1.135043315118292
2021-01-20,0.9833327104116579,1.1120821405647685,1.1122486093788622,0.8376889312799786,1.0910527016188274,1.1416896428278913
2021-01-21,0.9796450216890324,1.1035027282013163,1.1060285379732628,0.8394098338121831,1.085684351152547,1.1311886126920383
2021-01-22,0.9761041401748645,1.0907873791638603,1.1000839272544887,0.8444916972601144,1.0842000657704163,1.1233580522663686
2021-01-25,0.975745419369482,1.0887137722511053,1.0995464405936297,0.8455786404994853,1.0866825438106498,1.1255999457511077
2021-01-26,0.9766563315027552,1.0927383349856619,1.1017886968636812,0.8430966881266388,1.08589268476718,1.1269303600548113
2021-01-27,0.9750439981529814,1.0886406478670576,1.1001477314832067,0.8433383853783493,1.083350890698897,1.1227089552536733
2021-01-28,0.9743200144144287,1.0828557851089,1.0993277843265368,0.8465688772991458,1.0845421018220407,1.1216975737598298
2021-01-29,0.9696522194189553,1.0799786854472762,1.0915633722835278,0.8426287135361737,1.076332480603378,1.1105416183465053
2021-02-01,0.971248946069725,1.079339052549381,1.093677124451427,0.8456565140141696,1.0793102182366923,1.1140846271004101
2021-02-02,0.9765765461636948,1.0933431982071455,1.103859378391952,0.840727244701235,1.0853714368755811,1.1271100634712339
2021-02-03,0.9751254127658457,1.0912914902572717,1.1032047484571248,0.8390556813450886,1.08441667136953,1.1253356650132627
2021-02-04,0.9780373489088813,1.098814592441644,1.1078534155720676,0.8372526397302048,1.0832289898184326,1.1261345269380716
2021-02-05,0.979329467455196,1.1078716306888872,1.1089596363413816,0.8328338903123284,1.0862995006334797,1.1343277890689236
2021-02-08,0.9827377698876997,1.1142938108001512,1.114623025433629,0.8324477764249617,1.0946681371703344,1.1480661655757665
2021-02-09,0.9803806610103548,1.1118650545261686,1.1121446467440577,0.8301222281560483,1.091914252862633,1.1436768097832997
2021-02-10,0.9782329950743958,1.108702571444365,1.1089786026502055,0.8293895608049789,1.0882011427474882,1.137891222959361
2021-02-11,0.9795323562534791,1.1116122709823146,1.1119014410711674,0.8283319146621956,1.0885120637495778,1.1391901351057074
2021-02-12,0.9801922811688553,1.1138642782872583,1.1141507850013048,0.8266522889456048,1.089373985605629,1.1408101051202086
2021-02-15,0.9857933591715399,1.1252067142268622,1.1255142911424896,0.8239744148132375,1.095973596083834,1.1536850473800089
2021-02-16,0.9865365458273133,1.1263571614806982,1.1266577672282279,0.8241584085814002,1.098045069690625,1.1566745319405225
2021-02-17,0.9836625118917138,1.1218600657202888,1.122161002966783,0.8235338817885728,1.0910145867658068,1.1458036632642916
2021-02-18,0.9816401567999241,1.1185964669056956,1.1188965286968,0.8232450963891668,1.0890309135647243,1.1423149156204533
2021-02-19,0.9847947480385183,1.1226507333773597,1.122951882719243,0.8252127199087577,1.0938028603051682,1.1494959543574979
2021-02-20,0.9834940241477422,1.1196010314148286,1.119901362678826,0.8264262914019226,1.0926080093666264,1.1468216953884252
2021-02-22,0.9831058177085122,1.117861176616434,1.118161041167043,0.8280161914450519,1.0972922203812814,1.1527722693387359
2021-02-24,0.9828855807406286,1.1219811036710323,1.1222820733857717,0.8213563298774123,1.0919012249610516,1.148148556497231
2021-02-25,0.984609285331361,1.1233968171947997,1.123698166672526,0.823594409714956,1.096332151087786,1.1537394217609604
2021-02-26,0.9795881470566876,1.1144029129046222,1.1147018497812808,0.8202029691817319,1.0862268016381325,1.137054225691603
2021-03-01,0.9843046590394997,1.1248418814329357,1.1251436185469332,0.816673257129956,1.086687009986857,1.1417859323893387
2021-03-02,0.9872749512413062,1.1285468730814043,1.128849604053744,0.8195491912363646,1.0879376630676838,1.144086167413327
2021-03-03,0.9874843450747723,1.1295676573891222,1.1298706621852908,0.818682690271333,1.087507695787699,1.1435723788248202
2021-03-04,0.9890101229389802,1.1344286090978577,1.1347329178368861,0.8158435221629068,1.0890114782811517,1.1486213850347324
2021-03-05,0.9891549770059185,1.136105069419787,1.136421022726223,0.8128359776882699,1.0910300329118523,1.1517534063203474
2021-03-09,0.9963596110341202,1.1447531320794373,1.1475628493411851,0.8196770396631814,1.0988354495782857,1.1659956059942942
2021-03-10,0.9942902602893852,1.1421621095438954,1.1449797813292888,0.8175833922730965,1.0955142145527448,1.1609927662910215
2021-03-11,0.9986371234675672,1.145824583066858,1.1511205655212904,0.8216505985466868,1.1010563737678403,1.170304143140096
2021-03-12,1.0016191570813302,1.150631804852111,1.155944145501288,0.8224009042615941,1.1017010011779558,1.172284674002663
2021-03-15,1.0062251833955187,1.155446348297385,1.1608589977555575,0.8267391349229912,1.1060283250352165,1.1793331037982657
2021-03-16,1.007722428487036,1.157912349412357,1.1633365507696019,0.8289269894916811,1.1045618958683263,1.1786239552468365
2021-03-17,0.9930796285164022,1.138930285623604,1.1442773827514892,0.8152726225451806,1.0984145958842177,1.1633591610677843
2021-03-18,0.9922981525567646,1.1364394440707846,1.143227027367028,0.8148479835094645,1.0964216158889757,1.1596942634357135
2021-03-19,0.987231937418552,1.1305716165524335,1.1373241532227818,0.810793467753298,1.0909684198279785,1.1503781526130739
2021-03-22,0.984527315844319,1.1275926681798383,1.134270781852705,0.8084831865152209,1.0951869890930737,1.1545186366588966
2021-03-23,0.9747618375715423,1.1170441079912286,1.1235437810884006,0.7997156340170242,1.0938289982756717,1.1468232484984786
2021-03-24,0.9777714535893267,1.1201597691870298,1.126688169980299,0.8026468714387599,1.0996279267912585,1.155914936802082
2021-03-25,0.9728683579401255,1.1147031975980377,1.1210942561932442,0.798542254716179,1.0926204709798653,1.1446240349616728
2021-03-26,0.9830110724538921,1.1236695617311585,1.1327823113044901,0.8068675189214151,1.0992461977148265,1.1585380215760224
2021-03-29,0.9879353617470938,1.129962040105416,1.139576616140374,0.8093142628074541,1.1010734940453226,1.1632292534048412
2021-03-30,0.9871008331930932,1.1316251533310864,1.1400742238970276,0.8065565408177292,1.0979132746793498,1.1590197360332086
2021-03-31,0.9895382005752624,1.1308471820046193,1.1418250886346406,0.8100539007853252,1.0980831067236576,1.1596246992214276
2021-04-01,0.9811387370613542,1.1235785807679644,1.1307992440076482,0.8050767992598216,1.0995743484153246,1.1566971276395273
2021-04-02,0.9860550352433705,1.129662354713417,1.1364349833116887,0.8088074686621863,1.105415325173257,1.1668377203613833
2021-04-05,0.9799110541795041,1.1213698448495728,1.1295274142208418,0.8045171865344223,1.0983125957027453,1.154572423669234
2021-04-06,0.9720410492408833,1.1194180924869526,1.118098251849358,0.7978859876112865,1.1002079967992602,1.152965149410029
2021-04-07,0.9712741926797912,1.1170397786949076,1.1175912092783906,0.797606033606025,1.0993645880556067,1.1507209248886117
2021-04-08,0.9725600417660099,1.1156344877303366,1.1195992492808529,0.7999564471431586,1.1009884965674115,1.1546389161188166
2021-04-09,0.9698764307318112,1.1212224202892873,1.11335947572033,0.7961813244011327,1.098753511520838,1.1494305961148115
2021-04-12,0.9722962437306951,1.1200221050893266,1.1169187915775378,0.7980106805059205,1.1016720955701356,1.153722876046515
2021-04-13,0.9744297534248414,1.1087820592031068,1.127596656317558,0.8013932625550718,1.101271415054339,1.1581946705202004
2021-04-14,0.980614811696287,1.1061008856086556,1.140233345342193,0.8096131687146133,1.1088729797953327,1.1730025461096172
2021-04-15,0.9765765443123213,1.1011952301624364,1.131769873043423,0.8056782841022998,1.1124237891077926,1.1746146711797736
2021-04-16,0.9781287331987739,1.0958556335055198,1.1382274645476989,0.8085316231147361,1.1151262043562957,1.1804602809414166
2021-04-19,0.975458487587082,1.0911913337884038,1.1300930947910868,0.8052784896667804,1.1135348319024003,1.1757292032424844
2021-04-20,0.9716119710206407,1.0875368513830257,1.123479973362318,0.8033041375434693,1.1135840966442279,1.1734631357106375
2021-04-21,0.9722115320557023,1.0892372465079303,1.1253064203416019,0.8054469515794003,1.1152190991383615,1.17571792658661
2021-04-22,0.9776668362870276,1.0954540201231904,1.1364530633469314,0.8083974373742372,1.114627560512902,1.1785068173862605
2021-04-23,0.9786416505601199,1.098212602269951,1.139367167564682,0.8087376785993345,1.112245408569791,1.176930429782366
2021-04-26,0.9807397528477955,1.100884992831301,1.1421555584001784,0.8106065620017486,1.1139549809591733,1.1798261561943353
2021-04-27,0.9802242129750532,1.1002988463565164,1.1415461735947754,0.8101433143902147,1.1133869592548857,1.1793352074312322
2021-04-28,0.9817918514538196,1.1025298715714251,1.1438747340610274,0.8112733496320068,1.1141860842341529,1.182529485805429
2021-04-29,0.9803645301493901,1.101874175007138,1.1432107765278865,0.8093208372668318,1.1106201489738858,1.1782759412632113
2021-04-30,0.9772157586089949,1.0970962967928997,1.1382004441594025,0.8065194233315811,1.1096608582409422,1.175369738294485
2021-05-04,0.9840663408220599,1.1045241027776198,1.1459065426082373,0.8125603136814524,1.1168828960860306,1.1874143115320621
2021-05-05,0.9922669191591462,1.114141109771319,1.1558838633445399,0.8187245835157217,1.124265275442436,1.1988279513994513
2021-05-06,0.9964586034054026,1.117102980455392,1.1589567043868527,0.8247472741257617,1.1303616093711588,1.2066163090619872
2021-05-07,1.0009819548134675,1.1208421324659794,1.162869801071866,0.8304336587842805,1.1348467203355943,1.2128910453768553
2021-05-10,0.999984896270476,1.1191106472465715,1.1602969237330052,0.8310711833157387,1.1381645516995995,1.2157448810940514
2021-05-11,1.000221774754777,1.118867655811376,1.1618118067117853,0.8307571845354284,1.1375607896344455,1.2157718026335815
2021-05-12,1.000287081233191,1.1190594702761483,1.1633079698080229,0.8297071628588712,1.1374018180756973,1.2166630276292627
2021-05-13,1.0012017254758068,1.1208428582348815,1.165011860616571,0.8294456406083638,1.135206109517401,1.2138379774078245
2021-05-14,1.001689999167257,1.1216161065401464,1.1632627307566348,0.8313322690544135,1.1373951997817031,1.2164958065935827
2021-05-17,1.005799587078836,1.1277760069417189,1.1646685432697759,0.835969570631124,1.143273923518112,1.2242898400510176
2021-05-18,1.0108705788632564,1.1331570771513715,1.1702251881473316,0.8407285876480248,1.149298083612486,1.2320234750838719
2021-05-19,1.0035192000687827,1.126097911052091,1.162923235288437,0.8352713156129841,1.1411066714228748,1.2187217745262393
2021-05-20,1.004702439498664,1.127492539050124,1.1643663573449672,0.8355703698537268,1.140390668831772,1.2186066197248402
2021-05-21,1.0080626884825297,1.131680396147892,1.1686927928654947,0.8374186199240626,1.1426649851902617,1.22281830006638
2021-05-24,1.0095234382850244,1.1330901746589732,1.1701486791661193,0.8389726353319156,1.1445476472048732,1.2259129961511421
2021-05-25,1.0144500915738561,1.1382608545748794,1.1754884697752908,0.8435985997785101,1.1510852087303483,1.2344238577919877
2021-05-26,1.0179379788797656,1.1424625126701666,1.1798275460292948,0.8460720495707825,1.1545303324820786,1.2386325566988068
2021-05-27,1.0217499785146549,1.1471214144099242,1.184638820400095,0.8486767507724514,1.1573814993218758,1.243785550657996
2021-05-28,1.0220078081834192,1.1477775268458879,1.1853163914509237,0.8483467263775334,1.1559665160524586,1.2429457910171653
2021-05-31,1.02082833154193,1.1456392942897042,1.1831082265075454,0.8485703778240561,1.1572371517537878,1.2428755390082469
2021-06-01,1.0256914453023658,1.150858968149543,1.1884986134417594,0.8529654828294589,1.1633133329273853,1.2508312181914925
2021-06-02,1.0353126042578715,1.1626142881754777,1.2006629214973004,0.8595149334848254,1.1704524626542283,1.2612084323961072
2021-06-03,1.0307304100351617,1.1563231493695716,1.1976637543730946,0.855103184597347,1.1644430068100302,1.2562558979066307
2021-06-04,1.0362853171666737,1.1628093958369727,1.2043779677871307,0.8572286981426248,1.1673701726258308,1.2601988989157915
2021-06-07,1.0386950086495512,1.165170332469756,1.2068285976432271,0.8597104235355987,1.1709626364891406,1.264487175133991
2021-06-08,1.0400062525678844,1.1679604742014413,1.2096980071480696,0.8563481941642055,1.166480187161919,1.261527765616699
2021-06-09,1.0439961314364692,1.1724766226021865,1.2144011781340152,0.8595732207506969,1.1702798914322414,1.2663631074043966
2021-06-10,1.0447803541030023,1.1719937573478576,1.218076367462136,0.8593138748375243,1.1668498217768077,1.2646153455293059
2021-06-11,1.044084206485293,1.1708735087731965,1.219330353730082,0.8575328932960091,1.1656632582668727,1.2633672373018736
2021-06-14,1.047440607150107,1.1733414129460014,1.2251963131552348,0.8598701003777741,1.168645295010325,1.2675952218191575
2021-06-15,1.0399833248313408,1.1641574401691783,1.2163122459949356,0.8544699016054249,1.1631383064248202,1.2607370263019415
2021-06-16,1.0448507273128895,1.1706606457701962,1.2233227572394014,0.8567691736018804,1.1632368003402946,1.2633176261825148
2021-06-17,1.0386158301083466,1.1609054002349886,1.2240339230721495,0.8480720834080279,1.156378619035384,1.2551474294012994
2021-06-18,1.0335424031027811,1.155429752177197,1.2176986921629442,0.8440335760119294,1.153755444786296,1.2513140195031756
2021-06-21,1.03251829935167,1.1531773687412838,1.2136291587796322,0.8459871745296894,1.1593159040446979,1.2557794371692206
2021-06-22,1.0354712112809255,1.156292311330266,1.21855050724039,0.8475298211610117,1.1614616041487253,1.2588158707560126
2021-06-23,1.0398486276403598,1.1646319857312315,1.2250291396199702,0.8476597396233646,1.1638872471779522,1.2636756283794717
2021-06-24,1.039055844937922,1.16471848623427,1.2265708434712423,0.8445801020387026,1.159685775358486,1.260202572033219
2021-06-25,1.0419544862318566,1.1686108236470483,1.2306698834022576,0.8468460342781614,1.161672774354223,1.2633417755845886
2021-06-28,1.0394652536445281,1.1658141402647324,1.2277809812647622,0.8447347734202677,1.1587986934018026,1.25924783693326
2021-06-29,1.0321168812135766,1.1531014198427825,1.217557140347786,0.8400513047573991,1.1534488427612741,1.2517526794232758
2021-06-30,1.038061478290913,1.1593722543064098,1.2236910693926468,0.8440691871668476,1.161780169191516,1.2599018904495105
2021-07-01,1.0408888020556846,1.1625171131690757,1.2260348809202333,0.8470597721918025,1.16873494374856,1.2670894526558063
2021-07-02,1.0444340789547424,1.1683350333978766,1.2296119966777381,0.8490044598197445,1.1730835937876525,1.2721100736247346
2021-07-05,1.0465924138291207,1.171025681059108,1.2310888556466268,0.8512929349619491,1.1785611387186334,1.2777732975855984
2021-07-06,1.0404170599621014,1.1642492880464803,1.2216855614779314,0.8476524609663691,1.181667487525276,1.2771419080560666
2021-07-07,1.037236337700062,1.1601808769526973,1.2169788278425853,0.8460946563533178,1.1829361326061307,1.276066578981586
2021-07-08,1.03376270355319,1.1550802087313812,1.2126971526920538,0.84426131482948,1.1793336301138295,1.2724001018077309
2021-07-09,1.0393514867068603,1.163476236248862,1.2196328550772826,0.8443350110555079,1.1812364072441683,1.2775443454088071
2021-07-12,1.0418331323232566,1.1655824626763673,1.2226093363205612,0.8467939672257614,1.1847776489627129,1.2808698942004608
2021-07-13,1.042832579509045,1.169375957433813,1.2245511895421994,0.845130076823289,1.1820818691181403,1.2796821480068257
2021-07-14,1.038995707898512,1.1656166349236443,1.218908399390562,0.8424135100406118,1.1811130764039548,1.278034015474213
2021-07-15,1.0346953665611625,1.1610699475546524,1.2141678865525563,0.8384780257400671,1.175511680787376,1.2712554802810883
2021-07-16,1.028947616653858,1.1551669855753712,1.2079028955011688,0.8351235847441213,1.1668926396461137,1.262848769964637
2021-07-19,1.009844345429315,1.1318507572234633,1.1847347576215435,0.8239601351620561,1.150010800129591,1.2404302271823267
2021-07-20,1.0146325898547617,1.1380339795734042,1.1911226608116106,0.8261495004721258,1.1531896008364448,1.244676315077436
2021-07-21,1.0220236839702976,1.146846997292144,1.2010489699831062,0.8309013144478503,1.1549652770949181,1.2513307338303066
2021-07-22,1.0286351136395546,1.1548804711352587,1.2093514825628746,0.8366713407442965,1.161371259567429,1.2595163472264161
2021-07-23,1.0271630260069478,1.153667748557787,1.2080698336739217,0.8362674980105232,1.1565585311857085,1.2562321807615762
2021-07-26,1.0309794085634418,1.1570476262182248,1.2116000958364066,0.8390881759808562,1.1618781332456245,1.2621592658301728
2021-07-27,1.0273976806444765,1.1527001360159843,1.2070570570254207,0.8355532502557139,1.1598506445222083,1.2593645194821785
2021-07-28,1.0352492252609191,1.161393695097646,1.2161091520828213,0.8421418235016419,1.1658668283398619,1.2673533902101437
2021-07-29,1.042792759122245,1.1744977973729638,1.2223330299195743,0.8467390688087861,1.1733942210192931,1.2771070460174174
2021-07-30,1.0418786649880152,1.1728413009368885,1.22060906729292,0.8469008178154587,1.1697719526348094,1.2749028032291625
2021-08-02,1.041631369876007,1.1720153323799005,1.2197494584872333,0.847490622064225,1.1671234346772874,1.2704755039335196
2021-08-03,1.0422172925362536,1.1723701806773756,1.2201187591326537,0.8484075892850892,1.1681568610712658,1.2712384583351832
2021-08-04,1.0411089352203555,1.1709968655887601,1.218689511332397,0.8476884947022693,1.1687874555592486,1.2696109964036537
2021-08-05,1.0468430586033624,1.1770593842582393,1.2249989457398378,0.8529176007424849,1.171282482114713,1.2743548306870525
2021-08-06,1.040001226439272,1.166234827408783,1.2137737450779766,0.8518537269007425,1.1622239533306702,1.264833491904016
2021-08-09,1.0446293259191122,1.173695237586302,1.2140639000461537,0.8575668023038212,1.1651466327174431,1.2672948775412178
2021-08-10,1.0482720467057167,1.1777880233553903,1.2182974551409937,0.8605572184630703,1.17199629693957,1.2761826180168399
2021-08-11,1.0484624736840689,1.1780019779439266,1.218518768590919,0.8607135455456497,1.1736719182614108,1.2772020992838982
2021-08-12,1.0531966738502119,1.183321097416179,1.2240208365251593,0.864599989088074,1.175910689674931,1.2822081231413944
2021-08-13,1.0515063675206764,1.1814219505706773,1.2220213173343202,0.8632123671268982,1.176197870205429,1.2826185763377256
2021-08-16,1.0518560909060277,1.1818148829359432,1.2240619233151202,0.8634994652944733,1.178220834398281,1.2835053257697473
2021-08-17,1.0588212063515687,1.1896405514528379,1.2313428801436026,0.8692173325150342,1.1854070054030657,1.2909502226078222
2021-08-18,1.0548735689016078,1.185216320255776,1.226822435410155,0.8659847439530156,1.1852797432890543,1.289120255338208
2021-08-19,1.0382529436003547,1.1664106240855714,1.2076958158250881,0.8522685271820598,1.1733468864109675,1.2717081426311616
2021-08-20,1.0342586193857948,1.1629369350966179,1.202996310916668,0.8490085239259456,1.169506707408754,1.2673618874774453
2021-08-23,1.0441622383225477,1.1643647616704067,1.2173969884391749,0.8561215361700993,1.181786003717274,1.283636829517413
2021-08-24,1.0487358842510874,1.1659750384971046,1.2231011451004759,0.8597408256099832,1.180572147580967,1.2858723988614669
2021-08-25,1.0464999904268144,1.1646554480672247,1.2178035163375942,0.8588532895810158,1.1809980920133796,1.2861508284537877
2021-08-26,1.040229685710915,1.1585913045924912,1.2112308979461166,0.8534519765535086,1.177739956067422,1.2816622858209026
2021-08-27,1.0516177472141857,1.165137019082698,1.2267039426914002,0.8620216756101661,1.18362128123161,1.2918214116502509
2021-08-30,1.0585048472492593,1.1719731122509591,1.235203390672566,0.8679085564671859,1.1897860426640452,1.2997503459592576
2021-08-31,1.0596273348215672,1.1724827877336432,1.2367207048664215,0.8692049686455506,1.188988306643175,1.299704281338821
2021-09-01,1.0683863278844188,1.1795179118460208,1.2490027931659582,0.8768561747204682,1.196690058313966,1.308005666416865
2021-09-02,1.0719021558185482,1.183032643195671,1.2528410521328834,0.8801887711136044,1.1989640273491968,1.3136103093348719
2021-09-03,1.0741507286134375,1.1834064542502383,1.2584585115631741,0.8814800157642698,1.2024474907015326,1.3172975312790867
2021-09-06,1.0761722879630302,1.1879938703785657,1.2589985972104962,0.8827117915980621,1.2083283498994177,1.3215426071580332
2021-09-07,1.073694545535366,1.188137858498354,1.2520475982819022,0.881413359553825,1.2045479092667049,1.316573148933621
2021-09-08,1.0771796357494545,1.1926832811733734,1.255106918335925,0.8844851631414256,1.2066482324597516,1.3202428035506377
2021-09-09,1.0768686157201908,1.1897634462827444,1.255940352150848,0.8851482657742709,1.2003243913284833,1.315157322152904
2021-09-10,1.0768066854579315,1.1894357787622134,1.2555893365958832,0.8846733239351192,1.2023162216995387,1.316892742230972
2021-09-13,1.0841690484260693,1.1987233048990682,1.265387272409279,0.8913041396763633,1.2044292655212467,1.3220755600098435
2021-09-14,1.0887445795439354,1.2043696607972756,1.271310888142125,0.8938450495810201,1.2114945503833534,1.3298086329449887
2021-09-15,1.0964770187918267,1.2129310560970235,1.2803862158206243,0.9019130965184535,1.2147591264321898,1.3379289501277718
2021-09-16,1.0918532766907347,1.207017120701106,1.2742299049258952,0.8996445437700485,1.2056123947186206,1.3279033203300634
2021-09-17,1.0893353927756244,1.2040402060513085,1.2716574204246658,0.8974557097416525,1.2054363945701865,1.327107119821632
2021-09-20,1.0744190156457152,1.1879416991326812,1.2546633554116373,0.8845680871543845,1.2002976781034909,1.3178262191799641
2021-09-21,1.079324016536405,1.191783940503229,1.261790553210116,0.8866083593754797,1.2004006234526672,1.3189206843570822
2021-09-22,1.0929910314707392,1.2067176081967874,1.2776055385708711,0.89806637782114,1.208534067457115,1.3314291552578412
2021-09-23,1.0942290418084275,1.2060332207676994,1.2769343680778256,0.9020991683162428,1.2101588823278744,1.3346670325499006
2021-09-24,1.094824606390688,1.2067247151937344,1.277707154722397,0.9025089754967721,1.2094517646324514,1.3348281968334723
2021-09-27,1.1079466247381948,1.2211354213091437,1.293133187276516,0.9132860435457559,1.216870895768763,1.3475894971673494
2021-09-28,1.1031540069536858,1.2170210310291223,1.2850661097973648,0.9102088948897818,1.2161326730016493,1.3451455896151292
2021-09-29,1.1066075475318435,1.2213022223898429,1.2880941012853764,0.9134107939185587,1.2130924022387324,1.343865600067391
2021-09-30,1.1153862397939383,1.2288283107178395,1.3028739979097934,0.9190395483650419,1.2227551689843468,1.3557764115978244
2021-10-01,1.1126432771744845,1.2256908250143632,1.29991498123396,0.9166930257314282,1.2207785712581782,1.3528580036356963
2021-10-04,1.124144541122645,1.2380075131952695,1.3141010907766792,0.9259046653432472,1.2327469022939552,1.3708747660860172
2021-10-05,1.1455554849016054,1.2620666364928486,1.33811209316788,0.943898461235327,1.2507530276401404,1.3951741662002901
2021-10-06,1.137790567331153,1.25332999385867,1.3294278395294012,0.9373643343514405,1.2412097221199252,1.3825915556351935
2021-10-07,1.148331521161842,1.2652082356007537,1.341178022862044,0.9462480602802794,1.2425854018839741,1.386910943927103
2021-10-08,1.15296409619647,1.2703758260336642,1.3464539202205292,0.9501128963490572,1.2450904764449355,1.391609823745833
2021-10-11,1.1619141252844982,1.2802612043022923,1.356855221127566,0.957506161543371,1.2530082045641284,1.404523950315515
2021-10-12,1.1549362168953377,1.27228316567909,1.3493200023998173,0.9515393938923038,1.247538489067713,1.3950977376505758
2021-10-13,1.1493611047199082,1.263499076050981,1.3483676907945816,0.9450007527819191,1.2525320434093266,1.3973195300227998
2021-10-14,1.156642279600463,1.2718633797104384,1.3573146566245249,0.9504341009805873,1.251438446382009,1.3990886104336842
2021-10-15,1.1624819485475208,1.2761195169443555,1.3617735724134805,0.9585244930691457,1.2458923075907382,1.3974728135496206
2021-10-18,1.155647991797485,1.2687126766957781,1.353564922371873,0.9529610347094524,1.2447416708768795,1.3925281065444655
2021-10-19,1.1632075267554374,1.2768151636113558,1.362838706023466,0.9590470102471904,1.2473595568141023,1.3991844257435324
2021-10-20,1.1641998048923246,1.2769484683658374,1.3659995462770893,0.9591769130644601,1.2505019802767088,1.4026919235939324
2021-10-21,1.15118516729165,1.2623976364955842,1.3504916656096029,0.9488280186059452,1.240497838843774,1.3864841846630893
2021-10-22,1.1576902514762168,1.268962511840563,1.3592934058159034,0.9537947132102387,1.2344897513062305,1.3842709609110964
2021-10-25,1.1711041036223435,1.2821737772668311,1.3780765086542581,0.9638389818465857,1.2416173473582215,1.3981443783101541
2021-10-26,1.1735370998403198,1.283492382199193,1.379594880139468,0.9677920636149738,1.2364780679856624,1.3952804398726182
2021-10-27,1.1627995162916915,1.2719890689458653,1.3672302472915976,0.9585745584731957,1.2407626251288706,1.3943357635916205
2021-10-28,1.1536207458088426,1.2627210979414543,1.3572683296952825,0.9498432464061879,1.2320438067271327,1.3796587537252007
2021-10-29,1.145103378889149,1.2515193264174453,1.3451856501110162,0.9456865991819339,1.2250647987177772,1.3695931912015933
2021-11-01,1.1521030362760503,1.2612070481557967,1.3523331117301698,0.9506835360019172,1.2424241467852954,1.391237609357445
2021-11-02,1.14708082860407,1.2554893714753592,1.3465538128579009,0.9466237141339154,1.2424395587673664,1.3889677996041774
2021-11-03,1.137947184382303,1.2415203604768503,1.3379234823617694,0.9406107712038656,1.2368290697640805,1.3783345153895505
2021-11-05,1.1437652111852172,1.254698673667762,1.3411463364889022,0.9427825906219833,1.2322699813416238,1.3757787901242127
2021-11-08,1.1455015707265075,1.257942759004876,1.3424492274554412,0.9437228278375991,1.2380044703012665,1.3821171863723545
2021-11-09,1.1477903548282866,1.260643474136873,1.3452994312252748,0.9453499204600911,1.2329062413784035,1.3778961584335743
2021-11-10,1.1463725316524267,1.2628597329558053,1.341580744055438,0.942797733426607,1.2331993773460175,1.3780478610384692
2021-11-11,1.1444992351821377,1.2608007776046517,1.339388456292904,0.9412571001529898,1.2339120970683646,1.3772099123872081
2021-11-12,1.1242216039443684,1.2384612637943957,1.3156578810631963,0.9245804054116455,1.231390999651926,1.3648691818873164
2021-11-15,1.1231683437159927,1.2373009030194897,1.3144252681020052,0.9237141849391525,1.2295768063673953,1.3620167352676784
2021-11-16,1.1167299954064707,1.230209448534391,1.3068905759516916,0.9184191695531166,1.2277585068810495,1.3564773604296536
2021-11-17,1.1300021258599973,1.2448302614016649,1.322422729904628,0.9293344123418553,1.2303628181238246,1.3655600217690724
2021-11-18,1.1163095551010043,1.2297462840824136,1.3063985416414963,0.9180733917574263,1.225107969365962,1.3538840911960346
2021-11-19,1.1060038172649864,1.2183933016138333,1.2943379077268335,0.9095977645029237,1.2142318272539354,1.3373377405284528
2021-11-22,1.0794182837836097,1.1890974580689475,1.2631822405922501,0.8877476893137677,1.1992010167347236,1.3121696608342086
2021-11-23,1.0856671506689257,1.194536253211393,1.2740269714766619,0.8952447231322604,1.2117410891818163,1.3320545468970226
2021-11-24,1.0857876811574556,1.1949183893744137,1.2742872669174274,0.8955232141226365,1.208794071489608,1.3289825787778353
2021-11-25,1.0872977278642002,1.1966267057357904,1.2749914801667894,0.8966785726691454,1.2075402363353938,1.3280880844556588
2021-11-26,1.0663588889538318,1.1955096283137399,1.2535229114714665,0.8735238481976708,1.1899328634723274,1.2948137504616044
2021-11-29,1.0711842283096218,1.189810501005134,1.25461336092823,0.885352595072986,1.1935297909506175,1.307206137149858
2021-11-30,1.0666908768113215,1.183429433490191,1.248757337601482,0.8824317081852753,1.1890967438937343,1.300536852408811
2021-12-01,1.0698656806939686,1.1791766941165929,1.253219699387512,0.8907878617381911,1.1960076751130728,1.3163570212933655
2021-12-02,1.0693510802507606,1.178713248030605,1.2531710948836918,0.8907663118937617,1.1884281355223287,1.306433427259078
2021-12-03,1.0663002722653647,1.178606457976111,1.2452037048307243,0.8900232402151138,1.1887400609352252,1.304880408875555
2021-12-06,1.0635083916507948,1.1840346170670444,1.2416443059929,0.8814998765781417,1.1801757584784298,1.2858596452271773
2021-12-07,1.066345587519808,1.1789325207135164,1.2487122125098267,0.8873174382390325,1.1886444053854925,1.3044795776378921
2021-12-08,1.065960950923274,1.183827441829522,1.2474888935313548,0.8815660035476336,1.178565591110127,1.285029220467499
2021-12-09,1.06625679689817,1.180196451095927,1.2457043560797632,0.8857480071073921,1.1812691886848576,1.2926567611912916
2021-12-10,1.0666038322384646,1.186878846339928,1.2479838382941926,0.8819117080887325,1.175399697762773,1.2808567496697925
2021-12-13,1.0641953059836322,1.1993459998156974,1.2478581953648593,0.8714392444040381,1.1633409838262094,1.255357161542502
2021-12-14,1.0637288529158337,1.1970948902221554,1.245620135553633,0.8714946440759006,1.160482946328956,1.250281141021126
2021-12-15,1.0622148850482567,1.195310501618464,1.2440691209597021,0.8701404017364485,1.1611159969757345,1.2498278829966487
2021-12-16,1.061647041575819,1.1820924637214663,1.2410448771170635,0.8804808183927548,1.173919551223297,1.2779784028214582
2021-12-17,1.0597740179762538,1.1847758551197562,1.2383269236518761,0.875748391859628,1.172924698387421,1.2716285516230705
2021-12-20,1.058367471111564,1.1889532264405207,1.2360107457848075,0.870802585983022,1.1663493793489088,1.25520521598633
2021-12-21,1.059525981412082,1.1810924674295602,1.2353435605226744,0.8783385918791609,1.1704711880177738,1.2696582171906023
2021-12-22,1.059732741909826,1.1742327330564652,1.2345008263276316,0.8833837890692344,1.1771753155733797,1.285285176654277
2021-12-23,1.0612934679195327,1.1788811738299023,1.2373435427207022,0.8817683824001719,1.1747930211841238,1.281168438738518
2021-12-24,1.0608596161316706,1.1790931086233132,1.2372817464060633,0.8805624695977134,1.1749122696549437,1.28024851999529
2021-12-27,1.0626005911974021,1.1758601456981415,1.2411821622115458,0.8845270424587808,1.1793325821512861,1.2914650204084082
2021-12-28,1.0615150489547303,1.1735718913605888,1.2403770375372056,0.8852578223029095,1.1831966927601427,1.298135007695559
2021-12-29,1.0584201831534532,1.1724040258847646,1.2356374700836867,0.8817606196663893,1.1818585259259016,1.2928274558424866
2021-12-30,1.0566639690507535,1.171975178363116,1.2325863087699274,0.8817307253494179,1.1857407365795145,1.2980089788189608
2022-01-03,1.0569661564161135,1.1656504503263794,1.2326154793594288,0.8870575113933259,1.1912610749599448,1.3115917764645342
2022-01-04,1.053899358652233,1.164610884033566,1.2290067551873747,0.8849964161473763,1.1979191486195435,1.3203653542348306
2022-01-05,1.0503460935630053,1.1742907206611435,1.2230750060106579,0.8776255537252853,1.1955727832956993,1.3105695688738899
2022-01-06,1.0443296620801874,1.1782733232616014,1.2134630711899828,0.8690647796795963,1.1921773958350443,1.303111614257103
2022-01-07,1.0488278246330098,1.1670025440469254,1.222644711195792,0.8773365417936189,1.1893773833507575,1.307124799189805
2022-01-10,1.048274232448866,1.1703877240268985,1.2201599916577512,0.8730501436335938,1.1842984094775222,1.2953227965854914
2022-01-11,1.049658634125069,1.162054720236906,1.2224163533635506,0.8773462150423402,1.1872099261624467,1.3028955856267534
2022-01-12,1.0498888223487008,1.1610690102781027,1.2267914633783015,0.8780149351529706,1.1949715220491854,1.3148852789054466
2022-01-13,1.0446241227304904,1.1845533842920106,1.2083498051078359,0.8598308690117825,1.1887596528852034,1.289063470858097
2022-01-14,1.0474254803070024,1.1909704907127034,1.2164954193701247,0.8615670151622273,1.1822275888127707,1.2760647538290837
2022-01-17,1.0484096523478323,1.1930240182530762,1.2190715527495624,0.8604058732759017,1.1777936090238361,1.270259279187574
2022-01-18,1.0553207550857497,1.2198765750323655,1.230428817644188,0.8499759224884884,1.1582077615892854,1.2257878610773156
2022-01-19,1.0564916630867298,1.210840612902578,1.2320092651582852,0.8580591735418105,1.1700502428670574,1.2507635160754162
2022-01-20,1.0524073951409743,1.2022626078700707,1.2249781604567422,0.859100043694234,1.1781605329644813,1.270886131852485
2022-01-21,1.0537098273405745,1.212595202323604,1.2282584491041657,0.8525720074737922,1.1719989404444353,1.2524380364595364
2022-01-24,1.0567083116739355,1.2369866093388169,1.2351202299561714,0.8379160402273234,1.162569368441363,1.2174902230728812
2022-01-25,1.0592841460141782,1.2387050336204546,1.2378829932759747,0.8396976535698824,1.1648705219662219,1.2204970250587421
2022-01-26,1.057895543673855,1.2359148174969015,1.2351994455055606,0.8372484517735379,1.1746880821965622,1.2423751369668714
2022-01-27,1.0483011744948851,1.208489326369024,1.2147777506233255,0.8463702006202116,1.1700639720183048,1.2598619153682706
2022-01-28,1.0470711424862977,1.210108261251355,1.2136911520939235,0.8451904228729077,1.1738348336946562,1.2706022768624978
2022-01-31,1.046292731463115,1.2048668040331698,1.21085446976568,0.8471377752682097,1.1767093968251825,1.2816910504258072
2022-02-01,1.0462838263218845,1.2009939642587033,1.2106121110505887,0.8500048984894298,1.1762114461988236,1.2830785290958757
2022-02-02,1.0464996203008585,1.1996381262246336,1.2106065252978715,0.8515262931721378,1.1750511405023603,1.2802984614835222
2022-02-03,1.0474560656161345,1.2061071877279037,1.2113679104422896,0.8486933432338644,1.1717240276638954,1.2684898576447245
2022-02-04,1.0499818556328093,1.2086450469156684,1.213872085030859,0.8512926083035385,1.1743344171479233,1.2743439254001494
2022-02-07,1.0501301479898557,1.2051516053334577,1.215715909782912,0.8528198909848779,1.1738471171966554,1.274293790370279
2022-02-08,1.0473893673652874,1.1929221101022722,1.213982663577843,0.856012465515127,1.1775919576404255,1.2898778431176368
2022-02-09,1.0466676900389813,1.186683274371625,1.2126299557312417,0.8596606929203713,1.1826016880121257,1.3069163440813671
2022-02-10,1.04764093126061,1.186565032589244,1.2141617675465481,0.8619000114860565,1.184138849866162,1.3091676842729612
2022-02-11,1.0487710477023542,1.1994248206828888,1.214196065500547,0.8527928377254119,1.1808913740845355,1.2914642949499182
2022-02-14,1.0523359228240665,1.204768305711621,1.2206574012308362,0.8532271728152645,1.1834778089457993,1.2845723388149217
2022-02-15,1.0485496165959312,1.1917683099828968,1.2154631156289426,0.8568133870238619,1.1846641142236147,1.3018352554978847
2022-02-16,1.0501835278769933,1.1943455467403417,1.2181611973440232,0.8612800451084889,1.1903411446676637,1.3170122787524319
2022-02-17,1.0511782682322666,1.2009526004979996,1.2213132186823554,0.8558963199754513,1.1856496131252063,1.2898335283430893
2022-02-18,1.0530346360083511,1.2087832721305816,1.2254695751449598,0.8514501170902115,1.1781584942633363,1.2659694550400715
2022-02-21,1.0691195544809378,1.2524734852132826,1.25996029428503,0.836408745216668,1.159124029646396,1.1868000266240952
2022-02-22,1.0675972858368417,1.2497240425020477,1.2571601097613698,0.836089049668385,1.163718464064566,1.2000761507656934
2022-02-23,1.0791023818845589,1.2707686320928147,1.2783543898081309,0.8441894190809531,1.159293142679541,1.1692662337694109
2022-02-24,1.1352231714574057,1.3682605100466272,1.376580359954054,0.8735363017815164,1.1181655872361482,0.9895449022753494
2022-02-25,1.0969907554363,1.2947802010917346,1.3025443494053237,0.836272626610687,1.1400803673715418,1.0981576327367448
2022-02-28,1.0996392326327369,1.2985631724221802,1.3063577338361931,0.8380778206779261,1.1398966634563468,1.0923469153495597
2022-03-02,1.2097271645105925,1.4644789143095676,1.474215924765321,0.8881659987028797,1.2855397901126675,1.2522223004878974
2022-03-03,1.1987647345057824,1.4253232759662442,1.4341172757997782,0.879807666376396,1.2511684307125668,1.2134017696056454
2022-03-04,1.214095500973801,1.4435514550711948,1.4524579196393737,0.8910593536188888,1.267169377746865,1.230381649696749
2022-03-09,1.2930668350835353,1.5374478447469524,1.5469336339140496,0.9490186705505471,1.3495929236898387,1.3666066861677353
2022-03-10,1.2829025055294765,1.5253625246829081,1.5347737495006935,0.9415587788738673,1.338984263048316,1.3545137912743201
2022-03-11,1.2739624614222211,1.5147328718515798,1.5240785135368888,0.934997425242999,1.329653407181266,1.3251264716201396
2022-03-14,1.2650493879924507,1.5041352869759406,1.5134155433825527,0.9284558661624169,1.320350701008024,1.3023040927653433
2022-03-15,1.2494345166783987,1.485569309103467,1.4947350166150508,0.9169956662615184,1.3040532295564338,1.2554602301170394
2022-03-16,1.2480146318763958,1.483881075541675,1.493036366942113,0.9159535722640766,1.3025712748505782,1.2469606574661272
2022-03-17,1.2528101983605069,1.489582972114454,1.4987734432375257,0.9194731754321478,1.307576478306765,1.2495962927765858
2022-03-18,1.2516278153571314,1.4881771266075683,1.4973589239052967,0.9186053907859872,1.3063424077304024,1.2515826340953893
2022-03-21,1.2525449010260714,1.4892675353528122,1.4984560602852364,0.9192784661435051,1.3072995835666683,1.2587677092176115
2022-03-22,1.2527076928334884,1.4894610937263353,1.4986508128806832,0.9193979436990803,1.3074694917766414,1.267368154558228
2022-03-23,1.2529271355329241,1.4897220096327208,1.4989133385934026,0.9195589989618326,1.307698527358004,1.2623375996361978
2022-03-24,1.2571673243764163,1.4947635658940615,1.5039860003910595,0.922670994622037,1.29976414287708,1.2248072483596486
2022-03-25,1.2631756260432327,1.5061787716520127,1.5154716360081368,0.9277807112315082,1.2886718112121218,1.1741842234090079
2022-03-28,1.2557414516434406,1.4987622709209532,1.508009376741246,0.922557233238759,1.2791813968043988,1.1415302321330538
2022-03-29,1.2447279025241444,1.48659543335541,1.495767471877406,0.9146234908736983,1.2754681213634225,1.1499932811010438
2022-03-30,1.2454910324309647,1.4875068497639563,1.4966845115686702,0.916060935898115,1.2798349876327224,1.1696272622010369
2022-03-31,1.2392894560378556,1.4801002228803577,1.4892321870691836,0.9121915803650608,1.2814674676343505,1.1932438117172885
2022-04-01,1.2368442907020847,1.4771799287224259,1.4862938751978167,0.9098273562354726,1.2834165525669397,1.2145327397599486
2022-04-04,1.2356794368217034,1.4757887279181463,1.4848940909234938,0.9096868774777027,1.2857374945430966,1.2318393449035334
2022-04-05,1.2386909697862107,1.4793854426245148,1.4885129967419155,0.9118772068470218,1.2812676426090004,1.1964050803227926
2022-04-06,1.2361516974651925,1.4763527552164342,1.4854615981733483,0.9123694344387553,1.275719681042144,1.165359827733924
2022-04-07,1.2335353761195322,1.4732272656370369,1.4823189948430953,0.9127909696326718,1.273071134846918,1.1640367065439026
2022-04-08,1.2349446903668684,1.475055705051563,1.4837201969569624,0.9139238450722111,1.2717975376898087,1.1538170189836117
2022-04-11,1.2343516247187487,1.4731329087482439,1.4854483979724142,0.912733967504571,1.2737888105161999,1.1520372105342136
2022-04-12,1.2386562804661545,1.478407371521966,1.490764476500639,0.9157486701580176,1.2773898424626076,1.158960514473422
2022-04-13,1.2404181137847834,1.4805812224607637,1.4929552133123853,0.9169640374406662,1.2776594993513732,1.1556043775684817
2022-04-14,1.244174375245134,1.4851327786051083,1.4975435789580058,0.9196573012371331,1.2728459400454917,1.1229308070655324
2022-04-15,1.245501143522646,1.4865749204725247,1.499000332754954,0.9208117827610127,1.2765218510734595,1.1397144791446268
2022-04-18,1.2499757113645167,1.4917420006024626,1.5042137246273544,0.9243328280429021,1.2723542238744794,1.110567139732607
2022-04-19,1.2469423235482977,1.4875824036328467,1.500022003603522,0.9227566521372896,1.2693466474322423,1.1034858578940365
2022-04-20,1.2469643922882772,1.488384788330066,1.4985004053139803,0.9232439510944588,1.2658505524962413,1.0937834150922958
2022-04-21,1.2502847239728978,1.4928755222036294,1.501439712851306,0.9260224628606598,1.2625149619941425,1.0765043951403594
2022-04-22,1.2503223461824908,1.4925139145298894,1.502293761643193,0.9258036206869517,1.2607710254236486,1.0683723823429736
2022-04-25,1.249031587490505,1.4920320818249309,1.4986314772368017,0.9254905153686664,1.2521735261591382,1.0402850462623054
2022-04-26,1.2453436340995403,1.4877587811447093,1.4943484805719023,0.9228380604210251,1.2598967019978435,1.0829169657108537
2022-04-27,1.2398020469065492,1.4811405465229437,1.4877010756178863,0.9187328250151122,1.2628684270949244,1.1102627521251018
2022-04-28,1.243324692616514,1.485348906563228,1.491928076069137,0.9213432177408852,1.2612627183484921,1.0978191949078213
2022-04-29,1.2438783032235792,1.48601028240073,1.4925923813892155,0.9217534608424001,1.267018225047645,1.1233494460977393
2022-05-04,1.2496431810856985,1.4928973450319316,1.499509949413627,0.9260254190452012,1.2570655383577105,1.085651346555895
2022-05-05,1.250573188370837,1.4940083865098979,1.50062591211258,0.9267145840796451,1.260519691676124,1.0996616940201833
2022-05-06,1.250938245719309,1.4944445055193616,1.501030350549976,0.9269851032079939,1.2622446985252667,1.097327031684469
2022-05-11,1.246272890721116,1.488870997660596,1.5021072404593192,0.923527926485401,1.257216162753564,1.0948153507451197
2022-05-12,1.2533785913807047,1.4973598861768167,1.5135846254318515,0.9287934771085707,1.2488248398003678,1.0625439186172265
2022-05-13,1.2508721644964231,1.494365560998481,1.5145204754819528,0.9269361349160526,1.249572815737074,1.0701259967304624
2022-05-16,1.2491900787953523,1.4923560423492748,1.5124838539085461,0.925689655809232,1.252785927702193,1.088263785953923
2022-05-17,1.2458479120336914,1.4883632930904003,1.5084372533552046,0.9232130037353999,1.2575765041483995,1.11158309809466
2022-05-18,1.2447248578239536,1.4870216263863192,1.5070774912276264,0.9223807847780817,1.2553923851552706,1.1040297064193068
2022-05-19,1.245404549072794,1.4878336255843252,1.507900442079514,0.9228844576529114,1.255074987729507,1.1017514149513223
2022-05-20,1.2490902445589105,1.4922367744904306,1.5123629774516731,0.9256156754586523,1.2523387308218585,1.0894351812848824
2022-05-23,1.2542221603137818,1.498367663308404,1.5185423155389421,0.9294185885696418,1.2482630108216954,1.0716949260722817
2022-05-24,1.2530570589999526,1.4969846694705473,1.5191565234648243,0.9285607349117865,1.2488888069896211,1.0766471621452987
2022-05-25,1.249972739486743,1.494724435675275,1.5125260249535104,0.9271587403577922,1.2508607653874513,1.0856382431384672
2022-05-26,1.2411486650444665,1.4843197229449825,1.5015145087451955,0.9207009511474039,1.2625373144970624,1.1255860394531936
2022-05-27,1.2395612978488584,1.481524329815041,1.4986333833457912,0.9187926893128756,1.2660717542803528,1.1311422200893122
2022-05-30,1.247210603497444,1.4905785594952925,1.5080621610742482,0.9243940864990512,1.2612000317998282,1.1183046922676774
2022-05-31,1.2517999680328304,1.4972861969829183,1.5111059067711243,0.9276689670498983,1.2581594160246012,1.1084452592574612
2022-06-01,1.2483980224225175,1.4928376978442603,1.5077747676130522,0.9248974629752003,1.2612467611699858,1.1223022923015902
2022-06-02,1.2491253849058832,1.492767375180039,1.5105747183389018,0.9248538941037671,1.2617468947300063,1.1175030151301184
2022-06-03,1.2521496646925743,1.4969951273741307,1.5129901858697183,0.9274732259199785,1.2598528306106949,1.1123712720137287
2022-06-06,1.2528923689317253,1.4982124134411476,1.5132218610506374,0.9282274035487488,1.258792147780813,1.108076789373467
2022-06-07,1.2527486360528468,1.4976695737891421,1.5137976226483105,0.9278910836543174,1.2606946732148812,1.1132165924926805
2022-06-08,1.2530572678350846,1.4978368746984607,1.514578251907002,0.927994736038502,1.2621140656781547,1.1206626005821858
2022-06-09,1.2542150809269978,1.4998048269463309,1.5147967237042341,0.9292139938613315,1.2608620936203385,1.1164533726280332
2022-06-10,1.255952970949534,1.500897123201451,1.518887180988775,0.9298907332259904,1.2577906646831174,1.1052136183385672
2022-06-14,1.2581587172988897,1.505704946473052,1.5171575886526467,0.9328647669272488,1.257397469775019,1.1111264945394717
2022-06-15,1.254952756951231,1.5021086168662303,1.5128071818307105,0.9303061898103071,1.257319658453834,1.1143984802860298
2022-06-16,1.2516690387328961,1.4979105649749993,1.5093357871885138,0.9277131756062329,1.2583197326498536,1.120293460232104
2022-06-17,1.2500346954372634,1.494652128082457,1.5075647798537148,0.9265923947262039,1.2572475265464096,1.1179927896402229
2022-06-20,1.248218800105422,1.4956194812000079,1.5064792578692197,0.9239191220985504,1.25721365247262,1.1245298762815603
2022-06-21,1.2528109246374821,1.501207679340883,1.5118889219876877,0.9273352695395705,1.2527165587509004,1.1067679721833348
2022-06-22,1.2525867270494961,1.5023052617646435,1.5097384625181367,0.9259602109086085,1.251727767490322,1.1030113311619665
2022-06-23,1.250895051258359,1.5029643786020654,1.5072097552182528,0.9232900257805373,1.2530978456781425,1.1117801669429008
2022-06-24,1.2523422433045772,1.5033818717365448,1.5097505440807428,0.9246770522092678,1.2528814326467306,1.110085683764844
2022-06-27,1.2539890205508215,1.5071690655220185,1.5103313490468357,0.9259241313708872,1.2539121856236128,1.1135527772024332
2022-06-28,1.2581569148046567,1.514867461540042,1.5148158159733676,0.9273744363076888,1.2519818590665506,1.1105110139377639
2022-06-29,1.2571708227166547,1.5100631563582259,1.5150483981399099,0.9288812006387289,1.2527666673291311,1.1057611897664805
2022-06-30,1.265215733404085,1.5110057175601905,1.5323305041342614,0.9385989377734324,1.2354064640461133,1.0459478263348556
2022-07-01,1.2582333743839647,1.5001105690208427,1.5267357290422485,0.9356601254282754,1.239783899287519,1.0556465173828098
2022-07-04,1.260249407258085,1.5026869770333415,1.5303191712409978,0.9368562127509277,1.2394464083348016,1.053467784151942
2022-07-05,1.247208015848706,1.4851448431194938,1.5176807558435594,0.9247779244113176,1.2402460618463398,1.0686403025707598
2022-07-06,1.2449526431414573,1.485399636732862,1.5201749756612557,0.9261562973772703,1.2330357046469234,1.05974062529608
2022-07-07,1.2496759043402252,1.4934621009288547,1.525475852690769,0.929368234966936,1.2349212962093092,1.0656663265311799
2022-07-08,1.2504545814887615,1.493692453714957,1.5256802758184762,0.9295178077967882,1.236137331487706,1.0666623621751656
2022-07-11,1.2586774327421644,1.505360638514961,1.5360163048341031,0.9357867522747312,1.2272407693108704,1.0385890039600003
2022-07-12,1.2541565106866195,1.4983000153368486,1.5313157846080763,0.9329236708838582,1.2239461222721484,1.0327734479901023
2022-07-13,1.2583856731829541,1.5036087142041115,1.5377847110909963,0.9368330785777121,1.2181341913047068,1.0158294579968759
2022-07-14,1.2590661914453094,1.5035714024098312,1.5390512113519168,0.9376046425878758,1.2155395407992655,1.011534435299475
2022-07-15,1.2612313488573266,1.5088592134856427,1.5403148694044504,0.9383744750976455,1.2184525682873255,1.0228706007744746
2022-07-18,1.2642922649684114,1.5127901239399444,1.5439157867857545,0.9405681882303751,1.2186577043920637,1.0213998808814178
2022-07-19,1.2652578070798857,1.5141065892725276,1.545007730877762,0.9412334109614715,1.2178236416208683,1.0197186830323202
2022-07-20,1.2678284848890058,1.5164529299927099,1.5478790462228684,0.9429826435913206,1.2163142714891821,1.016822958529401
2022-07-21,1.2646034590539386,1.5095292809997731,1.5451813292518908,0.9413391687428424,1.2162087259687862,1.0143770969072843
2022-07-22,1.261041169938118,1.5085282623049951,1.5403411210600557,0.9383904678560344,1.2205702970274914,1.024877470516403
2022-07-25,1.2577610084415587,1.5059148078413034,1.5366570264084867,0.9361460823387974,1.2231681141491446,1.034269931428203
2022-07-26,1.2528599363804132,1.500092658360609,1.5309908127200391,0.9326941710437101,1.2277178025077051,1.0477349926383357
2022-07-27,1.2537565310195549,1.5017859263172473,1.5317454512072708,0.9331539039907915,1.2291848526693838,1.0508629243070575
2022-07-28,1.25172630509383,1.4984726852710086,1.5300992647641491,0.9321510315455788,1.2313788268599692,1.0510601953037002
2022-07-29,1.2493835256439563,1.4946309512034106,1.5277670319535923,0.9307302131253437,1.2354943562517056,1.058143565673232
2022-08-01,1.2537524177289419,1.5017411294694105,1.5338902810388304,0.9344605547330137,1.2305319720336385,1.0431423675950326
2022-08-02,1.2548473440326564,1.5015149485458983,1.5359158869720193,0.9356945731418899,1.2298233023561709,1.0377285303060524
2022-08-03,1.2564168088318277,1.5034470657570544,1.5381873462730873,0.9370783677618623,1.2252016167350206,1.0302039598503339
2022-08-04,1.2527878634348975,1.4986722040440315,1.5339657564839713,0.9345065350923699,1.2243024271601057,1.0244105258220055
2022-08-05,1.2583286907760687,1.503313731903005,1.5417625800515808,0.9392564341993709,1.2197153068184916,1.0117388478486256
2022-08-08,1.2553687584963484,1.499535929740224,1.5379233164502626,0.9369175182814576,1.222739950476329,1.016748131576769
2022-08-09,1.2530719185710986,1.4998285263688034,1.533552564531848,0.9342273881885682,1.2269478987672167,1.0271545157798625
2022-08-10,1.2511811191790954,1.4976129669012876,1.5312021355959882,0.9330247227177472,1.227436633019373,1.027539194708042
2022-08-11,1.2557447369776622,1.4999988430558013,1.5375097544384502,0.9361700219830194,1.2254141537314462,1.0215472037817814
2022-08-12,1.2555887862989892,1.4985181423715095,1.5359996595113297,0.9352505444987056,1.2263602496552026,1.025302695698381
2022-08-15,1.2547591916397416,1.4977887169845614,1.5352504520464787,0.9347943616570589,1.2239653692687702,1.0235952295484496
2022-08-16,1.2516550855332718,1.4928669509540071,1.5302492981447544,0.9317492230199855,1.2260449711771193,1.031446999994819
2022-08-17,1.2547420472983886,1.496054159587885,1.5342325082522084,0.9341745487020461,1.2213588395335595,1.0199331402161038
2022-08-18,1.2574673196152384,1.4942048200602196,1.5375648277447713,0.9362035554147524,1.2227638861365655,1.0241168115572024
2022-08-19,1.2606912494447413,1.4988367067586206,1.5415068793874953,0.9386038202341291,1.2217616469096821,1.021536611823238
2022-08-22,1.2574471077205536,1.4989473843982928,1.537544865251353,0.936191400507866,1.2225846351059846,1.0278127392252
2022-08-23,1.2533757657769866,1.4965260180074427,1.534357284328822,0.9342505232589874,1.2293820966557987,1.0427384238767707
2022-08-24,1.253810490745229,1.4947357702929673,1.5358288074799917,0.9351465148823265,1.2285400742933976,1.0395815524267247
2022-08-25,1.2547850832225904,1.4925848841301317,1.5378912100619735,0.9364022854326843,1.2290618152636417,1.0404954884924313
2022-08-26,1.253123508478741,1.4944693525044044,1.5342707887402838,0.9341978572015593,1.229733202224876,1.0439594507576315
2022-08-29,1.250623046986669,1.4890405880269308,1.5324564656987703,0.9330931391100125,1.2366245549554413,1.059357056764855
2022-08-30,1.249324330268596,1.4891149641835986,1.5294051865158038,0.9312352542468122,1.2345810840166,1.0601434271746706
2022-08-31,1.2331522029240851,1.49131393347466,1.5031886789878657,0.915281142474626,1.251124967402793,1.108044933798412
2022-09-01,1.235026173146345,1.502744702124541,1.5045266503337713,0.9137584923817469,1.2499989601600003,1.1091090964276122
2022-09-02,1.2307424992188645,1.5010423386116116,1.4982586964249254,0.9099530921574256,1.256734764160847,1.1236853908694786
2022-09-05,1.2326782773047877,1.502389591982883,1.501121327898275,0.9116914459505999,1.254066599680562,1.1177893796809428
2022-09-06,1.2338707253885066,1.49935661877254,1.5048140741168652,0.9139320371343097,1.2485661009067595,1.1039512676181527
2022-09-07,1.233852515468812,1.499753743723786,1.5042913917530485,0.9136177246723491,1.24535095241218,1.094595216122407
2022-09-08,1.233411228472643,1.4975696025336578,1.5046508811837969,0.9137573819219089,1.2447887391119181,1.0928416744848484
2022-09-09,1.2323584477507374,1.4995003913962222,1.5029558611889993,0.9112683871193542,1.2498981260994697,1.1035329892542567
2022-09-12,1.2314239467898374,1.4976355026961272,1.5029499554233605,0.9103320212891198,1.2535454538536726,1.1078206641306763
2022-09-13,1.2358190545286132,1.505095408131323,1.507568831166098,0.9127387700594525,1.248100182952361,1.1021931228698008
2022-09-14,1.2350532133969079,1.5031073633605307,1.5063257219627328,0.9125263441715149,1.2504290991456062,1.1064942190519604
2022-09-15,1.2383167205459298,1.5081415976690449,1.5119393929630953,0.9122542912955774,1.2470564778787645,1.1028824244263296
2022-09-16,1.23951315056578,1.5072931927623805,1.5143302633396722,0.9142077232716026,1.2454900851302073,1.102511252476495
2022-09-19,1.2412668621438792,1.508466553943654,1.5167112693358893,0.9139307274389723,1.2442699606911283,1.0995049847915466
2022-09-20,1.2406338040431688,1.5130476262490717,1.504598162514822,0.9251092422959327,1.2279053022661506,1.0566407744126103
2022-09-21,1.2457423593615937,1.5211990088346858,1.5086383926381053,0.9322310749516046,1.2188052795324595,1.0369816860305494
2022-09-22,1.24339385986035,1.5086544185412338,1.5156068033288141,0.9302475652217772,1.2212002169536142,1.0479568917473887
2022-09-23,1.2501529996557208,1.5072097578067687,1.525651400011709,0.9401305531615999,1.203146194253901,1.0128829606749055
2022-09-26,1.2581775353168465,1.521155031578864,1.534375627443224,0.9502461003188275,1.1885099081236359,0.9779754395746005
2022-09-27,1.2568702171764399,1.5212617821936938,1.5330549980354726,0.9501254212680905,1.1894124488325417,0.9807868109624033
2022-09-28,1.2543766014472113,1.5177402211115756,1.532288095394307,0.951731815539435,1.1903196515819574,0.976591973758611
2022-09-29,1.2557752731181147,1.5205596024296535,1.533365142287913,0.95159660118424,1.1914416064968072,0.9808546638635264
2022-09-30,1.2498361440979762,1.5108623620910289,1.5268463214414225,0.9476570012555138,1.1952009065249138,0.9798240259249286
2022-10-03,1.244959177970874,1.5025126250496659,1.5217365380043661,0.9410519680820945,1.202371843735671,0.9948363531979023
2022-10-04,1.244351320125597,1.498356228101772,1.5232929178379384,0.9414626829666854,1.2058707559423025,0.9955972078641792
2022-10-05,1.242315232859407,1.4902427330443955,1.52231378363732,0.9426009885992888,1.2065951057511848,0.9953029522913062
2022-10-06,1.2423695840341553,1.4914305325566757,1.5212865115731316,0.9425062622167782,1.2066747807520688,0.995816327287969
2022-10-07,1.250985840694008,1.4921331259447643,1.5351839259861748,0.9535066714488286,1.196667452257919,0.97118224053601
2022-10-10,1.24783535401667,1.480391516794842,1.5321335468304,0.950946030964167,1.1996363299663158,0.983737258774024
2022-10-11,1.2462616500881554,1.479277779921973,1.5300804682605889,0.9484907865478407,1.1998444274004278,0.9839104601577402
2022-10-12,1.2458992394283837,1.4833702739248784,1.5272147971243812,0.9478198310870973,1.1977535114050013,0.9799463137898081
2022-10-13,1.2448031809105742,1.4825260317562676,1.5264081237144411,0.9478153003277451,1.2005150915872862,0.9845033437748856
2022-10-14,1.2485520619026838,1.4839298374432344,1.5306963704524925,0.9501479367577198,1.1952903116450633,0.9763886841627052
2022-10-17,1.2437488478656311,1.4774656917600495,1.5278579367175014,0.944246346727081,1.202286245096213,0.9928527541094293
2022-10-18,1.2414091199075514,1.4769287824970188,1.5230018163510435,0.9415886214856242,1.2023410809322093,0.9943966629474397
2022-10-19,1.246655477055327,1.4826893682277504,1.5287135320614091,0.9473554830617867,1.1961572801773301,0.9832936215655388
2022-10-20,1.2416898638025426,1.4754951115650112,1.5236744706691054,0.9429141283972902,1.2046802101386123,0.9995869355123741
2022-10-21,1.24037974471009,1.475381575109884,1.522029494046329,0.940656021331686,1.2076685669828984,1.0078652575749916
2022-10-24,1.2380865429072045,1.4727853940013722,1.5192863601889302,0.9383346066005037,1.2102480646464093,1.013015317286828
2022-10-25,1.228137673029099,1.4656160804738934,1.5067068532248633,0.929176239784573,1.2228807640840957,1.0402227431186646
2022-10-26,1.2280684490463385,1.4626186023863565,1.5061347156913152,0.9304915669621222,1.22426743636265,1.0405757525109391
2022-10-27,1.224709661914197,1.4618818119968933,1.5012473426580466,0.927724974199083,1.2290366687290064,1.051396352829153
2022-10-28,1.2259286904740325,1.46487089180301,1.5024948201650956,0.928305020194221,1.2265257327050259,1.0476051721618869
2022-10-31,1.2285499598719205,1.4688430704776911,1.5068387657782931,0.9294825808075049,1.2238650159637434,1.0440602573996034
2022-11-01,1.2283659206274187,1.4677992754314222,1.5059935032277705,0.9302786051025164,1.2254984250833907,1.0471463060199158
2022-11-02,1.2260864497396131,1.4644617258236325,1.5015008161457417,0.9296072373999008,1.228373949565937,1.0516865316607154
2022-11-03,1.2291304013664754,1.467256081953538,1.5062728955565925,0.9324455620607921,1.223387313668769,1.0435882776054926
2022-11-07,1.2225309026898008,1.4609533801931982,1.4957375470221208,0.9265685261175903,1.23632549676192,1.0642919743864787
2022-11-08,1.2185639394056986,1.4571829038271482,1.4895329122067402,0.9226497619697728,1.2405401648451266,1.0671555121595215
2022-11-09,1.2172207367726349,1.4519343931150996,1.48955723336488,0.922937604332667,1.2340901256348598,1.0527722755941116
2022-11-10,1.2167867624920794,1.4528024397313373,1.4967581316350953,0.9167664234695133,1.2422646583394872,1.0685434730527557
2022-11-11,1.2148005290274217,1.4516083302623626,1.4928770532319122,0.916301018423559,1.246238538804962,1.0756196453844975
2022-11-14,1.2144552230583454,1.4536140283586387,1.495063069654772,0.9135418579436266,1.2493686110695001,1.0813143303191786
2022-11-15,1.2149618329104461,1.4532976647880227,1.4976226133619093,0.9138188500835226,1.244097595585392,1.0707897217569404
2022-11-16,1.2147444455398029,1.456902524539382,1.4972592156706221,0.9121005423892141,1.246909337167607,1.0756438432824704
2022-11-17,1.2155701635329015,1.454274452857933,1.4976053395769544,0.9137000928687603,1.2427536188453303,1.0684558620752216
2022-11-18,1.2153785586802506,1.4566750401521618,1.497247982057645,0.9115790021785504,1.2409346310247398,1.06407786386521
2022-11-21,1.2166455305377346,1.4541382896955184,1.5026025960542715,0.9133113789968483,1.231897126543175,1.047632316992048
2022-11-22,1.2159536711204655,1.4530239918436558,1.5001518119807395,0.9138347240307207,1.2387503449030046,1.0610740131379044
2022-11-23,1.2157987545122257,1.4568450727607252,1.501429304239922,0.909952783577536,1.2389675584692135,1.0607113484731168
2022-11-24,1.215750007760047,1.4583619216856643,1.5006268384677046,0.9091514671294945,1.2395183110435357,1.0608565192351267
2022-11-25,1.2164573910376297,1.4579802989413972,1.5006374153049045,0.911044851668202,1.2382235953093574,1.059618526950532
2022-11-28,1.2161735636873956,1.4611362292899757,1.5000150849656617,0.9088252921812776,1.2351017710215946,1.0526605251841514
2022-11-29,1.2157491033050019,1.4587623452471843,1.5001138629153907,0.9093525703663142,1.2374528893632653,1.0570217401227937
2022-11-30,1.2156752361920249,1.4571478569997784,1.4992575413667013,0.9108164991402766,1.2359384581900492,1.054353535081137
2022-12-01,1.2128040198822765,1.4592336509596393,1.4929471011261584,0.905921831110276,1.2425929495507337,1.0610423299156075
2022-12-02,1.2119304302950142,1.4577797254612914,1.4927552891882696,0.9048387372143147,1.24320924226418,1.0604099614167095
2022-12-05,1.2106724331339878,1.453110066190487,1.4968963942517413,0.9008718144563088,1.2483526156909923,1.0695537741097052
2022-12-06,1.2103391956518281,1.452611939295593,1.4977803716965774,0.8998220706675429,1.2449649933434932,1.0618602386536082
2022-12-07,1.2109261250378045,1.4545084790724112,1.500751502532344,0.8975874197767297,1.2444526679313488,1.0595966058020168
2022-12-08,1.210859014113705,1.4562307635601794,1.4990709155373787,0.8977959529341355,1.2419649641218564,1.0537331469010722
2022-12-09,1.2107846014755541,1.4568979394763086,1.4987966694250596,0.8977331454270278,1.2396587903391987,1.0495246360210582
2022-12-12,1.212161306707324,1.458625198643058,1.503150359827083,0.8983032814955275,1.2402643000978397,1.050350245038609
2022-12-13,1.2125257636888052,1.4626100711604135,1.5018853409366193,0.8971785751963718,1.2434385096006737,1.053223026205735
2022-12-14,1.2159768351814007,1.4732486085695224,1.510571916608508,0.8957165742147262,1.2467991009825505,1.0550624524448076
2022-12-15,1.220633462052965,1.4687350429525954,1.5186420648873247,0.9017225726209189,1.2391963090752447,1.0454200602996886
2022-12-16,1.2228947027739063,1.4768735168048561,1.5252406598018478,0.8981991070144625,1.2398422834137566,1.0434481637337258
2022-12-19,1.2301568353626795,1.4963627501064782,1.5392825643891277,0.8945883413035628,1.2452928580461071,1.0465496224964055
2022-12-20,1.2314244783449182,1.5092063949540726,1.542420660394409,0.8872935713528319,1.2561089229125753,1.0592785586254796
2022-12-21,1.2353510631340832,1.5143564249339543,1.548787146263149,0.8869885669932733,1.2597980461134506,1.0621178888509313
2022-12-22,1.2286514898241212,1.5006985343642334,1.5331397279133032,0.8919420306123683,1.2524616595616345,1.057082212883054
2022-12-23,1.2264791390468763,1.4990620474005638,1.5277286567464525,0.8908690445091709,1.2564665009341314,1.0636856923670324
2022-12-26,1.2253176400173298,1.4988019598251772,1.5237400658322793,0.8905214244263533,1.257137332738199,1.066230733429807
2022-12-27,1.227514041385609,1.5087273997793191,1.533049941608763,0.8850987604507075,1.2662967022841034,1.0753010476375187
2022-12-28,1.231360040274717,1.5172078090943852,1.5416429672443197,0.8845171106851962,1.2629094339551996,1.0696940176683065
2022-12-29,1.2309576690227904,1.5173265702211705,1.541788254362085,0.882862812838513,1.2640367927607894,1.0710316523344097
2022-12-30,1.2289270330478137,1.5125684609212209,1.5369229756473661,0.8827006015536514,1.264389531185496,1.07151664289108
2023-01-03,1.232072180169353,1.5223824909299035,1.54423098839184,0.8786715158012588,1.2701608355627754,1.0778838829470496
2023-01-04,1.2355187058797024,1.531777452140462,1.5546115179734161,0.8749875478495621,1.2686909040130152,1.072820951524683
2023-01-05,1.2375684893361378,1.5348842519583161,1.5576909797062062,0.875987095970047,1.265807092936366,1.0688833275762444
2023-01-06,1.2367825277094886,1.533333938255065,1.5561517686524236,0.8760339385165584,1.267463349754908,1.071023390084905
2023-01-09,1.2320491257524007,1.5249179868115983,1.5476105778544507,0.876946377530676,1.2687685930497348,1.073629060521222
2023-01-10,1.234019144738243,1.5281738266338876,1.5509330810270108,0.8774412430478175,1.265769763872207,1.0685893508765538
2023-01-11,1.2293773886133277,1.5259167952580888,1.5453844698513934,0.8733453401931794,1.2741920272764886,1.0819476304225941
2023-01-12,1.2287389851883497,1.5204001174983903,1.5423279926480202,0.8768179740346647,1.2744283101532439,1.0830986395819668
2023-01-13,1.2327768333295515,1.5293857813754579,1.5499618190000009,0.8727360474802327,1.2820679751956263,1.092697031763559
2023-01-16,1.2341737723798842,1.5317067741337866,1.5545703866782605,0.8723633114780613,1.287508856832621,1.098989119063386
2023-01-17,1.2359402028625175,1.5305939113141922,1.5544662108823581,0.8750681740026239,1.285211122083807,1.095115886833019
2023-01-18,1.236100581263702,1.529359100624059,1.5539373082871872,0.8766257522458926,1.2875562159838567,1.0985959276981982
2023-01-19,1.236904970974296,1.5300128403872413,1.550901000119396,0.8800557313835944,1.2794470147999424,1.086418345133691
2023-01-20,1.239621328397859,1.5341456135663727,1.555053418768723,0.881252508889823,1.281138209131893,1.0876223512614576
2023-01-23,1.2392193751707572,1.5348414993298587,1.5576582210535765,0.8781777336946367,1.2873631261717065,1.0971716779578355
2023-01-24,1.2419855686809929,1.5389231108241477,1.55997227803265,0.880698149934392,1.2849210715344797,1.092288731445378
2023-01-25,1.2421094941078967,1.5399439324609887,1.5607916047447643,0.8798171301100757,1.2849296249623336,1.0920943581310132
2023-01-26,1.2429873930896265,1.5407456368822687,1.5618003533012246,0.8807593590964855,1.284360084358849,1.0911797464810622
2023-01-27,1.241792268608539,1.5405637648978046,1.5621847434191425,0.8777743518402086,1.286969644480212,1.095071365624056
2023-01-30,1.2452497847826585,1.5502172725783692,1.5705246746561206,0.8745484675018103,1.2901596364756502,1.0969977428105877
2023-01-31,1.246434486546691,1.5530786322893526,1.5752089487902077,0.8720232596332718,1.2929552226954213,1.1006847229325452
2023-02-01,1.2477890950093065,1.5547604273322997,1.5769414356568563,0.8729140236437298,1.2930844815746914,1.1002108923666232
2023-02-02,1.2514584413312717,1.5625387113517715,1.584819048733137,0.8715187437837164,1.2957277827108802,1.102236689093109
2023-02-03,1.2452245232704005,1.5555043930195462,1.576431361930694,0.8663267621773024,1.2940908140295142,1.103362360374479
2023-02-06,1.248803070174796,1.563074871188626,1.581828831955897,0.8643133063435429,1.2925549391701294,1.1013079773301206
2023-02-07,1.2483793798060097,1.5620264537752937,1.5801350809460082,0.865016962614446,1.2937391896950023,1.1027365519802568
2023-02-08,1.2506926712194542,1.5695748500810576,1.5822575157883314,0.8643922827519296,1.295875830799153,1.1044773681887536
2023-02-09,1.2511883702849729,1.572488732975955,1.5851830011141237,0.8613987523243019,1.2993891126091144,1.1089294852986606
2023-02-10,1.249001973589631,1.569565501261279,1.5822421725893585,0.8601011063081091,1.2993170763768667,1.1100926777136657
2023-02-13,1.2499487147361312,1.5729620969811047,1.5857243116252335,0.8603777318376572,1.2989108444943032,1.1091196289434997
2023-02-14,1.25048122797974,1.570434791080438,1.5832195247883254,0.8661670983970041,1.2901622538623043,1.0983963531398913
2023-02-15,1.251694323606169,1.5701340322789181,1.5829738354158962,0.8747085474353858,1.2775191353923032,1.083597675519476
2023-02-16,1.2536155176529458,1.5737661358911486,1.5866682304020263,0.8745946845729727,1.2776812924148733,1.0836906987606798
2023-02-17,1.2517273657501344,1.5681613007628332,1.5835387669435654,0.8755537253919995,1.2762796557491944,1.0815215449766742
2023-02-20,1.254073791403215,1.5748976826504193,1.590124631867289,0.8727590623731066,1.2803517800383362,1.0856141502961878
2023-02-21,1.252164360081754,1.5776793927654902,1.5871844914269861,0.8683554193228576,1.2868119962206912,1.0929052378826098
2023-02-22,1.2540766823071308,1.5807829485987839,1.590523575913817,0.8688543189159539,1.2860719886553051,1.0913764899715495
2023-02-24,1.2573361725880512,1.584876903066563,1.5956574452844545,0.8707894318957452,1.28320764817381,1.0882985516350174
2023-02-27,1.2485882573689637,1.5734549737135004,1.579530358174102,0.8673023082936808,1.2883435836639068,1.0966977128897186
2023-02-28,1.2488031176364855,1.5768578151127601,1.582938867277193,0.8635889369469542,1.2938575336888145,1.1026974021074263
2023-03-01,1.247052501498159,1.5792498284509948,1.5853173320435405,0.856569186570041,1.3043726348764189,1.1137675341663595
2023-03-02,1.2481778043360694,1.5784374244171913,1.5844908177606185,0.8601758400826621,1.2988802462891782,1.1078142941684368
2023-03-03,1.248148399390419,1.583132944643236,1.5860661399829732,0.8562666518466889,1.3047831874578626,1.1138024226789802
2023-03-06,1.2446159558323893,1.581868486411491,1.5816215881912445,0.8515566098025233,1.3119591949968707,1.1223594148908318
2023-03-07,1.2461261623618132,1.583513291927069,1.583263370176561,0.8530533439957484,1.309653236514882,1.1206779251920955
2023-03-09,1.2477419760808228,1.5843888626133227,1.5841323295562684,0.8557277509979047,1.3055449938358712,1.1153717745365865
2023-03-10,1.2528728742521926,1.5943595402998996,1.594060531010621,0.8555115384504641,1.3058738660627005,1.1129186414198464
2023-03-13,1.2529623464956618,1.5937206033342928,1.5941447400048212,0.8560513909048455,1.3050468480421755,1.1110031109580019
2023-03-14,1.2547199103538718,1.599913796463581,1.6004173685096093,0.8525706984952115,1.3103507996248416,1.1166049583467264
2023-03-15,1.2652664147223633,1.6130393371449878,1.6135470404482066,0.861019382957203,1.2973656706964272,1.0982609356566717
2023-03-16,1.2676029321854783,1.6188988328156153,1.619408380392088,0.8593482927222915,1.2998830030202746,1.100427251399668
2023-03-17,1.2686068921564437,1.6260499264526358,1.6265876804309818,0.8530626208894446,1.3093745455862007,1.1079774551731774
2023-03-20,1.2648742151492776,1.647029731066756,1.631911687628773,0.8413628225781008,1.3319781365160517,1.131852178627136
2023-03-21,1.262006526440757,1.6424962672591736,1.6282606686542178,0.8415764875629301,1.3338732757171123,1.1361542689269029
2023-03-22,1.2621894030931906,1.6411567139989218,1.6303370916689797,0.8400389161585641,1.333894315755849,1.1354051376457874
2023-03-23,1.2598814271995602,1.6340289050184034,1.6240436740524125,0.8434020420521171,1.3333031389081635,1.1361591480117723
2023-03-24,1.265033883132345,1.6428865747954953,1.633364324083382,0.8426112852142523,1.3337381212891921,1.133733455665393
2023-03-27,1.2645269976549145,1.6442309098663699,1.6306778959344643,0.8456409420974835,1.3445667784400153,1.1498704687266672
2023-03-28,1.2665058049177456,1.6471906423460028,1.635661055948116,0.8449225389971501,1.350192345041016,1.1567978337417704
2023-03-29,1.2695978133966432,1.6519141708832783,1.6409358854851008,0.8455100327104824,1.353433955988284,1.160318999510116
2023-03-30,1.2695713719367596,1.6532925268002119,1.641065513414289,0.8439269709681808,1.3564396705370014,1.1638382791281112
2023-03-31,1.2678667898866736,1.6501300809073944,1.641512750596059,0.8433533524957336,1.3539301597249744,1.1600805304380308
2023-04-03,1.272340590271189,1.6607771689665014,1.6519324481329758,0.8390367777933792,1.3617619525428417,1.1670710721173498
2023-04-04,1.2759578360498123,1.6698392724142532,1.6615089063321191,0.8364459607284461,1.3691470213137034,1.173637518523171
2023-04-05,1.2781305852020366,1.6755382322494563,1.6675507670797989,0.8354972081147308,1.374341572221889,1.1795592521479128
2023-04-06,1.280101079035797,1.684544604558169,1.67648028742107,0.8297299056035535,1.3761127477993664,1.1798283804514313
2023-04-07,1.2802044679100126,1.6838654795611352,1.6758278834267095,0.8313446935560883,1.3765615660566404,1.1813353200896104
2023-04-10,1.2843482876846415,1.6903542124298114,1.6822856436227729,0.836216910037865,1.3844685667706549,1.1911836641673452
2023-04-11,1.2865716704538395,1.6983260396188498,1.6902194188841622,0.8309054939738527,1.3860990577189414,1.1906599177681962
2023-04-12,1.2853179981697032,1.697422965663421,1.689320655572203,0.8300565163717046,1.3908798451993798,1.1971781248041973
2023-04-13,1.2844751494170887,1.6939384298784879,1.6858527525240858,0.8320534059579685,1.3901093222663177,1.1961693161930782
2023-04-14,1.2856707762459942,1.696098193872966,1.6880022073157541,0.8322797995801742,1.390200075817113,1.197098623043675
2023-04-17,1.2872451481865899,1.6926492179130521,1.6845653824808036,0.8395298407176357,1.3937406136766133,1.2027660363568233
2023-04-18,1.289596720808253,1.6991338697545275,1.6880427133661284,0.8391378499639696,1.4001662748922188,1.210391804485951
2023-04-19,1.2886237695065306,1.6986852496868006,1.6907941596694507,0.835700948798993,1.3965907826214488,1.2058304103913342
2023-04-20,1.2921699576317338,1.701744880373065,1.6937820411320956,0.8401079036630584,1.396455511408578,1.2045469474103205
2023-04-21,1.289898230192495,1.6985732532862938,1.6906350395555747,0.8383719656163097,1.39432901592236,1.2029103023670744
2023-04-24,1.2869758455756093,1.6935766287616778,1.6856414559176995,0.8374536504433747,1.3926276168258693,1.2016980990363042
2023-04-25,1.2865330808319073,1.6937262615973194,1.6858537926686752,0.8388033231796819,1.3868439678449873,1.1939393022230684
2023-04-26,1.2880697645392951,1.697835710001529,1.6899441402856978,0.8401785980365516,1.3879003048086296,1.1937639664941209
2023-04-27,1.2940655199539983,1.7026467018541653,1.694732770565077,0.8419229924607835,1.3906777822023133,1.1971923864944798
2023-04-28,1.2899653232736585,1.6931834586609107,1.6853135126896934,0.8434412782935474,1.3888160394623161,1.1967683572320904
2023-05-02,1.2853128451927536,1.683876874322161,1.6760501855157524,0.8415735264214045,1.3797659141676613,1.1874483903809865
2023-05-03,1.2840196059461308,1.679335217374336,1.6715051243940202,0.8417697373876908,1.3652535821834684,1.1695116983165055
2023-05-04,1.2797063681152296,1.6696289321767626,1.661619072354498,0.8432316842130974,1.3603984928831674,1.1652673181812907
2023-05-05,1.2744708389963255,1.6616857452683964,1.6530435312738079,0.8409715892812211,1.3599492757353442,1.1675463826463466
2023-05-08,1.276972301947865,1.6658616897951073,1.6603434356145181,0.8422955584237368,1.3612766975006334,1.1675206750870326
2023-05-10,1.273181621308015,1.6541978451750112,1.6452698622985864,0.8445279728886569,1.367648916844068,1.1783524217618018
2023-05-11,1.2850574865612603,1.6700100766315227,1.6611440900347159,0.852865870465868,1.3781549003590823,1.1887480532164993
2023-05-12,1.2850279574447212,1.6675595834734462,1.6666129448868758,0.8510488126418972,1.3708475537552218,1.1796567976742247
2023-05-15,1.2952043567704292,1.683461972321652,1.6803298959989665,0.8567846351388714,1.3835101859386134,1.1928220062756036
2023-05-16,1.2987998502275646,1.6912845678052788,1.6851314313857406,0.8575786694652607,1.387088900634328,1.196614080069299
2023-05-17,1.2920456977134327,1.682448853499922,1.6720297526467913,0.8550664401800241,1.3852304454120958,1.1965798424731502
2023-05-18,1.2928262661287597,1.681136922242097,1.6761487384211975,0.8551902543460824,1.383307402534866,1.1944768738715017
2023-05-19,1.2926214069462947,1.6801045265601635,1.6759541159372617,0.8554343838416236,1.3813768747407493,1.1917708442452866
2023-05-22,1.2939498410104042,1.679067857095881,1.679401094075643,0.8570159489409284,1.380927350802145,1.1911612066851
2023-05-23,1.2950541643069853,1.6783109898348318,1.6810998384069877,0.8589438516560883,1.3837927908510756,1.1962211626082433
2023-05-24,1.298138054854774,1.6781012048906576,1.6865318693414901,0.8628454424424405,1.3858395837163617,1.1992601747473566
2023-05-25,1.2994593078854373,1.6759619761829607,1.6907310211494375,0.8646299748397899,1.377762536011234,1.1899273759316968
2023-05-26,1.2999755469583345,1.681860599486014,1.686831595354289,0.8646082706448293,1.3860468694269348,1.2007506211565122
2023-05-29,1.307571716839042,1.6916861205657021,1.69691749977649,0.8701463649301953,1.3931972019916108,1.2081219814877373
2023-05-30,1.3089768279841811,1.6932640297822101,1.7029882777309242,0.8707673917348429,1.3838795962507031,1.1945978568641815
2023-05-31,1.309790521748061,1.694423832060286,1.7026170280460897,0.8721368183837251,1.3843131585294282,1.1945012382716194
2023-06-01,1.3090558071396383,1.6936564956991327,1.7008270017536826,0.8719615610443301,1.382209059374096,1.1914392844269164
2023-06-02,1.3121322904858026,1.698543831071258,1.7053040825208519,0.8734648733865562,1.3893475356849487,1.2001268139550554
2023-06-05,1.303876321357013,1.6870522369331555,1.694299626807622,0.8679055983090411,1.3828008181440186,1.1938398617900128
2023-06-06,1.3062841511037342,1.6894188469264013,1.699505771942585,0.8689440465403997,1.3826073695122165,1.1926664871239712
2023-06-07,1.3069376356421147,1.6900810682594012,1.7012149311663676,0.8690299893603928,1.3861437588670262,1.197300018911033
2023-06-08,1.314825357529741,1.7042335268131834,1.7121626424805572,0.8742398782078384,1.3911858366377365,1.2000715233243424
2023-06-09,1.312967980023288,1.7009115539796207,1.709789195820756,0.8733522995374746,1.3912393551761997,1.200681651363826
2023-06-13,1.3263971518997284,1.72285738173102,1.7267001976447864,0.8811055947064491,1.4030073999054795,1.2109975658203833
2023-06-14,1.327615440671698,1.724376672489285,1.7282399038563037,0.8820789327828907,1.4041674425911437,1.2117893750897795
2023-06-15,1.325573017873961,1.725110980817742,1.7292985046831646,0.8764387081923692,1.4080629223111825,1.2189549922279013
2023-06-16,1.3271987706481203,1.7256618729193947,1.7297836591894244,0.878289215576667,1.4106155865966397,1.22101124710815
2023-06-19,1.323859699442505,1.7232307360750074,1.7249000072248653,0.8761321850325565,1.407577168190995,1.2181656415880586
2023-06-20,1.3270545478737577,1.7299351885002952,1.7281331148459151,0.8791141610574476,1.4071733420263548,1.2166255586421162
2023-06-21,1.3206612845750831,1.722613761758904,1.721618380185037,0.8730060978493441,1.4076109172926403,1.2198337824954304
2023-06-22,1.3242589682241719,1.729511039772153,1.7253206025921939,0.8756161687213813,1.4034302328056516,1.2138181513687578
2023-06-23,1.3249606819598772,1.7299777009976212,1.7241754996927878,0.8775331611289695,1.4000234963949447,1.209056989272123
2023-06-26,1.322557251717058,1.7248567033319515,1.7208465600367309,0.8785235946896164,1.3953692861866056,1.2037824490612812
2023-06-27,1.327683480761843,1.73372408367581,1.727250548145361,0.8816222370283769,1.397235526382656,1.205416764771577
2023-06-28,1.331441156851114,1.7389743010243666,1.7299866431366344,0.8841878500086408,1.4012801188835313,1.209100232134177
2023-06-29,1.3367701503958465,1.7468812049626459,1.7361973213765096,0.887936081632027,1.4052751196889435,1.2128597098134197
2023-06-30,1.3441866613734128,1.7554286078113723,1.7466088078483868,0.8936678469635201,1.4104993463746074,1.2173124225629643
2023-07-03,1.3408298549464706,1.7499542670579016,1.7435197742569442,0.8936648912477553,1.409864962324684,1.2176046601085
2023-07-04,1.342666087424164,1.7529807771223513,1.7469004997044932,0.8941066749610151,1.408574713702101,1.2158927084991282
2023-07-05,1.3480576588603512,1.761238841527309,1.753123781019855,0.8978860239933533,1.410840658103213,1.2177148966631108
2023-07-06,1.3494875899057175,1.7670552970406157,1.753165413716097,0.8978876248028408,1.4121629441447072,1.2191550370359878
2023-07-07,1.3523806671812288,1.7685084602175902,1.758839704623145,0.9006772257941547,1.4213076379841447,1.2280598477814582
2023-07-10,1.3488734765904709,1.768210006043047,1.7521587096255404,0.8972431663394137,1.4236430166281158,1.2321016390988875
2023-07-11,1.3468981455275146,1.7642785136121701,1.7496414240927984,0.8965844208322196,1.4272308847393405,1.2356735924811713
2023-07-12,1.3562620574819972,1.773917138035532,1.763108175033675,0.9034850198356676,1.4421131033887196,1.2486419603215473
2023-07-13,1.3520241581149461,1.7682346483137756,1.7576212439403405,0.90070332245282,1.4379654360389458,1.2448655309447065
2023-07-14,1.35583155801193,1.7740799061261585,1.7639158962086499,0.9029470993253119,1.4427761214701964,1.249215985273122
2023-07-17,1.3613924592890017,1.7813477671262938,1.7722878884367788,0.9066981672488875,1.4455452560178037,1.250724585038445
2023-07-18,1.3606685736290405,1.7753932150631393,1.7822670324113015,0.907456546163525,1.4551950225554813,1.2591681807571362
2023-07-19,1.3600549830943571,1.774772927871361,1.7786411103745625,0.9070113798124867,1.4542304602390341,1.2585860882373432
2023-07-20,1.3555558758017086,1.7708415617905255,1.770062020510189,0.9043937117108993,1.4433894986293352,1.2479045138957807
2023-07-21,1.3559317310284482,1.7724713208906604,1.7698629344083836,0.9044153758830273,1.4473444348416358,1.252624666009581
2023-07-24,1.3517757490798328,1.7673966368150107,1.7647411940893412,0.9013058195548255,1.4481224284799306,1.2547736850313003
2023-07-25,1.3559530131455655,1.7722974607149273,1.7702801081215216,0.9043207027760819,1.4554719443095012,1.2615697529297842
2023-07-26,1.3564901573716261,1.771310232294036,1.7711373645006074,0.905281141783299,1.4558568762564659,1.261606060210358
2023-07-27,1.3588252990855814,1.7778315790645243,1.772912679970334,0.9057145642745499,1.4586151527235822,1.2650769347400275
2023-07-28,1.365455016917224,1.7859625423226102,1.780185997624413,0.9110978778390985,1.4672475910709786,1.2721629734875095
2023-07-31,1.3769030208734987,1.8026848932304953,1.7985517615216953,0.9185012437320538,1.4861673175206722,1.2904175373823978
2023-08-01,1.3829018362860592,1.8159531311285746,1.8036684649588817,0.9211138648815558,1.4903462489406432,1.2949563436767872
2023-08-02,1.3883612937471108,1.821294968853641,1.8116961604515138,0.925213839422887,1.4935006780853717,1.2966773189303977
2023-08-03,1.394881315356432,1.8278582573754847,1.8211925970060927,0.930064941074774,1.5049768508911436,1.30741198888885
2023-08-04,1.3927439744353487,1.8310738253139327,1.8154062129082875,0.9271084757000799,1.5034181705424685,1.305167745178163
2023-08-07,1.3885219603261054,1.8273343775018271,1.808992860845221,0.923832376918345,1.4965329934168887,1.2991538301555792
2023-08-08,1.3952529742380801,1.833712808017827,1.8157271033586697,0.9272715873359297,1.5011986838700595,1.302615014525038
2023-08-09,1.3947138510807644,1.83467021694884,1.8141951005574786,0.9264892105863423,1.5038402910773812,1.3060855559026612
2023-08-10,1.4031442293843797,1.8412494370327879,1.8286314302878046,0.9338616832225565,1.5165508450267247,1.3175995280308963
2023-08-11,1.4112424701727908,1.8554148610672099,1.837417337624603,0.9383485481414694,1.5235448458526548,1.323217735481495
2023-08-14,1.3985194759937427,1.8374019333635434,1.8228466987059637,0.9309074853002565,1.509698042920624,1.3108532180076171
2023-08-15,1.3966115552548073,1.8312203332394528,1.8221044413284033,0.9305284227332942,1.5046503963538673,1.3058547704638805
2023-08-16,1.3763555947926998,1.805408231903958,1.7927226429593226,0.9155234658969474,1.4809031990718948,1.285031868568774
2023-08-17,1.3731577342283072,1.8022089748015182,1.7873816297684086,0.9127958700096801,1.4756117864752878,1.2808397265219245
2023-08-18,1.3806359511379387,1.8130224187072466,1.7966173948357438,0.9175124722559141,1.4825434987789765,1.2878526251066742
2023-08-21,1.3845058777830912,1.8199305560762944,1.8007476731771104,0.9196217593545392,1.4884232808093623,1.293936394671494
2023-08-22,1.3885894602489723,1.8203109985378583,1.8085263804790834,0.9235942584453881,1.4921436538328854,1.2965063338655702
2023-08-23,1.3855055953312112,1.8093030198214506,1.807970007232556,0.9232900250966956,1.4889949511234397,1.2914200631866146
2023-08-24,1.3872042178641346,1.8099604411482733,1.8109663812499874,0.924740602876093,1.490971807454979,1.2929062624702974
2023-08-25,1.390810195961116,1.819513776837421,1.813248353231829,0.9257436975227772,1.4952552746997605,1.2987755768159168
2023-08-28,1.399210636446868,1.8280904076942226,1.8254191405305826,0.9282542940032003,1.5064136234618406,1.309362711771567
2023-08-29,1.4019868107205222,1.8330391115953248,1.8324124653940514,0.92745945994316,1.5132233917193059,1.3148195871102457
2023-08-30,1.4032901758262806,1.83343383928401,1.8317317579692611,0.931484820761227,1.5152295067827772,1.3167497095567078
2023-08-31,1.4021723663474328,1.835724250701484,1.828967724407579,0.9281402825035197,1.5156344247169409,1.3177017118709986
2023-09-01,1.404484399031142,1.8406595553694551,1.8323307334289223,0.9290777007372231,1.519359993939634,1.321153821151717
2023-09-04,1.4102408748961266,1.8515032564614229,1.8403763086312879,0.92961015529907,1.528024296710492,1.329465753779926
2023-09-05,1.4125870271823466,1.8556028074470314,1.8447034656263475,0.9300057523201994,1.5282360448086965,1.3308561008796558
2023-09-06,1.4131706633888725,1.8560541824755383,1.8452162024757293,0.9306732793635782,1.5256128397860047,1.3285595269444703
2023-09-07,1.403329867362777,1.837082692729655,1.8263598787059339,0.9302509940230057,1.5103655883342324,1.3141132826450692
2023-09-08,1.3978114488092857,1.828805364820382,1.8192540162561985,0.9270867036207769,1.5019765300196601,1.3067662713488264
2023-09-11,1.3849978285669269,1.8079913178718046,1.8076206136933002,0.9180708578398596,1.49001716599322,1.2964404562070464
2023-09-12,1.3883581218058476,1.8165659644447938,1.8181148113570587,0.9150691855191218,1.4973160043035305,1.3051559599108842
2023-09-13,1.3921225346720858,1.8179586445371894,1.8193229630441095,0.9212010592614568,1.4975374373905368,1.3050614806346943
2023-09-14,1.3954398521825813,1.825337981574074,1.823915831941385,0.9217216620742933,1.500673099011853,1.3083226179853098
2023-09-15,1.3922016897423701,1.8168491725239038,1.8195244366430057,0.9218096932603085,1.5025713487715426,1.308792182690557
2023-09-18,1.3921589320216734,1.8162961525371797,1.819348804845798,0.9220942271349558,1.5008508327663737,1.3068000730555112
2023-09-19,1.3901311793156939,1.8120129276918493,1.815189370830904,0.922346368648712,1.492884004065246,1.2982160797495779
2023-09-20,1.3885611400811666,1.805467309564455,1.8121503505401861,0.9240777811218546,1.4912041966539418,1.2962265316053594
2023-09-21,1.3813378864209032,1.7979694280426854,1.8100698580736823,0.9187007815423931,1.475082643645296,1.2824047014870084
2023-09-22,1.3836286636300863,1.7995961675679322,1.8146342387952032,0.9197006771561874,1.479447794045846,1.2869697229083903
2023-09-25,1.3846094029203855,1.800471144702789,1.8155871280679137,0.9211486645333802,1.4783414421546177,1.2861058518409545
2023-09-26,1.3884051217005324,1.8092192442646704,1.8232416439664316,0.9215191953157506,1.478234939418082,1.28753151197144
2023-09-27,1.3899378346689923,1.8154410727626962,1.8311890891627798,0.9173834582053627,1.4813648722231236,1.291506888897051
2023-09-28,1.3970246331974623,1.828282339778537,1.8441092325879347,0.9184534906625238,1.486880604603391,1.298339958611314
2023-09-29,1.4073200944372837,1.842150640821219,1.858109443165212,0.9248196662523824,1.49457802927482,1.3060184503321715
2023-10-02,1.4120794178670677,1.849374958101356,1.8655376321986747,0.9268784202540146,1.4896878444855037,1.3019576560690873
2023-10-03,1.411793789955555,1.8499702363505943,1.8675575335233625,0.9250129698610768,1.491214717573603,1.3045525561122633
2023-10-04,1.412278516176718,1.8462018619271408,1.8611197861438529,0.9310386542056835,1.4847323361074638,1.2972616959219438
2023-10-05,1.42053913845133,1.8518323081177173,1.8761695217641783,0.936993096549213,1.4816322994451665,1.2944561746617431
2023-10-06,1.4197338983328327,1.8477899125746604,1.8713681276099574,0.9379582541204856,1.4868863740721816,1.2984239771115154
2023-10-09,1.4124022325595762,1.8429636061702594,1.8539162618669212,0.9315797056371778,1.4947599587500027,1.306593315718194
2023-10-10,1.4199685865044838,1.8521532962695988,1.8606602397342644,0.9385070687127611,1.5027164017086356,1.3122268450793664
2023-10-11,1.415160657557922,1.8424442901907954,1.8509009996205585,0.9376033469332892,1.5045029745146026,1.312307960019978
2023-10-12,1.4010281518371503,1.82467649533715,1.833016506613594,0.9262704013254999,1.4877654918106025,1.2996657463742434
2023-10-13,1.3972303041857548,1.8169732339054323,1.82883446143743,0.9247614611544632,1.4953574169441233,1.3066093938629866
2023-10-16,1.3992948571475077,1.8183214825775567,1.8340570949001667,0.9255336969252747,1.5078633814742046,1.31832649076398
2023-10-17,1.40467134954749,1.8241586167331876,1.8408165654130202,0.92981454437688,1.5126324703771497,1.3220860439018454
2023-10-18,1.4028767324364917,1.8222123933964494,1.8375605926382073,0.9288871178254887,1.5098021849252263,1.3197552248132807
2023-10-19,1.400524268401045,1.818021178510234,1.8350130906204705,0.9276384724397682,1.5113116226730186,1.3211879560342705
2023-10-20,1.3919531129256004,1.8024680026194808,1.82690887627342,0.9226399391893345,1.515208608121671,1.3249240015150385
2023-10-23,1.3885940691622451,1.79635035019785,1.823792521566172,0.9206381509291254,1.5077214951796336,1.317333855277802
2023-10-24,1.3818018297596353,1.7891628265136412,1.8153142726955127,0.9172508898061167,1.4986410360103775,1.3077919407430816
2023-10-25,1.3837898254765364,1.7871029164713144,1.8163686071837568,0.9199035776340201,1.5021221630631258,1.3108561002134425
2023-10-26,1.3808460916699865,1.7854894933688745,1.8108003973370523,0.9204189688317377,1.494996314811639,1.3041636841790143
2023-10-27,1.384407309317769,1.7858393599510054,1.81662182137564,0.9240870544394536,1.4978098172506742,1.3067584156280185
2023-10-30,1.381972035894648,1.7920660618959836,1.8069102578019296,0.9209104373202462,1.491894506089946,1.3007521299340528
2023-10-31,1.3813135242515362,1.7865769775512932,1.8062691482697089,0.9219993151605176,1.4919587090849118,1.3005737399628006
2023-11-01,1.377535591885269,1.7872021511710816,1.8024789066199252,0.9175455881881048,1.488423905624531,1.2973610110716811
2023-11-02,1.3789191870199848,1.7837400698332722,1.8042390560703063,0.9205515886606044,1.4869098168647634,1.2957748778672913
2023-11-03,1.3772496509104686,1.7895472740517178,1.801397285599565,0.9172145209277666,1.4887836612945633,1.297648308456462
2023-11-06,1.3797005360973578,1.7846768859688869,1.8090859657730587,0.9183372885187088,1.4933214650092077,1.3017966132401697
2023-11-07,1.3794179497688501,1.7807950826991885,1.8100976935250852,0.9198737582853008,1.4896009051985928,1.297260144141525
2023-11-08,1.3799295724814171,1.7844868713656123,1.8088808278008734,0.9196068149399036,1.4851992383705863,1.292471007295391
2023-11-09,1.37931297611079,1.7830827206027586,1.8075373977543412,0.919960712467756,1.4867987265590172,1.2940904759531524
2023-11-10,1.3809998428269075,1.7832439368071802,1.8132385141594054,0.9208323864601458,1.484314491414287,1.2923645017197056
2023-11-13,1.382370929362241,1.7852977571880975,1.8145478493386378,0.9187234939122175,1.4843315377971769,1.2929555038423743
2023-11-14,1.3793288620710515,1.7830803354123879,1.8058846846963879,0.915948042300087,1.4789019687605323,1.2892090281810855
2023-11-15,1.3787710173845242,1.7922158496137561,1.8004015426458928,0.9119716482151399,1.4750291452713127,1.285244337853557
2023-11-16,1.3747509825255169,1.7859649405877602,1.7881163044340573,0.9133417078110005,1.4654757048021763,1.2751146111361067
2023-11-17,1.3788235110250733,1.776011870815227,1.8001596590393352,0.9186726112145278,1.473322783957713,1.2820422181277193
2023-11-20,1.3757348039444024,1.7858430462323864,1.7979914570819504,0.9084949578759175,1.4702892378838044,1.282494092110467
2023-11-21,1.3753706258171765,1.7839214352398012,1.7942783307927062,0.9096028791732765,1.4726790019525766,1.2836310896284002
2023-11-22,1.3788926307446703,1.7849778789997164,1.796683393385334,0.9136189921572981,1.4717293896854395,1.2807683973645614
2023-11-23,1.3779314986809585,1.7827573836858064,1.7988112399659446,0.913033360730991,1.4716333552138408,1.2818304330409398
2023-11-24,1.378430613243896,1.779577839083547,1.8009856550549144,0.9145107189786305,1.4753481579697107,1.2855603366841533
2023-11-27,1.3762712323958513,1.7816556405014254,1.7928075516104716,0.9161247176350392,1.4638675943015924,1.2752001210194508
2023-11-28,1.3762370022454626,1.7740231895832204,1.793929256300974,0.9184603238734526,1.4735150530163421,1.2827327847388035
2023-11-29,1.3756103406187559,1.7847074582391094,1.790223790843878,0.9156486065056649,1.4655389559770173,1.276611843480214
2023-11-30,1.3735985043986594,1.7740902007385564,1.7919566181634718,0.9165866543567194,1.4690405206342307,1.2807034151362844
2023-12-01,1.3740549057786278,1.7699774101876193,1.79221780691705,0.9210017313405149,1.4683371293706482,1.2789942865434858
2023-12-04,1.3762556701941804,1.7690657669276488,1.7894340632283272,0.9254823296785087,1.4583295442206117,1.269489614723359
2023-12-05,1.3816989174507226,1.7574116493788012,1.8029824593872277,0.9331572848003556,1.4679104935138136,1.2768263329944076
2023-12-06,1.3813507657143782,1.7676505257891828,1.789133609482635,0.9342472826278897,1.4521431444124604,1.2609625401577818
2023-12-07,1.3743005078365738,1.7666401236331848,1.7746731718920121,0.9279210329251941,1.4499148674779427,1.257923394424239
2023-12-08,1.3698432243277499,1.7681529646528895,1.7691031259432524,0.9230607342003877,1.446148254450974,1.2567068487363169
2023-12-11,1.355070327318712,1.7748432290401726,1.744685394899209,0.9109620428850218,1.43180922511451,1.244222845530974
2023-12-12,1.3578474811202943,1.7876556649409305,1.7409590944222493,0.9115026871498783,1.4244300372705516,1.2375319966258482
2023-12-13,1.3554538148711825,1.7877241173555172,1.73745212446412,0.9094565240865997,1.4256372720641524,1.2385460660902519
2023-12-14,1.3635660387882138,1.78947937719152,1.7522641550677995,0.9136960683567995,1.432968565080126,1.2451131832046471
2023-12-15,1.3700460811246498,1.7794270555191942,1.7628340306002332,0.9201816031207798,1.4446280846532653,1.255209698172455
2023-12-18,1.3693318825427834,1.772618883848042,1.7687237840600274,0.9191924164799973,1.4534948310677072,1.2653833965002992
2023-12-19,1.3704625239585801,1.7699576351137671,1.772735705661299,0.9207601233429493,1.45391421285211,1.2652967833988311
2023-12-20,1.372537643999269,1.7670693880231263,1.7775572961914237,0.9239407654020851,1.4572545598662974,1.268374752624143
2023-12-21,1.3691780625892502,1.7545379134096566,1.7743903359295252,0.9253179606160689,1.4531788060389312,1.2630791019953616
2023-12-22,1.3727560314886917,1.7504622160401835,1.779397807984042,0.9275306879549242,1.458462991334452,1.2692060456827734
2023-12-25,1.3737106424763934,1.7584878124211352,1.780042241482831,0.9257425792858976,1.452259865295484,1.2638580725816286
2023-12-26,1.3749234842859492,1.7551622470504284,1.7859596124525712,0.9261545163472887,1.4562242446815334,1.2687892599087458
2023-12-27,1.3768047432620762,1.7543840850052805,1.788104087957872,0.9293574093322239,1.4581499425623903,1.2690977901420424
2023-12-28,1.379426948340309,1.7670482753926902,1.7867079263327104,0.9286844473164155,1.4534285896351713,1.2643440451622878
2023-12-29,1.378331063854768,1.7651750149705914,1.7856498122015279,0.9280055550330994,1.4515512170418114,1.2623569786153777
2024-01-03,1.3765696579412086,1.7523987306204998,1.787411328683096,0.930233231125154,1.4579549190626526,1.268303498862895
2024-01-04,1.3774114551567724,1.760168262664775,1.7871704908899901,0.9281435526017763,1.4537894846985049,1.2651985331227593
2024-01-05,1.37664493411959,1.7659742501406905,1.784756192674782,0.9255305525129058,1.4528059922678753,1.2650280952777875
2024-01-08,1.3774976471509355,1.7577533522845181,1.7839876747348038,0.9301034896149831,1.4554614543356488,1.2653517795138438
2024-01-09,1.3794694215200094,1.7692833287675864,1.7865776866009369,0.926633157183678,1.4497976400148032,1.2621322132807111
2024-01-10,1.3783916670227274,1.7665491645016964,1.7861396480231233,0.9248393967228817,1.4504650288107883,1.263562930105652
2024-01-11,1.3802153333092622,1.7761429832467568,1.7857981159555953,0.922196470313429,1.446990023273105,1.2622616326993426
2024-01-12,1.3826096297500758,1.7795633204565495,1.7905945602355313,0.9224529044807481,1.4506252714776966,1.2656824679417396
2024-01-15,1.3830167668759705,1.789412271650243,1.7906895380934673,0.9205906141872883,1.443042907402336,1.2584251840411274
2024-01-16,1.3820851606627826,1.7898105676618257,1.7901050721381584,0.9181962880338268,1.4408148730830146,1.257135012835504
2024-01-17,1.3764002224531846,1.7753051677866676,1.7787475352270103,0.9200225183955674,1.4426137051036207,1.258082787067325
2024-01-18,1.3716918052103693,1.7688805697039494,1.7716736564168463,0.917566645203846,1.4468703195770884,1.26228287135974
2024-01-19,1.3741612337718505,1.7771088531013517,1.7799200873592,0.9139831340152023,1.443585345774697,1.2604647442870314
2024-01-22,1.37548983168843,1.7798862049210211,1.7827037671030788,0.9137763405404249,1.442768008879655,1.260027501420429
2024-01-23,1.3714213858495643,1.7714570877696363,1.7742568187749475,0.9143246811970961,1.4459260867918093,1.2626896593977646
2024-01-24,1.3712030381958544,1.770244598143246,1.773092624207111,0.9150872054151833,1.445181868217719,1.2618961229455479
2024-01-25,1.3698751567821916,1.768665209988411,1.771834551308847,0.9137266844638793,1.4445008636009344,1.2619481019439216
2024-01-26,1.3676563945344098,1.7610663169604892,1.764222041523199,0.9171368246464848,1.4483939680878668,1.2656234286012713
2024-01-29,1.3736678043323216,1.774628954352101,1.7778089823425351,0.915100982372863,1.4444985044837975,1.2632387501399072
2024-01-30,1.3721013894781047,1.7676562516804206,1.7708237850084576,0.9191615253789571,1.4499018329795446,1.26709395725326
2024-01-31,1.371030217068434,1.7620759438720983,1.7652334776253047,0.9228122073012832,1.458570915442281,1.2727844738180751
2024-02-01,1.3683100360542926,1.7553236217045898,1.7585007955004852,0.924358504393887,1.46043386682748,1.2738481350175495
2024-02-02,1.3696297865251847,1.7560454658613582,1.7588813211056198,0.9265821089727873,1.4574528850140367,1.2689975816018666
2024-02-05,1.372241625775742,1.7608502898814635,1.765663806113182,0.924941414326985,1.4504065549668588,1.2635619032444778
2024-02-06,1.3713793019449623,1.7554029638000945,1.7618375653816978,0.9287604447403238,1.4576520921320775,1.2696972681254308
2024-02-07,1.3717108613803186,1.7473127248052167,1.765218284121135,0.9308056790984776,1.463594114530326,1.2746466241514636
2024-02-08,1.3706940247356905,1.749547949180106,1.7616083972386654,0.9262964497169873,1.4560808580746447,1.2709679111696204
2024-02-09,1.367458225614419,1.747281222838662,1.7563896012954552,0.9250648312040742,1.4558739294075072,1.2715400130900618
2024-02-12,1.3677698890478678,1.7421074215586136,1.7585521317445056,0.9272988948559129,1.4578481319643704,1.273262872884461
2024-02-13,1.3672348160861831,1.7429236355233502,1.7589048910747473,0.9255653682081987,1.4538848224888563,1.2708944962872541
2024-02-14,1.3666771493323358,1.7433108958267398,1.7572783747783618,0.9266498682449817,1.4545623856151055,1.271598393659456
2024-02-15,1.3681705249313232,1.7497085567954138,1.7468753043896008,0.9317716212034943,1.4621338905435082,1.2766439697860679
2024-02-16,1.368403500607415,1.7515070951893499,1.754022324896698,0.9274762978032814,1.454053820257509,1.2712988657234328
2024-02-19,1.3693630741721499,1.7560511318526462,1.7478128613123267,0.9303046158013139,1.4609019898502607,1.2764460510277122
2024-02-20,1.3724718120491721,1.7645396713626267,1.7552356823421345,0.9281914210734793,1.4513118901988518,1.2688791878730215
2024-02-21,1.3760927585757763,1.7830629885490972,1.7607882804666177,0.9228573239824565,1.4393756278646679,1.2610203583459276
2024-02-22,1.376155048059496,1.782844513652777,1.7604474334258655,0.9232738654560537,1.4401544338937533,1.2619723359738901
2024-02-26,1.370351966653051,1.7591290884737691,1.7469897033575477,0.9309283157833056,1.4524501517254604,1.2695657721204232
2024-02-27,1.37149758845004,1.7611623909414562,1.7491439292759503,0.9311219011483415,1.4541284039727593,1.2715459623721443
2024-02-28,1.368548672720407,1.7520934104369608,1.755074991905402,0.9267464625716866,1.4539827992955616,1.2721389842587694
2024-02-29,1.3681097483341977,1.7429201813608917,1.7582996296969255,0.9289860825537957,1.4584084165494857,1.274914476219719
2024-03-01,1.3684502454127354,1.7347880127578796,1.756175383157507,0.9342292906166402,1.4660146486576082,1.2797484839940618
2024-03-04,1.3755943735325817,1.7472960897221108,1.7665349825542065,0.9397114680024969,1.4732378148025889,1.2846577851188723
2024-03-05,1.3797153811019145,1.7571408674032587,1.7785609946696779,0.9403756202999433,1.471592909085411,1.2829321711916404
2024-03-06,1.3798274554489136,1.7599618449919454,1.778480077718809,0.9402749057703802,1.474346791727438,1.2853662939670185
2024-03-07,1.3829701785468262,1.7614507977305693,1.781079005098036,0.9445334735597151,1.4766829102768995,1.2858745140060734
2024-03-11,1.3857566337022924,1.763538496715492,1.7875690589968976,0.9456695474160757,1.476934232436023,1.285729095430141
2024-03-12,1.3827542458536985,1.7616558526755821,1.7736264033087217,0.9479084269577776,1.4854970738827358,1.2912519849355044
2024-03-13,1.383845167889458,1.764692684144587,1.7747040993621528,0.9479419566756313,1.4820681924552923,1.2894406969132968
2024-03-14,1.3791370488628654,1.7613273792600415,1.7627523991015381,0.946457948371112,1.4784778607869078,1.2880953241596782
2024-03-15,1.381268597469116,1.7654454927657857,1.7568806591446553,0.95177216228568,1.4851779280219037,1.2921127313287135
2024-03-18,1.3819223180941818,1.7661727925941477,1.75796982623574,0.9495849626252573,1.4807968198781494,1.2906502450903607
2024-03-19,1.3787084720416605,1.7636248199247972,1.7471961284751074,0.9501488398057074,1.4754981045653497,1.287338536236057
2024-03-20,1.379151479720458,1.7620490985637622,1.7536273668113045,0.9484162695581723,1.4715814373994296,1.283786610490654
2024-03-21,1.3844506012918496,1.7677971493315208,1.7659455168262255,0.9495620433125931,1.47532315455062,1.2858091116677464
2024-03-22,1.3755981732537577,1.7547355994564229,1.7562615343158547,0.9461189779645323,1.4711847288970485,1.282908543521113
2024-03-25,1.3752153315265152,1.7559208938167816,1.7555523430841171,0.9454622343425824,1.4729411100197742,1.2848070615288292
2024-03-26,1.372258615456758,1.751504471134704,1.750510465636856,0.9440433895953101,1.4744176748485385,1.285445901175046
2024-03-27,1.3802117470828281,1.7657435001010802,1.764370445913655,0.9440923607778268,1.4717244932079587,1.2838953158298887
2024-03-28,1.3855962806907174,1.7731523766925212,1.7671312899279414,0.9483481856019215,1.4816813573470384,1.2915037335937296
2024-03-29,1.3894449867667706,1.7790726216702992,1.7735876442609224,0.9488005946416227,1.4827722561087873,1.2926784157880755
2024-04-01,1.391592422188259,1.783484795585283,1.7712734693879622,0.952084736282447,1.4891180636073766,1.29680549798442
2024-04-02,1.387183007774452,1.7792342286813703,1.7628092947529648,0.9498530905326762,1.5001557301242605,1.3045904965689865
2024-04-03,1.3936897934774057,1.7908116010553479,1.7685187228046264,0.9539120619518786,1.5125408027301703,1.3136633201214996
2024-04-04,1.3944813069294735,1.792172702272571,1.7698324103685263,0.9542395527417469,1.51425579842535,1.3145278749991811
2024-04-05,1.396393071718915,1.7957231457975527,1.7655588191013842,0.9562496635585731,1.5186471470372143,1.318649212547698
2024-04-08,1.3987388635447016,1.7992613690824744,1.7630376379537693,0.958074584086423,1.521589826283753,1.3196648426442485
2024-04-09,1.3974701732825454,1.7991856241228725,1.7602716838361676,0.9569889360509607,1.521807678735036,1.3193507826376585
2024-04-10,1.3968081029530173,1.7998032217905402,1.7554591808216977,0.9578816499716037,1.5252471349249053,1.3212045114733213
2024-04-11,1.3968635567629804,1.7951845808806504,1.7585286042138657,0.9568219444341307,1.5271993473815126,1.3231771057351787
2024-04-12,1.4043302023903055,1.8008704458338876,1.7672599534093028,0.9621854956231898,1.533095526496263,1.3280714356941057
2024-04-15,1.4000539682248343,1.7976349250663224,1.762699883387092,0.9604567920617866,1.5278810902270332,1.323243105100523
2024-04-16,1.4051054584064535,1.8065638915851754,1.7553962902999702,0.9652234965941813,1.535115173944499,1.3274448999847142
2024-04-17,1.3995497784405015,1.7970439417450146,1.753253925937905,0.960157044644868,1.5293817108281784,1.3231606309301436
2024-04-18,1.3970973359996175,1.7869691828945566,1.7639840665216164,0.9567776135199108,1.5254287621715383,1.320132349021284
2024-04-19,1.3944781410635163,1.7824587533215162,1.77025421056403,0.9543669398855197,1.5253240199622509,1.3209273628222524
2024-04-22,1.3959563187640376,1.784139612906532,1.7720739448235694,0.9552658635351639,1.5232881208170708,1.318739075327086
2024-04-23,1.3887583442854665,1.773737354436,1.764384416894791,0.9497249022919118,1.5076463762816341,1.3094259419553829
2024-04-24,1.3903743432223166,1.7795986661059895,1.7750230152338282,0.9471284336088612,1.5025474798980498,1.3072658025556283
2024-04-25,1.3917290115584147,1.7811510992676,1.7756108283010803,0.9479890461940067,1.5032797222813001,1.307517810070895
2024-04-26,1.3990614639304557,1.7943435039614584,1.7945953156591272,0.9489195907456949,1.5015289055800882,1.3086105817638265
2024-04-27,1.3918162053605654,1.7787717698003944,1.7789162579625475,0.9507026926797938,1.511864930497934,1.3139986228224767
2024-04-29,1.3897935487643291,1.773000772091599,1.7713719730527044,0.9536394333202535,1.5137620775377731,1.3139689718735137
2024-04-30,1.3873662693853397,1.7709359523715755,1.7693471175693734,0.9497395144470648,1.5058480186751557,1.3082323029890044
2024-05-02,1.3919337979117128,1.776166401457968,1.7790346787051396,0.948371706557244,1.4878489670954589,1.2970752658902631
2024-05-03,1.396704056006289,1.782465965142752,1.7854301315079626,0.9513493501662811,1.4844994373284652,1.294914219263989
2024-05-06,1.399802185728622,1.7875269487758565,1.7933242289234341,0.9507767883087171,1.479447234195554,1.2924213939545892
2024-05-07,1.4012257029955217,1.7922668986665673,1.7932586781676794,0.9511484738057789,1.481516581734507,1.2937196139786107
2024-05-08,1.4039865265141314,1.793407970761436,1.7965715495852828,0.9555050593409304,1.488070883793937,1.297859283711414
2024-05-10,1.4096859033682574,1.796678426249671,1.8047839007575512,0.9610138202113431,1.4968827919022876,1.3036255495158997
2024-05-13,1.4102378252002294,1.7997424491268526,1.8080534538088444,0.9558710486706725,1.4910559271484238,1.3006467686181453
2024-05-14,1.4119414440900517,1.7986095030794536,1.8107532095958665,0.9584734252953718,1.4954624521821658,1.3030623745365253
2024-05-15,1.4165970392865117,1.8098599837202054,1.8100260993570845,0.9595706167592724,1.4981595832269048,1.3056343322760653
2024-05-16,1.4204310324168465,1.814165371429489,1.8150248240420785,0.9624302198289053,1.503492334534426,1.3097800013693657
2024-05-17,1.4292021178544232,1.8265986997264536,1.8270586217180014,0.9672897343539382,1.5046095500492243,1.3102640638742213
2024-05-20,1.4266937073218253,1.827379454417288,1.8249638126862833,0.9628820569149101,1.490286929014165,1.3013926441846435
2024-05-21,1.4344407340686292,1.8425169415856675,1.8401460293798382,0.9625786757708215,1.4640997842993986,1.2823255199695234
2024-05-22,1.4344986608140884,1.8415503840235492,1.8391750357172203,0.9637091473442521,1.4656568827408156,1.282366035549155
2024-05-23,1.4379087892159657,1.8485159386469667,1.8461712874515495,0.9632708747562242,1.4543312171782068,1.2734616744907912
2024-05-24,1.4355532990802233,1.8477895707493668,1.845486515246136,0.9592720292689104,1.4410243206645628,1.2656504764718417
2024-05-27,1.4381058830561295,1.8558113080913814,1.8535866717298919,0.9560179703838092,1.4146828531852407,1.2497765970826824
2024-05-28,1.4398792773688949,1.8566242284666303,1.8543986176244822,0.9587838025765488,1.4206350032014943,1.2541675225860893
2024-05-29,1.4340135973821835,1.8448675274864075,1.8426034941607943,0.9594575166109928,1.4264801564108618,1.2561373096478157
2024-05-30,1.4244549363728827,1.8365593324978988,1.8254072076916172,0.9535251724898759,1.4182403718089063,1.2483494254077814
2024-05-31,1.4148315134981289,1.836311446389257,1.8096220206279519,0.9465039724198102,1.4083309552876229,1.2407340023430702
2024-06-03,1.4212948202185538,1.8579262250030526,1.8243057678634043,0.9406291824007819,1.3880055834089313,1.2258898215714251
2024-06-04,1.421714319783953,1.8466826174791644,1.827438342748293,0.9420289561930523,1.3902134552874506,1.2282721059420991
2024-06-05,1.4257408704898769,1.849467115335389,1.832993066017532,0.9457008873629676,1.3960657793196576,1.2335424457354662
2024-06-06,1.4292795604149355,1.8569223784134528,1.8369582046786002,0.9470031441455632,1.3970221230791071,1.234275313782105
2024-06-07,1.42932873867385,1.8510379586857106,1.8370999641634231,0.9500047255263939,1.4001838662534773,1.2356666521345263
2024-06-10,1.4372635207514066,1.8669672098206478,1.8527262215271512,0.9466910611480803,1.3855713295370766,1.2239668359939893
2024-06-11,1.4362803884842732,1.8617512609971545,1.8474750484060989,0.9483683792447793,1.3899098607012321,1.2261313000579457
2024-06-13,1.4375555578098413,1.868041424365572,1.8539857734506893,0.9443299840981397,1.3832151885173347,1.2236571083734302
2024-06-14,1.4407319093902593,1.8713977846314978,1.8572520349463584,0.9511422126415514,1.394148430781121,1.2336112493256834
2024-06-17,1.4474137679094952,1.8890866717494987,1.8747908428189541,0.9473949264603096,1.3793398404876251,1.2256103728584178
2024-06-18,1.4663416413136925,1.921830108487906,1.907318408655562,0.9497828016361898,1.3567834575082782,1.2104545607414166
2024-06-19,1.485496821043928,1.9736772692195168,1.9587024952259444,0.9535226917100458,1.3220047203540413,1.1872382972694542
2024-06-20,1.4785769130354989,1.9649584746508963,1.9499936946168677,0.9518780349862415,1.3374042410876013,1.1996445055198515
2024-06-21,1.4820914648186216,1.9696346071811448,1.9546400040399252,0.9535838851361816,1.3316163633376676,1.1953426906669138
2024-06-24,1.4966105791550002,1.9992271945712623,1.9840073064445847,0.9646849265753105,1.317784701985605,1.187143083278058
2024-06-25,1.4898972855966146,1.9805463232527527,1.9654686504642562,0.9586090698990233,1.3288124659070586,1.1943735180366883
2024-06-26,1.4966479966305788,1.992196219289817,1.977029857174338,0.9647018250477707,1.326849669025779,1.1945779887387042
2024-06-27,1.5019812068102874,1.9995087238481724,1.9842866924712876,0.9679327665314105,1.3315359633874688,1.1985743138169453
2024-06-28,1.494620579149854,1.989355254586395,1.9742576642017926,0.9634857913509751,1.3358712496537002,1.2030419982779357
2024-07-01,1.4878260859171448,1.9788592783215542,1.9642923395937428,0.9600725144443305,1.3428405227838076,1.2117853358343296
2024-07-02,1.4879816242457953,1.9791553166086238,1.963436241884131,0.9612104712852484,1.3492839131924061,1.221125430461411
2024-07-03,1.4808916458482284,1.9632217281953728,1.9545039118429077,0.9562161976056816,1.3534824581978853,1.2250280858377183
2024-07-04,1.4762545302936623,1.9608193128467093,1.9513726081262863,0.9502483116649721,1.3459907431179208,1.2164434699295288
2024-07-05,1.480056864375428,1.9613139609414991,1.9511566164794656,0.9524146389975149,1.3497740449489615,1.221479121317694
2024-07-08,1.4752437866664894,1.9588229785762514,1.9445171167440012,0.9490647342792818,1.3424909631707918,1.214976039665399
2024-07-09,1.473162060664866,1.9591020927050165,1.9501720588079148,0.9489713108155254,1.3303055849845304,1.2014130721316867
2024-07-10,1.4759230178687555,1.9696123169333442,1.9591942219035778,0.9468022726970726,1.3231865011368553,1.1919399789051583
2024-07-11,1.477995900467092,1.9494199039605469,1.9610303728278982,0.9479416109807833,1.3377125230877633,1.2065193200889672
2024-07-12,1.4772736814321608,1.9505495457020883,1.9608728789506993,0.9463207094998087,1.3333757258765815,1.2007151397927356
2024-07-15,1.4749630791010975,1.9488360620711678,1.960560990609867,0.9435002520297173,1.3249722987225967,1.1917980861600275
2024-07-16,1.4684971221869558,1.9362042331542688,1.952515288640405,0.9414039396450687,1.3302172951712528,1.20008301573359
2024-07-17,1.4735637153707097,1.939602732230462,1.95857677413026,0.945411939672951,1.3309158017962928,1.2017659992227103
2024-07-18,1.4679061496493406,1.9267651953129026,1.9505769256287466,0.9439153801527892,1.3398836430618917,1.213855538759186
2024-07-19,1.4661170693006036,1.9189393567702642,1.9468829066752027,0.942128575896218,1.3354795962950892,1.2118094338275918
2024-07-22,1.4604451648557304,1.9076635260423278,1.9385903497568278,0.9381154773238888,1.3335945383152172,1.2107103202329628
2024-07-23,1.4613637558336718,1.9035124440416973,1.9422118690511168,0.9398679895562052,1.330404928161193,1.2093002451983235
2024-07-24,1.4649378144960872,1.8999416484111202,1.9501289453108022,0.9436991918395014,1.3349323039938592,1.2162448708901636
2024-07-25,1.4658472636749333,1.896979407426487,1.9476724464000568,0.9425104519654538,1.329553584304107,1.2109963814258453
2024-07-26,1.4613927691797122,1.8850163484426072,1.938362017671438,0.9380049837050067,1.3246016800751579,1.2034327440039065
2024-07-29,1.4657395051586195,1.8928751055284865,1.9424119572573197,0.9399764300680917,1.310781533782122,1.1868274653609194
2024-07-30,1.4594197195143046,1.886410028582936,1.9338393342569473,0.9367921477756578,1.3162375371803592,1.193528370804722
2024-07-31,1.4661253641520957,1.8865305308071354,1.944097664100785,0.943060867609785,1.3186160416088681,1.1966842284985357
2024-08-01,1.4718151214535677,1.8944803878771983,1.9524807766099326,0.9472454689967021,1.3152651014815349,1.1929777527397052
2024-08-02,1.4643626194110093,1.8922509860618966,1.940326438515776,0.9413632767660629,1.3078147157382116,1.1834813972539768
2024-08-05,1.464846674583084,1.9051330734318173,1.9386776675054824,0.9394187634374556,1.2956245982848826,1.1675773620714227
2024-08-06,1.4621127615291367,1.9021276130240479,1.935398319564934,0.937206014850735,1.2977041666942275,1.1701106589140555
2024-08-07,1.4579403163319564,1.8920059403996197,1.9312212418528465,0.9363610612815636,1.3048430534160038,1.1794570211959572
2024-08-08,1.4588539020747642,1.892157741832165,1.9359277134431447,0.9357207611406168,1.3046939217962383,1.1768843102459448
2024-08-09,1.459240102185323,1.889476673255858,1.9380504281623085,0.9367448703969243,1.3064810563152098,1.179220464294492
2024-08-12,1.45509070690078,1.8819189878966935,1.9362619332651814,0.935118649842339,1.3141512611243167,1.1846799363939742
2024-08-13,1.4454305526505895,1.8671838106254004,1.922861283576827,0.930033948701594,1.3240834162146418,1.1948223878194555
2024-08-14,1.4512405287770134,1.8787641468983796,1.927398938013037,0.9322843971282042,1.3144594775975769,1.186244315419203
2024-08-15,1.4547555485895882,1.8860824313087377,1.9277722555487224,0.9345834460267598,1.3112897805557924,1.180768609394128
2024-08-16,1.4541009522145252,1.8871671526351992,1.9288388892435095,0.9349596776730754,1.3109942623408792,1.1791943550096844
2024-08-19,1.4563741798889445,1.8945490679129893,1.936349284074548,0.9334386655512804,1.305471728510427,1.1710222827420331
2024-08-20,1.4519897644097028,1.8904636451209669,1.9321641102895202,0.9313750623605839,1.3040581155902922,1.1680734663012244
2024-08-21,1.4545081478641166,1.8933626146830058,1.9351286900442166,0.9325009283350234,1.3018950049781683,1.165531811261566
2024-08-22,1.4689788855746921,1.912068270220638,1.9542444925269922,0.9416690179203473,1.28615009913115,1.1479485982571382
2024-08-23,1.4756613517012387,1.9207961166331053,1.9698203411523452,0.949040432804411,1.2837191645051926,1.1423407814859137
2024-08-26,1.4624395930384195,1.8947868738722229,1.9520103555828394,0.9405905409225968,1.3020342922455233,1.1669964487582771
2024-08-27,1.4639601514255653,1.8967569614482398,1.9540399407582587,0.9415685114607838,1.2982087499422912,1.1603402618681793
2024-08-28,1.4647562266232945,1.897788383766435,1.9551025125302395,0.9420655352810628,1.2938376182256255,1.1553694084755737
2024-08-29,1.458772636975941,1.890035839882631,1.9471158380646465,0.9368712998022118,1.302146148975258,1.166611292090425
2024-08-30,1.4683229042383954,1.9023993229307323,1.9598838821467457,0.9447896868138427,1.2887051589703178,1.1477416236172946
2024-09-02,1.4846965777809316,1.9237173669655323,1.9814960320327073,0.955375937744054,1.273736922307652,1.1295034255939889
2024-09-03,1.493840132199461,1.939218722093778,1.997561634859389,0.9630412461401496,1.2613841807266921,1.114967432243824
2024-09-04,1.4746594878754316,1.9154468435196832,1.9731044929830042,0.9512257718569574,1.277450873995059,1.1337859788088704
2024-09-05,1.4743219647090982,1.915008432015954,1.9726528846751514,0.9510080533008739,1.2794753342681968,1.13758114100254
2024-09-06,1.4723616175722358,1.9124621216532034,1.9700299267819215,0.9497435358080554,1.2806354295740385,1.1359651979247252
2024-09-09,1.4580152521469487,1.893806094345263,1.9508343916015305,0.9404894451944509,1.2914583488023552,1.1510331296447507
2024-09-10,1.4669652679408656,1.905071936696446,1.9628162983927313,0.9462658744592523,1.285335676493174,1.1411291926340206
2024-09-11,1.467293196737938,1.904773660139712,1.9626883441712206,0.9462041882416435,1.2850608445838707,1.1403494192098718
2024-09-12,1.473792038743223,1.9134815275129096,1.9699075302015376,0.9496845289069701,1.285420774620199,1.135707316971178
2024-09-13,1.467584695747703,1.9080575729691838,1.9602541437402767,0.9450306699652351,1.2950365856153614,1.1485801751439815
2024-09-16,1.4589646158831544,1.9072044998886126,1.9434128345719268,0.9369115422810617,1.305932109844719,1.1625366524724092
2024-09-17,1.4532439220726876,1.8987088027252694,1.9370698289219597,0.9338536046671437,1.3085025523652145,1.1684082457344624
2024-09-18,1.4571549500993042,1.9081041683311024,1.9394451956858103,0.9349987594683328,1.3069386701641317,1.1637654465643403
2024-09-19,1.4542363326743895,1.9169333029247047,1.9291022011411665,0.9300124432321527,1.3168435227278243,1.1731086413945435
2024-09-20,1.452509727504517,1.923845025758411,1.9222567064311946,0.9267122576553659,1.3214392470084981,1.177132790666617
2024-09-23,1.4507509676223842,1.921741510954854,1.9200682982313906,0.9256572348289521,1.324094811245448,1.1812514441995776
2024-09-24,1.4394023667559261,1.8997680715992562,1.9085075494667711,0.9200838441616165,1.3334754154324568,1.2015729367719366
2024-09-25,1.4464757251454088,1.9087511164708328,1.9166416098962231,0.9240052421098007,1.3304912129690665,1.1942848480003472
2024-09-26,1.4497536409639813,1.918965703920311,1.918518484369757,0.9249100757747764,1.3306464291552427,1.1926236824413607
2024-09-27,1.4425062109845421,1.921604124435253,1.9051297954236504,0.9184554424686311,1.3372801865620583,1.2022273516659812
2024-09-30,1.4427044142419554,1.9223043916537255,1.9045867616690453,0.9181936480709164,1.335890899023516,1.2000547102419303
2024-10-01,1.4522296795217904,1.931698078101475,1.9157358637221804,0.9235685855076925,1.332180897625451,1.1903765699753874
2024-10-02,1.4574876951212261,1.945322397833161,1.917904452403872,0.9246247193940026,1.3285470106800001,1.1817716941793013
2024-10-03,1.4520226319309322,1.9392561551327967,1.9098154291125495,0.9210055823793337,1.3337009178060946,1.1893175323186405
2024-10-04,1.4480719788273984,1.9338611086334936,1.904677359877284,0.9185280662150579,1.3363986956098193,1.1936253123219074
2024-10-07,1.4459877091363684,1.9378970702913596,1.898552485250988,0.9155985877478757,1.3411290158398184,1.197744799567095
2024-10-08,1.4466783476630907,1.941818962181739,1.8995654270964324,0.9145690437596378,1.3373721866010533,1.1934273071163282
2024-10-09,1.452145617213736,1.9494331604609145,1.9061314773601177,0.9181897353825111,1.3324469302791462,1.1850640749218122
2024-10-10,1.448932647274845,1.9382453572043306,1.902451363515133,0.9191299251211622,1.332040473678505,1.1876187351475689
2024-10-11,1.4530261172011547,1.9350347621675557,1.9111256652710105,0.924644060069746,1.3291813655991433,1.184684373758071
2024-10-14,1.4519289896465142,1.9389203687798562,1.9090999842020806,0.9216725967298377,1.3323431305297426,1.1871753088059551
2024-10-15,1.453027546650678,1.9541151625276563,1.905882302170965,0.9180951911161712,1.339173351819288,1.19087554199613
2024-10-16,1.4553970634095006,1.9518428170156392,1.9080470124972222,0.9226115586215053,1.3337272807432625,1.1867130029669544
2024-10-17,1.4569284450439894,1.9490834452537769,1.9091856338261555,0.9262776533531383,1.3311101619003647,1.1845793749515836
2024-10-18,1.4619476894218415,1.9511416266981751,1.9166919553672985,0.9312309723448776,1.3272496606805728,1.179057370294971
2024-10-21,1.461127812383392,1.954063834595796,1.9151545822953366,0.9290158353114153,1.3317282493040392,1.1834529805788803
2024-10-22,1.4614620256470794,1.959539923926252,1.9140853181221524,0.9275685366499172,1.3354444812284434,1.1875223724264026
2024-10-23,1.4650473231018686,1.9606709133453957,1.9196874668643054,0.9311446952880189,1.3282885801238609,1.17943489623867
2024-10-24,1.4684723078090414,1.9709636644306596,1.922612245182754,0.9313683723587682,1.328620125818641,1.176753593783906
2024-10-25,1.4766697561277358,1.9822523571884911,1.93257406107373,0.9368056963344557,1.3218488987136001,1.1679609238735138
2024-10-28,1.4963069901995092,2.021879748153941,1.954101772814527,0.945016314438688,1.3111492630758672,1.145275850892399
2024-10-29,1.495926422939107,2.020255624716203,1.9525493040968775,0.9458042087750101,1.3134204240471774,1.1481189691005513
2024-10-30,1.4927952481876046,2.014237550301637,1.9467527651432284,0.9454903569462836,1.3168603269829187,1.1531692687626824
2024-10-31,1.4981706041726546,2.0213293600839135,1.953604095561153,0.9490476646219559,1.3058643376714563,1.1402746249672573
2024-11-01,1.4965685466594463,2.0227713859385954,1.9549620541299513,0.9446663514354459,1.3120179917190107,1.1469361588673992
2024-11-02,1.4938182088006986,2.0188026651792614,1.951126376731175,0.9431524642625265,1.3122630455885005,1.149156062851333
2024-11-05,1.491270598220599,2.016898812447329,1.9492863468229744,0.9376951352857454,1.319930881857593,1.1589620706800052
2024-11-06,1.4773508753638582,1.9978098635317587,1.9308373164270614,0.9277401500583186,1.3176786362989008,1.1618838912117646
2024-11-07,1.475243748312103,1.9955529351180403,1.9286727463889652,0.927210840435616,1.3248258144614877,1.1696844693560768
2024-11-08,1.468315062399801,1.988086053650781,1.9196623617886408,0.9228781200118458,1.327535874594358,1.1745765722987989
2024-11-11,1.4525447621113479,1.9704220630012754,1.899049209204552,0.9129571081369512,1.326604274330421,1.178493768774034
2024-11-12,1.4576577136843938,1.9749933247545073,1.9068855854274591,0.9167105359284272,1.3198157213402628,1.1688046862247206
2024-11-13,1.4585143075537337,1.9764501842759146,1.9082055530325246,0.9170034832381321,1.3226264507981453,1.1711580455053736
2024-11-14,1.469347601944711,1.9882154907653504,1.9253961454383453,0.9252779961759059,1.3146770780169434,1.157193869468072
2024-11-15,1.4629301545752034,1.9802650609572658,1.9158146668497036,0.9206668397570166,1.3172888707856543,1.1622266686174234
2024-11-18,1.4705407708987135,1.982807320639802,1.928210036866139,0.9266394300048459,1.3187362295535496,1.160439167434941
2024-11-19,1.486750381121837,2.007072349230404,1.9531898257195037,0.9386616272340025,1.3103505189202986,1.1438221891906515
2024-11-20,1.4920932371762423,2.0148426715259307,1.9607164217234088,0.9422676456400079,1.3048215833359205,1.1354323292247634
2024-11-21,1.5000565168086188,2.0267125769248744,1.9722674568334533,0.9478323669233875,1.3070263400725057,1.134798323834111
2024-11-22,1.5142574376372768,2.045899310574476,1.990938762676661,0.956805423772042,1.316366602247651,1.1391409871337215
2024-11-25,1.538248520892908,2.078313442724433,2.0224821293625577,0.9719645360937693,1.3176755054574525,1.129942322392774
2024-11-26,1.5608489927228586,2.108848732554477,2.052197126497549,0.986244970509495,1.3178705858069106,1.1211278934195226
2024-11-27,1.5589587663785482,2.106294865108603,2.049711865533606,0.9850506037040627,1.3198229153973264,1.125093796287607
2024-11-28,1.556975204387183,2.1036148927275873,2.047103887287223,0.9837852849269177,1.3332693213468723,1.1409507025286187
2024-11-29,1.5401421450975468,2.0808719009881766,2.0249718578177407,0.97360767121417,1.3318360471817343,1.1464128703428724
2024-12-02,1.5393878467139417,2.0798527753727907,2.0239801097482135,0.9724894393339398,1.3323193975215561,1.147070563601251
2024-12-03,1.5373353975820405,2.077070833274554,2.021298847101555,0.9711886697105282,1.321980042869775,1.1352544484594997
2024-12-04,1.5450046442721046,2.087517233981897,2.031218038166368,0.976073156962334,1.3135840052007044,1.1213346397204835
2024-12-05,1.5170762850425468,2.0485283538830323,1.9968199020992679,0.9578773141015391,1.3011939691848982,1.1163365941415975
2024-12-06,1.5010333054778466,2.0287092612934954,1.9772388912453174,0.9462312155961996,1.2922116641135066,1.111444329360696
2024-12-09,1.51211021775805,2.039289472482787,1.9935630381676996,0.9491077151765408,1.3095770710590673,1.128811610713288
2024-12-10,1.5177227356890632,2.045526014650784,1.9996039519179356,0.9519789406492138,1.299983771073138,1.114387823566079
2024-12-11,1.5308266740092935,2.0650819735757517,2.01872648372167,0.9609734296025536,1.3068741925250307,1.118592978220241
2024-12-12,1.5275174868409622,2.059757743950218,2.0135668313211657,0.9585596616597151,1.2999171379106806,1.1105646953170252
2024-12-13,1.52441735164715,2.0590575314549286,2.0095138957980434,0.9566284672808709,1.3005187864057088,1.1120090205904505
2024-12-16,1.533983149657227,2.0730064047559433,2.0219138769382528,0.9625426490827822,1.291887141334423,1.0973526240591478
2024-12-17,1.5413787131701489,2.0880079922233037,2.033519575033998,0.9679690192473354,1.2907493491892073,1.0938713181544282
2024-12-18,1.537918754403826,2.0833033304062365,2.028954899383549,0.9657962028816639,1.2954417122967878,1.10063916358944
2024-12-19,1.5308417168115784,2.0765527238118837,2.019633802905456,0.9613592981540277,1.295363118668526,1.1026076290670876
2024-12-20,1.5014953131361375,2.0314654701903505,1.9834845998806125,0.9441520339466272,1.32576967331641,1.1503547298297045
2024-12-23,1.4872568893440201,2.014695523016456,1.9634579611620369,0.9346192189802818,1.3271316375813274,1.1582291791038994
2024-12-24,1.4836801384773362,2.0104736902943365,1.9584322201803475,0.932226932410355,1.3271754439567653,1.1585747844869219
2024-12-25,1.4769951432017077,2.000572486759491,1.9500185568577562,0.9282135098371846,1.3311707395578503,1.167707282186727
2024-12-26,1.4722320832191145,1.9917727318000127,1.9448745296643255,0.9266880652215066,1.3318073402108015,1.1703775744247975
2024-12-27,1.4692084602934579,1.9897419247844093,1.9398745433385378,0.9247343528582972,1.3287829194269274,1.167386634246426
2024-12-28,1.4733543211459446,1.9948326191099441,1.9456034000728997,0.9246463419743952,1.335858771323045,1.1762648710822023
2024-12-30,1.468561983839212,1.9914280773092456,1.9377809806199404,0.9216672027255726,1.3426273973242664,1.1910308763653628
2025-01-03,1.4757351128944227,1.9935803384786166,1.9510784414153513,0.927821503903373,1.3401647312072087,1.1806448713265512
2025-01-06,1.4708245660989698,1.9878168343254836,1.9434936758250503,0.9242351085832098,1.336135152697382,1.1767597352147452
2025-01-08,1.4652328319850414,1.9753439866128744,1.9370445307890471,0.9211701657475049,1.338012046128039,1.1821398823331273
2025-01-09,1.4757954230209933,1.986304492923144,1.9521385393450623,0.928761043286013,1.335262565186939,1.1711183488429784
2025-01-10,1.4750341535112996,1.977752418827874,1.9489133679320785,0.9310360081811282,1.3457665561831977,1.1867416073956936
2025-01-13,1.4712094677999776,1.972199922289715,1.9370505516827927,0.9284769334488965,1.3518493466136534,1.2001259872850698
2025-01-14,1.4729485626142795,1.9731410872994477,1.9410063618244922,0.929391005639561,1.3525621387736142,1.2003508646611043
2025-01-15,1.476117278230122,1.9751628089571431,1.9452369620184988,0.932409811165265,1.3532832333957607,1.19892120405134
2025-01-16,1.4714253584262431,1.9711784391026383,1.9374717758942495,0.9291216388266632,1.3604816898115497,1.2129789415325563
2025-01-17,1.465362903477601,1.964002489923546,1.9301030880591732,0.9245534387373586,1.3601036478911792,1.2161474558644358
2025-01-20,1.465582700922378,1.961217926376827,1.9337278544809222,0.9245439797219732,1.3555656229481217,1.208612580072132
2025-01-21,1.4567437904882783,1.9482697268220277,1.92344918653188,0.9188276079281608,1.351058303909068,1.2059543111550588
2025-01-22,1.452545966847809,1.9477552245672558,1.917091083827845,0.9157801015240213,1.3533612660171814,1.2118190554279442
2025-01-23,1.458178563141179,1.9478456267868776,1.9258449438388967,0.9199658286479762,1.3489516243991306,1.201681844017879
2025-01-24,1.4559153298793182,1.9456686870412832,1.9247385782935056,0.9194373237447079,1.350931006101127,1.2060995447014569
2025-01-27,1.457172065547722,1.9388399209914633,1.9280674825460011,0.9210275235003706,1.340836941136904,1.190754844016395
2025-01-28,1.4523259869179677,1.9423784098034496,1.9207522142815856,0.9175177866049742,1.3415774564787897,1.195136762862111
2025-01-29,1.451104992523481,1.9435709123455214,1.9179399518568783,0.9164797469853055,1.3420396637487932,1.196638116025718
2025-01-30,1.4481858514383261,1.9458622118434075,1.9107835772772785,0.9148971265960972,1.3426525398393205,1.2000603361318427
2025-01-31,1.4484145829309967,1.9403218718901032,1.9196423438007952,0.9135549733380276,1.3431688379935507,1.1979948508168492
2025-02-03,1.450044568930226,1.9406418761286575,1.9189033762144982,0.9168238033605727,1.3383510214709906,1.1913525831222238
2025-02-04,1.4487539344470137,1.9384204500763196,1.9192460933245423,0.9163807186243965,1.3396270899970315,1.1917398232977394
2025-02-05,1.4513748497671133,1.9456876769691012,1.9079047634912474,0.9231592058266428,1.3342699194184384,1.189849138358919
2025-02-06,1.4469668474275086,1.932333078856642,1.9124336096144785,0.9138427224221142,1.3446186459329852,1.2032252842906728
2025-02-07,1.4474649206540455,1.933158054032675,1.91671694687142,0.9150711469047,1.346370569813362,1.2040195882058464
2025-02-10,1.4469666331869189,1.9516913517354166,1.9014298158522074,0.9157982352274233,1.347579101070181,1.210530788763149
2025-02-11,1.4461482737257028,1.9582676684971223,1.8924084097702323,0.917697845825648,1.3446711700266405,1.2070857934159602
2025-02-12,1.4501828914459807,1.9732618462873444,1.8825984277251078,0.9214996203460143,1.3382939599832573,1.2041875143254543
2025-02-13,1.460960256870631,2.0259862855226194,1.8901631500376241,0.9137094920894123,1.3525997768530245,1.2396484465024566
2025-02-14,1.4576879837746117,2.015445352045886,1.8868763676520364,0.9116464176541221,1.3538518998466493,1.2390843576087152
2025-02-17,1.4641767428804129,2.0453865204241137,1.900823898339368,0.9099764809763543,1.3594439811176973,1.2568677157691508
2025-02-18,1.4618657030955469,2.0373955225601486,1.8973320860781142,0.9081794530530968,1.3599571637774415,1.2520059474027898
2025-02-19,1.4638759481148478,2.0460144499399164,1.8972551876268993,0.9085676426805144,1.3600706639091618,1.2537953799059092
2025-02-20,1.469722622435367,2.0656184830415407,1.8952043656867237,0.914632533968607,1.351511867780032,1.2468959643131605
2025-02-21,1.470159812770637,2.0622737271880256,1.8958731934659203,0.9175569541084238,1.3463292187511937,1.2397618173387448
2025-02-24,1.4732712133331825,2.0677436996956713,1.8997250230865805,0.9179904134405179,1.346781930603773,1.2428166084324868
2025-02-25,1.4770924104955836,2.0739449259727363,1.9120875073574188,0.9226769513827766,1.3384798666380187,1.2367776817324743
2025-02-26,1.4700049293219086,2.0531363786491337,1.8962655563722044,0.919501833663236,1.3396518815094618,1.231785949944103
2025-02-27,1.4634923484740445,2.035375687152886,1.879961611947141,0.9160559234434485,1.3405845224032813,1.2297658662779751
2025-02-28,1.4610736544496281,2.0265778385194184,1.875470571935899,0.9176842882016383,1.3352674850921855,1.22123013888979
2025-03-03,1.461879062624073,2.024193743348205,1.8732763851573997,0.9213378530446813,1.3341799869770141,1.2153927020613613
2025-03-04,1.4681260344884226,2.0467971843045447,1.89428008769145,0.9174581507321481,1.3419054311576837,1.2350348761312735
2025-03-05,1.467253568941528,2.0461655386748183,1.893695509137188,0.9163886407087996,1.3450601394439332,1.2389755586729563
2025-03-06,1.4632870131975502,2.036050135912329,1.8843338556334124,0.91801707723031,1.3419411347910382,1.2305036704245382
2025-03-07,1.4632027739850213,2.0334891558777026,1.8819637070316027,0.9201678342707846,1.3384092195040425,1.2241069205496444
2025-03-10,1.4739355727306225,2.052663248971874,1.8997090425374128,0.923063698757309,1.3331991372000762,1.2223831545355437
2025-03-11,1.4755735596866462,2.0548363971540846,1.9017202585781283,0.9241804819318737,1.33292504670645,1.2214185878361246
2025-03-12,1.4700184701586838,2.0451045555803717,1.8927135852003183,0.9216071406702752,1.336260711139974,1.222865788488931
2025-03-13,1.480485016204972,2.0588239260455494,1.9054106567456257,0.9289150807349932,1.3326280994162945,1.216550886418465
2025-03-14,1.4848179383846696,2.06803164995006,1.9139322670834868,0.9287431263159253,1.3341340926869154,1.2210187004496484
2025-03-17,1.4993114176933058,2.0943535587233795,1.9382927987676615,0.9360327485738202,1.330626271887863,1.2228828684941786
2025-03-18,1.508972105384145,2.109248885340181,1.9520782000894124,0.9434191395335574,1.3280477981547036,1.219880075098203
2025-03-19,1.49953485544215,2.0938304899244575,1.937808706441422,0.938624323846027,1.3313004275656863,1.2200990331993389
2025-03-20,1.4883826775382463,2.076485575487565,1.9217562483412898,0.9326800056756908,1.3366129438642607,1.224409084445543
2025-03-21,1.4883028293564409,2.072568898017923,1.9181314221017651,0.9361118350521478,1.330383821807181,1.213282564608459
2025-03-24,1.482693419545775,2.0631566445883047,1.9094205227568017,0.9340627281990902,1.3324835328681448,1.2140332628847676
2025-03-25,1.486499068133638,2.0658374188133397,1.911901539084663,0.9388269736996168,1.3271464234587116,1.205550499930939
2025-03-26,1.4855211237311,2.063166180861739,1.909463512458629,0.9393618299691513,1.3257192624528917,1.2027199793456094
2025-03-27,1.4871423289369752,2.0588886545008775,1.9071051308273632,0.9463073645228797,1.3207074280433022,1.1905094849409006
2025-03-28,1.4758557765777256,2.034545413064016,1.884545075129974,0.9471502341926246,1.3212849789266692,1.1844338467313325
2025-03-31,1.4779752490600677,2.0378699754073453,1.8877255285681331,0.9480259043441706,1.3238574103548069,1.1856935284439343
2025-04-01,1.4854675289431933,2.037482789419463,1.8980362180717858,0.9556165651301214,1.31342226664933,1.1681389098795523
2025-04-02,1.485691385864559,2.0344771091394294,1.8979476443096412,0.9573682886833013,1.3122629023402548,1.163934319570638
2025-04-03,1.4854322368973287,2.0112559490839614,1.9032417947024622,0.9651262392921051,1.2986650520506333,1.144329602967058
2025-04-04,1.4776662421116684,1.99587568876348,1.8968412530846526,0.9704637570497504,1.2822818734832189,1.1223273466496262
2025-04-07,1.479187800236623,1.998656088016884,1.900264292677793,0.9744320929309965,1.2712603532318019,1.1073768953832068
2025-04-08,1.4794231612463677,1.999475299533929,1.9011527742197014,0.9744995581234513,1.2734097200839627,1.1099099304830613
2025-04-09,1.4930929348564828,2.022305499931162,1.9194838756982833,0.9902608713720525,1.2611233258788181,1.0876318040892632
2025-04-10,1.4911709621693214,2.020007827315558,1.905576428731182,0.9830299462600055,1.2799222171083793,1.1148014660103185
2025-04-11,1.4940767331297709,2.0267268065991098,1.9174978176899973,0.9814861344900485,1.2872918315510657,1.1297847245051142
2025-04-14,1.494220503588304,2.027065899934057,1.9155000991562956,0.9826278052391982,1.2833409856443012,1.124496094768025
2025-04-15,1.4958763225126006,2.0293220625693453,1.917663799173095,0.9836908646402902,1.2838119510983084,1.1234582442550456
2025-04-16,1.4942630577700828,2.029717884136258,1.9179005434821919,0.98019432234806,1.2959028977771467,1.1423145874793523
2025-04-17,1.4998424831072235,2.037868029855391,1.9255909121208263,0.9832971575002684,1.29040828138672,1.1385234361595982
2025-04-18,1.5019543630966854,2.0407512922794,1.9283943094237965,0.9846649738894607,1.2903873778192132,1.1396382908866554
2025-04-21,1.5031987606730228,2.0452179179664802,1.9365263320575352,0.9828195164081988,1.300253622009697,1.1536101471408544
2025-04-22,1.5024410761755769,2.046396394763534,1.9394933916162456,0.9802130576334437,1.3045372715667491,1.1631982298381431
2025-04-23,1.4931174971420673,2.032640941583358,1.9260591179470805,0.975151375768547,1.3022300439141175,1.1582492953889787
2025-04-24,1.4955012112198731,2.0359883480812395,1.9309005355901383,0.9769021131343175,1.3026522367171738,1.1598124872382787
2025-04-25,1.4918598129750427,2.0320361532089755,1.9367219597082206,0.9710497856824637,1.3076633742891803,1.1714276078321508
2025-04-28,1.5002556569141547,2.0462614196312963,1.9523853563378017,0.9728037163212008,1.3081306964774402,1.1755678990427862
2025-04-29,1.5008246529347107,2.0444549100211686,1.9451435837608697,0.9783594735936338,1.2997625141573381,1.1595139257323106
2025-04-30,1.5050968691977922,2.049518184049866,1.9499683030366006,0.9834842811972684,1.2923384023371802,1.1477398422143925
2025-05-02,1.4952890108098542,2.029044758264618,1.9374735436093862,0.9839550201472025,1.2875022469849915,1.1334760026900466
2025-05-05,1.509582148319687,2.056101188992724,1.9568938437613619,0.9985460309009987,1.2734217558999166,1.1079267962736936
2025-05-06,1.5058435000795813,2.047654016718239,1.9581248585872912,0.9916308876692485,1.28733757640441,1.1331842832839871
2025-05-07,1.5061748971785416,2.0483340178380574,1.958002059800835,0.9915945838410687,1.286973245239982,1.1327981303256613
2025-05-08,1.5021613344066906,2.0423025189473303,1.9504273021863063,0.9888295958047604,1.2874473318415351,1.1353262185907
2025-05-12,1.5006578930063827,2.0389419286684554,1.9544843081836638,0.9833698199013743,1.2891580527073183,1.1459099710861105
2025-05-13,1.4998316035100232,2.0377266416802393,1.9539776334505303,0.9825798990113799,1.2909564644636329,1.1490887742775324
2025-05-14,1.4971760981178803,2.0345870453506087,1.9486291914750409,0.9813904549422908,1.2885684519657719,1.1447872743358165
2025-05-15,1.5062828573660292,2.0530337624106836,1.94184934550707,0.9902717021938977,1.2786042547978167,1.1242972115055667
2025-05-16,1.5017898568068144,2.0470716848843153,1.9357575691488342,0.9873925997788842,1.2807318373889405,1.1263540249042618
2025-05-19,1.504151809160706,2.0440250325489857,1.950619075348694,0.9859403000318214,1.2855712572988933,1.1384886448216565
2025-05-20,1.5054508774747513,2.053263026290381,1.9380413724558205,0.9903962681222537,1.281990895723284,1.1269913918365912
2025-05-21,1.5135916257381665,2.0642031308021664,1.9488289648046815,0.9956732533611665,1.2772185739193163,1.1225121921706347
2025-05-22,1.5136662744743354,2.068017632369723,1.94189332764704,0.9975131871976414,1.2734821807227767,1.112696503806012
2025-05-23,1.5181313427552676,2.0755682454493507,1.9469183999085187,1.0011552432422628,1.272667303414209,1.1118993551291763
2025-05-26,1.5190187047865198,2.081883703429708,1.9437550901719276,1.004201519308768,1.2675655683702094,1.0986530826876488
2025-05-27,1.5166413227982263,2.0772502934030794,1.9432806941301157,1.0019665830437616,1.2679185834986764,1.1008652055155812
2025-05-28,1.514550280574689,2.0707328721488434,1.9474008172460298,0.9988228895153012,1.2717559871284976,1.111342079922827
2025-05-29,1.5200873310690433,2.077114154435987,1.9600647802667612,1.0019009160915844,1.2691005178644403,1.1102476586765717
2025-05-30,1.516920391000051,2.0723496286889134,1.959038618858554,0.9996027358492804,1.2704895704667896,1.112368378236385
2025-06-02,1.518744097420469,2.0740693677740247,1.9616380970950276,1.0004322560569838,1.2742739751810173,1.116777509183464
2025-06-03,1.5166412335018835,2.069708230895034,1.961616264027782,0.9983355046376455,1.2755869763551744,1.1202964788546141
2025-06-04,1.513605284334339,2.064999876335566,1.9564568902852257,0.9969937553654612,1.2786617624634484,1.1219665976981439
2025-06-05,1.513659296905894,2.0632648677979946,1.9596983853270429,0.996186907245746,1.2783412716508196,1.1231387256630767
2025-06-06,1.5161295918483713,2.071775109601501,1.9488751897004037,1.000225512104616,1.272285559280439,1.1117968589885476
2025-06-09,1.5196193667610824,2.0792652438300823,1.9483257787896398,1.0038416494497335,1.267556002116307,1.1036629851427706
2025-06-10,1.5251288031393306,2.087039453719561,1.955268697167091,1.0075949347517315,1.2625206987300523,1.0995765441302976
2025-06-11,1.5168592338474636,2.075133964811258,1.9455358577651778,1.0018471227981196,1.2703206847613755,1.1075478847559495
2025-06-13,1.5176199901694214,2.0757772444583984,1.9472371818050138,1.0021669528658033,1.2756031980265103,1.1186697255223517
2025-06-16,1.5167268123565645,2.074452059889966,1.9432803461222168,1.0030652208089716,1.2732429105897545,1.1140317063614775
2025-06-17,1.5145830412372328,2.0696313335151375,1.944759511765994,0.9976932259043976,1.2784424660349203,1.1261014399903415
2025-06-18,1.5169701890874492,2.07420875431345,1.9473547046929087,0.9991583891332132,1.2774570995127377,1.1250273904986037
2025-06-19,1.5187565575707485,2.080123973694445,1.9503746252035365,0.9986439255039496,1.2768244387530614,1.1253199447824238
2025-06-20,1.520250219485853,2.0837474402637377,1.9491397515801825,1.0021239083217772,1.2722033418231742,1.116341387572121
2025-06-23,1.5205285560276531,2.083225420142998,1.9505276534768035,1.0012795186794197,1.274414787320988,1.1207796065588433
2025-06-24,1.5148651398286082,2.068414714601384,1.93461990022283,1.005371788588809,1.2644759867692417,1.1011072794332923
2025-06-25,1.5132713845075896,2.0635717492553254,1.9375577634092582,1.0030258379470829,1.2681749092235597,1.109069611338844
2025-06-26,1.5104980866530624,2.0604062035321635,1.9330088085399182,1.0014047862179372,1.270033832557843,1.1114014516338924
2025-06-27,1.5101859018850958,2.0599010348387545,1.9337091696797188,1.0006658710039846,1.2679760968592682,1.1080113807221401
2025-06-30,1.5080803913360938,2.0575103204299983,1.9333722522451753,0.997816186641187,1.2722628312985567,1.1155017347407497
2025-07-01,1.508874989223187,2.057608836635362,1.935772593137906,0.9981068194151217,1.275304514984103,1.1192776253991505
2025-07-02,1.509024263593333,2.0564142778686274,1.9346844801519538,0.999536647517454,1.2735719707469968,1.115397412550276
2025-07-03,1.5054618319286577,2.053612950982379,1.9308361241032233,0.9964023574281659,1.2765403201850312,1.119935450430688
2025-07-04,1.507850542014391,2.0552187131351127,1.9330720803270343,0.9992123538053017,1.2731511442662713,1.1148597090207695
2025-07-07,1.5179084190264978,2.067102802822289,1.9426078570303185,1.0084860510559472,1.2607994126948847,1.101644114693437
2025-07-08,1.5180187579303899,2.0688072046847163,1.9429890354720951,1.007383451713349,1.2607930035433441,1.1025140478277382
2025-07-09,1.5199677341729307,2.0672134474623114,1.9404197840650388,1.0134067814226049,1.2538787358453882,1.0907927286042673
2025-07-10,1.5177362048829786,2.063752817244278,1.9404345455609904,1.010507714023924,1.2580214982949585,1.0964150006693367
2025-07-11,1.5181676002958193,2.0613214598542293,1.9345810840708173,1.0157913761826751,1.2541992848824477,1.0878544093323887
2025-07-14,1.5127498137371151,2.0556211126779242,1.9308208384602537,1.0094666895371411,1.2609728671223208,1.1000390754927243
2025-07-15,1.5142466627753666,2.0564989635502364,1.936872345505061,1.0088495805474391,1.2607126047022617,1.101213879280678
2025-07-16,1.5158163004861442,2.058796455044373,1.940498874453318,1.008970834738981,1.2625708976234573,1.1042810772721117
2025-07-17,1.5167679164071541,2.0629325956691322,1.9423195889550993,1.0078773844626638,1.262344306295088,1.1044888017875556
2025-07-18,1.5113670135202772,2.0601808056179496,1.9408201150550823,0.998225158618475,1.2756671609515515,1.1238530637752808
2025-07-21,1.5165286580253836,2.0626340710703097,1.9496355419485778,1.0000618837452757,1.2766288821777845,1.1277998729487893
2025-07-22,1.5126495659314394,2.0569536403268316,1.944676605783232,0.9977107750428216,1.28126459546247,1.1316525135573716
2025-07-23,1.5119615454105468,2.056784954035977,1.9452355591205173,0.99678575932388,1.2818299712624346,1.1335986399382814
2025-07-24,1.505223409872425,2.0469776047981445,1.933148045426833,0.9919350981248681,1.2822669853427113,1.130119387776973
2025-07-25,1.5061680227023246,2.045845830304192,1.9334169681073627,0.9942289194642543,1.275932279972459,1.1208994541567452
2025-07-28,1.4937625683087992,2.026262457464266,1.9125782782370853,0.9899328430888921,1.2805147905616294,1.1181133384092852
2025-07-29,1.4892549700164925,2.0232077943892204,1.9069589342862336,0.9853582269554371,1.2869050345850694,1.12625180738813
2025-07-30,1.5003842310907771,2.0406607998540522,1.9186755581439727,0.9911363977377702,1.2751071896309631,1.1162023854166607
2025-07-31,1.5070362260120607,2.049989212331639,1.928112473812438,0.994545513459845,1.2711889350768109,1.1142753196655029
2025-08-01,1.5087122814639595,2.0476399361377786,1.931687638000276,0.9971674365517963,1.2718553661800742,1.114535068441187
2025-08-04,1.5075217181031353,2.0453638546394117,1.934045718487917,0.9946690914813098,1.277278013484005,1.123713305108291
2025-08-05,1.507779118657217,2.044348545158735,1.9360248110707303,0.9958241438960261,1.2773039446352255,1.122862357517804
2025-08-06,1.5061082221588176,2.040241648418196,1.9314905510753317,0.9951445835059395,1.2760009081899994,1.1195358013175734
2025-08-07,1.5019851897956962,2.0297897803774916,1.9291813881423614,0.9939981863655585,1.2856565137510019,1.1374629328791794
2025-08-08,1.4967250087525432,2.0254400314333925,1.9219605012866514,0.991708287277529,1.2935427954138978,1.1489069156088387
2025-08-11,1.4960769907803533,2.027034494762036,1.9205291489566818,0.9909654475240912,1.2929660456477512,1.151159360200353
2025-08-12,1.4961676290678,2.0291632190418563,1.9222321101285547,0.9918410274616738,1.2941958642330698,1.1537220668346475
2025-08-13,1.4944518782506235,2.023921470169512,1.9203770636365542,0.9908838531386979,1.2945231146763265,1.15165946143676
2025-08-14,1.494485270114445,2.026625831898259,1.9191326288462973,0.9902417446885924,1.29367032211659,1.1519090360901574
2025-08-15,1.489747066861494,2.0225920778262956,1.9129292864550347,0.9870409192218723,1.2995407782621355,1.1597549816837136
2025-08-18,1.4856540381511887,2.0052842406506994,1.9099182839234192,0.9854872900691227,1.2943596225890321,1.1479203030824168
2025-08-19,1.4889172471540828,2.0117602745601415,1.9137627184467092,0.9874709568008859,1.2924734402690556,1.147278190327701
2025-08-20,1.490688669734277,2.008399180844587,1.9162746492065592,0.9887670729008275,1.2892758270175044,1.14261585731345
2025-08-21,1.4870565327498528,1.997313065934198,1.914540397290405,0.987882461886772,1.2853007671665864,1.1340659888962492
2025-08-22,1.485363742948311,1.9956272861713233,1.9117301048575435,0.9861851885688223,1.290109807804432,1.1391924045237336
2025-08-25,1.4917731870987707,2.0001054142340515,1.9237004376175673,0.9904725898054412,1.286783545627434,1.1383302314144441
2025-08-26,1.487439093169328,1.9917118380572214,1.9168806973764987,0.988564836124475,1.2878858325418332,1.1372527964447037
2025-08-27,1.4884117512598283,1.994161485995074,1.9148398962348008,0.9883415256115331,1.2911530916306786,1.1428875258901527
2025-08-28,1.4914157030202342,1.9980843946219216,1.9190997698070953,0.9903548460432534,1.2916969597536245,1.1433642090438982
2025-08-29,1.4906076434249074,1.9955828068162804,1.9227236981676004,0.9891305764524086,1.2927060149828715,1.1436104893357022
2025-09-01,1.4946445500947019,2.0021792673960266,1.9315542719720273,0.9923180064025698,1.2901847290328763,1.140829830786789
2025-09-02,1.4961223834201844,1.9953211956240777,1.9366961993801741,0.9928496577443838,1.2889899050307976,1.135550165203081
2025-09-03,1.4966332904242678,1.9967768857383763,1.9326485267268059,0.9944417140413326,1.2929942406069441,1.1386492276758073
2025-09-04,1.492681081186855,1.9936970464362445,1.9284163006270048,0.9910534917625584,1.2928985908848907,1.1372750175367463
2025-09-05,1.4897320562657583,1.992683789676864,1.918867202506,0.9914882644800539,1.2989740090339532,1.1421275096198056
2025-09-08,1.483734965867653,2.0005078249569346,1.9076224346081163,0.9856895202915726,1.3104423476111275,1.1519072184836885
2025-09-09,1.4812059868314842,2.0125381415318224,1.9037648343859064,0.9779512649689973,1.3198536199116966,1.1586412777255815
2025-09-10,1.479615227714779,2.0135024934099226,1.9094261592381137,0.9725995492957537,1.3220920221787176,1.1567848388008088
2025-09-11,1.47936219146377,2.015573160702929,1.908469121012337,0.9717554491191137,1.3193577118537447,1.1525120338243202
2025-09-12,1.4827207057854566,1.9993677594886534,1.9243994105666027,0.9795686879469003,1.3045498476147461,1.1378335585166846
2025-09-15,1.4874693066189046,1.9870498904245009,1.9406039764566034,0.9882047472153058,1.2960071926021328,1.1309640201801296
2025-09-16,1.4867743622558653,1.992506332312899,1.9377947588701243,0.9851173421901144,1.2988372510360522,1.1325010753735691
2025-09-17,1.486090361855753,1.9938935345851099,1.9325883787390983,0.9843771000478688,1.302345825006357,1.1369880653067248
2025-09-18,1.4862209696852688,1.9971862811653607,1.9347152326634913,0.9849320960122779,1.2970049199478164,1.1295057155037718
2025-09-19,1.490189892344272,2.0053054578173657,1.9495369155367392,0.9851276434757003,1.2899094384160374,1.1183709175993193
2025-09-22,1.4953265560408058,2.0098464049557747,1.9565911147789037,0.9902659269742116,1.2904825029433686,1.1175177283655635
2025-09-23,1.4947411936095043,2.015877099441811,1.9520321569011583,0.9884004788766652,1.2971073215188549,1.1245698194189344
2025-09-24,1.498009925659485,2.0196847879192372,1.9555342926577044,0.9912309777370882,1.2891575969286788,1.1168696164693441
2025-09-25,1.4995066036153342,2.027474804084264,1.9530210738868672,0.9920503985215686,1.2848628477775101,1.111279630235073
2025-09-26,1.5025121665824872,2.0161603253652944,1.9670104986090609,0.9991342910714814,1.289160783945825,1.1195238375231857
2025-09-29,1.508272745662427,2.022663415300397,1.969971281483551,1.0059112796670706,1.2777730457919774,1.1040148221997939
2025-09-30,1.5092774259827972,2.0069469338124137,1.9794727560566325,1.0109076036065054,1.2747958348829849,1.1033670110680964
2025-10-01,1.5164791761887322,2.0061363439147577,1.991997146243486,1.019348866976711,1.2655664259552448,1.094092933421772
2025-10-02,1.5180625972564143,2.011115758721868,1.994255455406887,1.0223653892216156,1.2594636788656506,1.0887097690608774
2025-10-03,1.5152744229151778,2.0084340183816485,1.9822483868521776,1.0156682040769938,1.2669025664838938,1.0914031027267304
2025-10-06,1.5137797941530498,1.9967378829841098,1.9781222867464097,1.0155362924032163,1.276996752316593,1.1044155821388495
2025-10-07,1.5154273703150298,1.9910450668401065,1.9804845724612463,1.0202469282123563,1.2755990908400618,1.104100173177522
2025-10-08,1.53553848786254,2.019574575515238,2.0189557942726726,1.023854108458034,1.2606472705339142,1.0858423666375854
2025-10-09,1.5235430485294348,1.994508179761335,1.9939613518514456,1.017732840797162,1.2721873955259655,1.1001436663720932
2025-10-10,1.5263056603307545,2.0005525332521916,1.997553076776796,1.018968128631124,1.2627175149068837,1.086087583308571
2025-10-13,1.53666757606663,2.009508815303939,2.0167631657649054,1.0301883403193024,1.2581332565013514,1.083013749757386
2025-10-14,1.5441843501330526,2.0246063370563854,2.026850822056975,1.0365502184533726,1.2513118841391484,1.074862040952498
2025-10-15,1.5495184474326023,2.032693286964124,2.0355720562731676,1.0427207892204016,1.2505538879565419,1.0757208353534888
2025-10-16,1.5386111020494044,2.0124758941019403,2.0138505532259203,1.0375898534435117,1.2684526071139577,1.0947069719573708
2025-10-17,1.5203323174927952,1.982440374054689,1.9808575731328577,1.029435336969542,1.2855742796420229,1.1169811238675358
2025-10-20,1.5261339055661767,1.9900997005168102,1.9860924311452763,1.0367861306492088,1.2874224648815062,1.121259094006319
2025-10-21,1.5186410239753254,1.980320047659819,1.9819288875647,1.0267562416463825,1.2725740933671392,1.0972660306363153
2025-10-22,1.5146327732262859,1.9716978110661607,1.9800935949865097,1.024046997762084,1.2715038726399717,1.0999401768523531
2025-10-23,1.519858182769426,1.980995512517118,1.992016779515956,1.023414700865741,1.2717615049175166,1.096406042690699
2025-10-24,1.532960830841823,1.9888661060108548,2.0105651880260953,1.032031654494158,1.2606878147996465,1.08618222562077
2025-10-27,1.52956803352631,1.988869433778685,2.0081762710302185,1.0264096497453372,1.2512228874206834,1.072539157006054
2025-10-28,1.5305420359388855,1.990240924256991,2.0024560870138775,1.030578644074821,1.2490064359024695,1.071678178593296
2025-10-29,1.5263372130414379,1.982617724413058,1.9986948789097985,1.0279763145980587,1.2554558296963074,1.0799072953761188
2025-10-30,1.521517354360107,1.9746504723925278,1.9898202464177903,1.0269341650883235,1.260739201538253,1.086888756211237
2025-10-31,1.5267982013076742,1.9836353396239481,1.9993644150908738,1.0280285965433473,1.255492000463471,1.0792716105167746
2025-11-01,1.52489278607595,1.9807870001664623,1.9965169415558908,1.027119509354933,1.2568600724934305,1.080758079906575
2025-11-03,1.5276272607734482,1.9809568275727958,1.996705611991673,1.0324477992623398,1.2568857157498408,1.0846820573220655
2025-11-05,1.5193029404640261,1.9732170986896016,1.9889228226458036,1.0232368625732553,1.2596075258259982,1.0826985383878118
2025-11-06,1.520701790144224,1.973207764505194,1.9890640513336308,1.026104919758208,1.2566313450365578,1.0791411912065132
2025-11-07,1.5177948859243453,1.9667041935828007,1.98471932551027,1.025794264853603,1.261104758337832,1.0876637146053265
2025-11-10,1.5196555143682406,1.9691884601745822,1.9871598776838042,1.0270096205120225,1.2637524978504906,1.0897246843422836
2025-11-11,1.519926739948194,1.9668871171535702,1.9903864200262058,1.0270922079631883,1.266585252329304,1.0948714967998052
2025-11-12,1.522605616598497,1.9708645984751707,1.9920587453608158,1.029582960188263,1.2630951615360075,1.0885017383050124
2025-11-13,1.5237943759524288,1.971369652789057,1.9929062546676966,1.031292599444585,1.263493291813531,1.0896568951812668
2025-11-14,1.5224682690636406,1.969275164758038,1.9964386950954518,1.0278678285861924,1.2599981314726285,1.0842829345131364
2025-11-17,1.5232380566814285,1.9712686491381992,1.997383454657786,1.0279000405399157,1.257967703086211,1.0820088326447552
2025-11-18,1.5167250399412164,1.960430619585934,1.9852750119340485,1.0265960934831713,1.2641672389254701,1.091510089247321
2025-11-19,1.5165044973220363,1.9562392749441129,1.979375015863445,1.031394022282076,1.269293033417046,1.103012760283695
2025-11-20,1.522345690302818,1.9639279944968833,1.9903194838981002,1.0335554443989226,1.2630963146935872,1.0958748315295586
2025-11-21,1.5233987545510073,1.9639519053000152,1.9828404367176837,1.0395712637860848,1.2623519602320687,1.0989043677310666
2025-11-24,1.5304438834186478,1.973890784105616,1.993762258519805,1.0430070621433392,1.2572128878653959,1.092785264005207
2025-11-25,1.5263671218765873,1.9684792322733442,1.9848544724923232,1.0421914952219256,1.2623600666350698,1.0996147379834988
2025-11-26,1.5277985464394535,1.9719689906752984,1.987060388633523,1.042117709394791,1.2614256873653629,1.0979185063633432
2025-11-27,1.5335275171746963,1.9826166586402103,1.995846553160111,1.0436055429232831,1.2546042752231024,1.0889316513680067
2025-11-28,1.5347692738122924,1.980581963973211,1.9939009472468765,1.0482153774826082,1.2578101051687112,1.0977748539684329
2025-12-01,1.533863380450822,1.9783111294160993,1.9933499611178767,1.0479375058432896,1.2607208873906335,1.1011319276191178
2025-12-02,1.5339001669811865,1.9808346288111416,1.9940448534647546,1.0470468736721272,1.2572157118585083,1.0956904400922165
2025-12-03,1.5426737470887582,1.9916817307839927,2.0049780029031194,1.0534084461960898,1.252218596869404,1.0905636944787265
2025-12-04,1.5487518224534687,2.0012325379997997,2.011402558880538,1.057292055239313,1.2472117449068798,1.0876882325441553
2025-12-05,1.5427761963924032,1.9918347887400811,2.0018756134512175,1.0550833694177812,1.2573930734375607,1.1015047896838475
2025-12-08,1.542350554246744,1.993385435721781,2.001616948686966,1.0549573291775196,1.2527079364392142,1.0955053983507643
2025-12-09,1.536182318265507,1.9844493042318854,1.9921742186286688,1.0500072134770404,1.2567080960810297,1.096071457254105
2025-12-10,1.5242468848043962,1.9674135214375452,1.9762750342387894,1.0416708056588955,1.2654024925373195,1.1027478686254897
2025-12-11,1.5209383513484693,1.9639261823139487,1.9714036746325472,1.03926899612269,1.2715057923166284,1.109221734527577
2025-12-12,1.5259105350448214,1.968242787467279,1.9783818913743725,1.0420983945438897,1.269435824590926,1.1063350156319642
2025-12-15,1.5233584287087043,1.965754167638395,1.9751742672176744,1.0403850226341056,1.2719018575417007,1.1085609684160778
2025-12-16,1.5260950093015129,1.9724315808303938,1.975438378147076,1.042212806339793,1.2711845799345858,1.1087000113809429
2025-12-17,1.5173609151048713,1.9598417851195995,1.9709599963398998,1.0360905566161143,1.274932734919764,1.109955682574693
2025-12-18,1.5203267769232043,1.9638399694790594,1.9762384656096947,1.0371287567933314,1.270713346943064,1.1060663967275597
2025-12-19,1.5256526487823787,1.9683524819916933,1.9850374289099058,1.040993064992892,1.2653337398109425,1.1000213656582343
2025-12-22,1.5387370451893079,1.9833817576915191,2.0011580852949846,1.0499022454376787,1.2596132383819267,1.0962763794008707
2025-12-23,1.5420741852783133,1.9874349339142514,2.0036873773761696,1.0532606470052268,1.261556128665186,1.099810813004865
2025-12-24,1.538074480203969,1.9814277439874812,1.9984510757392002,1.0509816953567486,1.2625721434840649,1.0995483956432734
2025-12-25,1.5456161743798957,1.9899081298892383,2.0078031281001607,1.055946829238554,1.2579116470316536,1.0958194718756402
2025-12-26,1.549699218788987,1.9987169152782525,2.0104962718876758,1.0581819277221212,1.262748554634814,1.102376589443612
2025-12-29,1.53592893735698,1.9765826049221722,1.9936176296506394,1.0492982135718085,1.256016396210817,1.0941868798986178
2025-12-30,1.5338546008986063,1.9762424206798541,1.9897504913432642,1.0472423800790545,1.2614370317094166,1.0996643626771634
2026-01-05,1.5281316426942753,1.9651439402190505,1.9841716915124892,1.0432788349096223,1.2654566783468353,1.101160210650946
2026-01-06,1.53436370660012,1.9717874591188032,1.9918180905936966,1.0482090339969856,1.2624735141563004,1.0986166756745253
2026-01-08,1.5369395521009945,1.9704485589027332,1.996535774860267,1.0507184742322564,1.2570404734780205,1.0919628479848986
2026-01-09,1.5388779928608316,1.9762156833410034,1.996406473298215,1.0521936354589425,1.2601223724475827,1.0975591552599777
2026-01-12,1.53961028182946,1.9726947648943358,1.9997010136461757,1.0534025765684736,1.2628731573931087,1.0996835474176143
2026-01-13,1.5392763388968451,1.9755673749073912,1.9980403360096255,1.052048676538267,1.2636171853681364,1.1016296094666946
2026-01-14,1.5425554878514838,1.9829432045284208,1.9987838806049214,1.0533095557444834,1.2637063202808199,1.1029559472780814
2026-01-15,1.544205597746934,1.9822716548759214,1.9980976788783311,1.0579895876830918,1.2584362680640042,1.0970619818594085
2026-01-16,1.5417969310304687,1.975702759792047,1.991462928460407,1.0529684481878898,1.264185974018823,1.1035928952300298
2026-01-19,1.5463264025368695,1.9789519673466205,1.9962911006965856,1.0555423776103645,1.2666629188898533,1.1068795228710309
2026-01-20,1.545685864031439,1.979082148667241,1.9951627291322838,1.0548008142576688,1.2694972799856916,1.1099797805512275
2026-01-21,1.5577838862994804,1.997156789032852,2.008285945395861,1.0616636425445032,1.2706071234147525,1.1147647216953098
2026-01-22,1.5680290082685273,2.0090206937932504,2.021881496846296,1.0688357502083605,1.264815389188691,1.110117269718891
2026-01-23,1.5671854905396332,2.0095456624766124,2.020179161443904,1.0680951241038081,1.2701685999980414,1.1166906012509006
2026-01-26,1.5589510521003185,1.993580420333972,2.0143661041742122,1.0617935342887797,1.2754890036134745,1.1206153709325397
2026-01-27,1.5602438889266093,2.009034674607385,2.014384381766808,1.0617819023200452,1.2783072861397065,1.1258440931520801
2026-01-28,1.563100465012632,2.014035811255385,2.0209638343733953,1.06120154513405,1.2846944433178231,1.1337209719014467
2026-01-29,1.5726611504932038,2.0283822061700234,2.034541650209601,1.0711633089035952,1.2818200939927482,1.1335938717528138
2026-01-30,1.561477904024028,2.0097290679393263,2.024773466401221,1.0634138084496596,1.2814751198896843,1.1310535682744691
2026-02-02,1.5514820549356894,1.9955208677316958,2.0171491458126187,1.0559694518859501,1.2719524127852844,1.1180320764587248
2026-02-03,1.5547048706876816,2.0014815705320563,2.0189631464517817,1.0572058859241709,1.2828960341491673,1.1311570857623365
2026-02-04,1.5627994667888543,2.009630383370887,2.029296925749435,1.0633003912014618,1.278557375608092,1.1282099227056193
2026-02-05,1.5586989983966484,1.9960626631502312,2.0340529524749655,1.0625552533885356,1.2705363331029647,1.118023625532807
2026-02-06,1.5623924370135418,2.0011043811323783,2.0397401335370042,1.0653332701749463,1.2742728675417165,1.12333342073536
2026-02-09,1.5627972339445804,1.9965564893028325,2.0429520177255305,1.0657370452712063,1.277414946624275,1.126805692330906
2026-02-10,1.5653899257245623,1.9984869412626949,2.0463945824601013,1.067502857443312,1.2759806776568934,1.1252405254764872
2026-02-11,1.564448008887736,2.003938485495894,2.038699272374585,1.0666476803337452,1.2822297369895563,1.1327455613894923
2026-02-12,1.5612853505471807,2.001422892307958,2.0345252767704105,1.064462934158431,1.2823343769225688,1.1324347692814982
2026-02-13,1.5630812815011481,2.0077360646490305,2.037680205400638,1.0661077169613242,1.278686518971203,1.1281936554487768
2026-02-16,1.5609661249553817,2.008134476885161,2.0350105466228503,1.0647109600918656,1.28135426325595,1.1304891911480761
2026-02-17,1.5664744487981739,2.013755354542585,2.0429681174556955,1.0688743355080266,1.2712377165171571,1.1193207336000381
2026-02-18,1.5637561240660771,2.0114794526536355,2.0387529152768167,1.0666689553116913,1.2823900655415352,1.1321817618364363
2026-02-19,1.5739774681542917,2.023563533927302,2.0526315092306566,1.0739167094587212,1.2802174298783633,1.1321578753626258
2026-02-20,1.5701399696495075,2.0194040764741854,2.0472320076251536,1.0716471186213732,1.2836435742292989,1.135379645328331
2026-02-24,1.5749120283232585,2.024573927092116,2.0539445572348507,1.075194575671523,1.2823809171235832,1.1359300312023248
2026-02-25,1.5587468458018976,2.005854372536912,2.0317906191610122,1.0635075417674371,1.2938138855971486,1.1452248993625262
2026-02-26,1.5676734952804734,2.0127604119347793,2.044174617689494,1.0699897430868408,1.2890000099035672,1.1420261356696828
2026-02-27,1.5695208255863902,2.0170554195466868,2.0455467768764386,1.0707079773527435,1.2925018078710688,1.146696497628104
2026-03-02,1.568281600421965,2.0184556999567334,2.0424833061863144,1.069104453765123,1.2970959793821837,1.1526608610626778
2026-03-03,1.5754528847472569,2.026378864023849,2.052553283563341,1.074375418590385,1.2942855736260943,1.1505818331141542
2026-03-04,1.5686536689413304,2.0160393471002878,2.044500885450906,1.0701605226059632,1.2940588523055927,1.1487539359411993
2026-03-05,1.5605947741222956,2.007502428282977,2.033017590081679,1.0641497796119046,1.30335207123956,1.1578203185934481
2026-03-06,1.5698662558260805,2.010931411549694,2.0435401003482947,1.0696576153708335,1.313303506607763,1.1734924249991625
2026-03-09,1.5804958211224907,2.022656545327853,2.0556742709664175,1.0760090483599252,1.321624192607976,1.186653659974982
2026-03-10,1.571857925332007,2.014516273848486,2.0429836519423645,1.0693663515611032,1.3136422003013275,1.173929511117927
2026-03-11,1.5718629534402957,2.014816999462227,2.0428286922289263,1.0692708138814189,1.315721184409578,1.1769318792072114
2026-03-12,1.573883715648241,2.0185014770792398,2.043371842463705,1.0695077613028658,1.325747764841314,1.1900976116187882
2026-03-13,1.5726230384270499,2.015445008246905,2.041488060896164,1.0701001136743407,1.3243285662954325,1.1890514969063497
2026-03-16,1.5651771387444262,2.001163045341,2.030943939896371,1.0684922725261006,1.3249705214248135,1.1882641841575394
2026-03-17,1.5569341652318562,1.995987411986611,2.0174136475516304,1.0637158712365777,1.3315439928630937,1.1943426862930127
2026-03-18,1.5481827187358772,2.0029707231079628,2.002248262621256,1.0565719566102831,1.3416203172588552,1.206792453507763
2026-03-19,1.5416901221515713,2.0009018667884915,1.9910190071722187,1.051288297496997,1.3448565082879456,1.2097728813814814
2026-03-20,1.5398069239918337,1.991548065472202,1.9916664726842603,1.0522956402779398,1.3392394182395169,1.2013614721679569
2026-03-23,1.539080158504631,1.9644436700234416,1.9973254735590762,1.0585562253096192,1.3217725767702897,1.1773265837226266
2026-03-24,1.5434323609847977,1.9593928790245152,2.0118836448113537,1.0603509318418924,1.321603359982695,1.1791643097573847
2026-03-25,1.543304941360628,1.9681718779647364,2.007829534979708,1.0574492468603391,1.3275652187085414,1.187694035854669
2026-03-26,1.5445127889107724,1.96533347231045,2.011851047319484,1.0618747752090836,1.3221148979912216,1.1851945857290362
2026-03-27,1.5440460104940847,1.967402981377066,1.9997827529087528,1.0624524198812575,1.3231065194129636,1.1935867710491472
2026-03-30,1.5422770136508954,1.961385433443377,2.002865323775388,1.061049574837619,1.3239567281546245,1.1932709103866572
2026-03-31,1.544099263272722,1.969107133800338,1.9984138584167472,1.063102587249491,1.3250708457616955,1.199911175093222
2026-04-01,1.5465473031774055,1.9617138398961202,2.007975532692512,1.0662578556568405,1.3251065987269568,1.1984060826150398
2026-04-02,1.5487194000685411,1.9634217265749903,2.0101747078300884,1.0696729761564192,1.3235212484381214,1.2030063817696544
2026-04-03,1.552329830147801,1.9606401878017063,2.017373984731759,1.0748029760087896,1.3166196739495866,1.1992810952101924
2026-04-06,1.5541268692143693,1.9604383166981665,2.0262939704507437,1.076929126966203,1.321944879230937,1.2019347151816535
2026-04-07,1.55358219665277,1.956914590921657,2.0268759409287926,1.0772478770185134,1.3199842602866663,1.1982753805516448
2026-04-08,1.5500160499383986,1.9508205068186117,2.014851493549395,1.0762102595798124,1.314185095470104,1.1836269586958037
2026-04-09,1.5549701105266085,1.950266912000179,2.0165726109028617,1.0833160891922662,1.3049929622033163,1.1756304326162272
2026-04-10,1.5571540350851991,1.9502236919117342,2.0229139066538266,1.0856127456606948,1.2982482996201674,1.1672492064956854
2026-04-13,1.5619991317980517,1.9522689835924991,2.031249751927054,1.0900847639754387,1.2972550772463753,1.1702971148466248
2026-04-14,1.5683747346170116,1.9589040313799047,2.0421958447490867,1.0959590632825718,1.2939095038447885,1.1657472944585097
2026-04-15,1.5602473557866412,1.9514426091606196,2.0283106970286946,1.0885074990614867,1.3010506448215249,1.1708960667295742
2026-04-16,1.5609815779480714,1.954562797880167,2.0280921898689206,1.0883909890961112,1.3023949675143922,1.1748476374810173
2026-04-17,1.563692591401324,1.9584919764310809,2.0296523261994506,1.0901728364180863,1.295935935176568,1.1622402401050058
2026-04-20,1.5670143004573294,1.950162639434807,2.045327274709488,1.0940558692295974,1.2984688216424753,1.1678557623633872
2026-04-21,1.5697110058667891,1.9546746000348316,2.0494020886757567,1.0987657481376294,1.2951545192790674,1.1684753195282893
2026-04-22,1.5698058120218212,1.9548582276568398,2.053229795694098,1.0965703655001797,1.3000982783576727,1.1751503118766915
2026-04-23,1.56770217105297,1.9599924673687,2.044134998557557,1.0911739728674548,1.3044044322472883,1.182621671114449
2026-04-24,1.571801713644276,1.9656310959355754,2.0496985040103826,1.099949124303041,1.2941776202934059,1.1731910712759428
2026-04-27,1.5728765317558135,1.9663548088817044,2.048725627256196,1.1035127861266776,1.2903991035560272,1.1715071842563343
2026-04-28,1.5716858698656615,1.9771351832252135,2.0375837027404935,1.1032475616793926,1.2840701864666577,1.1664866877527718
2026-04-29,1.57929494508087,1.9918687396520556,2.0515186580682268,1.1107621424570118,1.2783012998656764,1.1688491565268417
2026-04-30,1.571589389252206,1.9796620417183493,2.041544339293455,1.1053309496945078,1.2815806011800177,1.168234887824169
2026-05-04,1.5719440345204543,1.992568699780531,2.040286751118724,1.1028610720177972,1.2769269112036328,1.162121143644026
2026-05-05,1.567718657098048,1.9855055968161612,2.035468996687998,1.1004884241225588,1.2798174502260529,1.1623481094598496
2026-05-06,1.5757974540309565,1.9821302501332758,2.0529166679228257,1.1098795707846176,1.2707467390965637,1.148626312355325
2026-05-07,1.5785284221094715,1.9844872229643635,2.0550356845647015,1.112507309566204,1.2686845078608489,1.1475912544665523
2026-05-08,1.5768042457060703,1.9810855810363504,2.055699699263563,1.1104093386195568,1.2702149670054257,1.1469418809341192
2026-05-11,1.576372454880055,1.981544110842014,2.0589601344821045,1.1074789545315509,1.2769829656025367,1.157611334394801
2026-05-12,1.5722382954236893,1.97487859417354,2.0543131741577736,1.1049315728007105,1.286164923844944,1.168837181878938
2026-05-13,1.5729860218177323,1.9762909010602132,2.0527409086054145,1.105814617535037,1.2827755426353185,1.163761265821651
2026-05-14,1.5822697071817868,1.9908851217321615,2.0616398803881486,1.112434060674258,1.2720007396884674,1.1543940114015436
2026-05-15,1.5880011666664013,2.0005094774324657,2.0678369043874274,1.115768582400438,1.2655960282163763,1.1500984140307324
2026-05-18,1.5895602460195213,1.9933469044376422,2.0723777521970903,1.1182411794473737,1.2698831621329993,1.1551717876461858
2026-05-19,1.6064965744975188,2.0099849904573532,2.0967991487928828,1.131371134704342,1.258737231915684,1.1472468134983487
2026-05-20,1.6035248978971441,2.0013953765489108,2.0911178220130875,1.1275376316197354,1.2546334831119426,1.137601516432951
2026-05-21,1.6041362891331985,2.0009214684244254,2.093532854752585,1.1279399435819701,1.254841560704976,1.1375103802685231
2026-05-22,1.6005707122556447,2.002301253122135,2.0859498463588317,1.1233821930263472,1.252875155617736,1.1332908167650158
2026-05-25,1.595579242051522,2.0000703762018293,2.080159619661616,1.1202922548643566,1.248737300895892,1.1231866877411318
2026-05-26,1.60878812467949,2.017600743494837,2.0968005287193456,1.1292527570862885,1.2405038495803327,1.1183700610341143
2026-05-27,1.6039033794282016,2.010255099602003,2.0886221851686746,1.1248261391158554,1.2416071114674225,1.1144854230789216
2026-05-28,1.6040624425072236,2.010070108697324,2.0890262632824412,1.125048014454079,1.2405540106042772,1.1127382560872043
2026-05-29,1.6080231740581217,2.0107866806872394,2.0963449674469605,1.129008756666124,1.2357263522379691,1.1066732823197953
2026-06-01,1.5996832854588647,2.002259747372701,2.0819307001871366,1.1212228075152837,1.243884850573101,1.116956707623201
2026-06-02,1.5825224152181265,1.9805236277832445,2.0597234014039145,1.1092482644798094,1.257528464839072,1.1293169548955908
2026-06-03,1.5910327008038534,1.9932759436483742,2.069618072627472,1.1109357870235097,1.2509827864418013,1.1243087663781184
2026-06-04,1.5930454849194187,1.9940655745745246,2.0731516162515966,1.1129654601067784,1.248508498473,1.1200741072015485
2026-06-05,1.5929144183235737,2.0016081697872132,2.071259411435166,1.1094967642667093,1.2423353504819088,1.1104644500980239
2026-06-08,1.6091458487465522,2.0220338638443445,2.0923987959946384,1.1207528731705916,1.230372619961703,1.1004182226185055
2026-06-09,1.6137022737972042,2.027764959873977,2.0982838080271686,1.1215557796841795,1.2254609520654554,1.0932792905745852
2026-06-10,1.6149124189467396,2.034452102861004,2.105203507365751,1.1166597087358006,1.2231950626037371,1.0914277915233526
2026-06-11,1.6125182240965372,2.028287841579904,2.0988372623454175,1.1190798678625058,1.2226778812752945,1.0871762529517557
2026-06-15,1.6016316738527985,2.0178562768806403,2.0799774342918154,1.1128296642529862,1.2289024166322116,1.0885426858041203
2026-06-16,1.6039556490877849,2.0337157160994903,2.06976459302363,1.1128866698808353,1.219193897848586,1.0750518581870399
2026-06-17,1.6060475836016883,2.039144391177975,2.074091046387873,1.1125327538988883,1.2159298525762783,1.0703377398250264
2026-06-18,1.6184954083344936,2.053832956219917,2.089750704095139,1.121411018029086,1.2071778491603993,1.062524032690355
2026-06-19,1.62940209342006,2.066500719384698,2.1045962688315147,1.1279881055783498,1.1997450764902724,1.0564691553713523
2026-06-22,1.6543472258125052,2.1016696916909963,2.135684733830029,1.1458897591649644,1.1792822841601114,1.0339997422826157
2026-06-23,1.6461251936213661,2.0939780502237326,2.126330357281534,1.1380174347882552,1.1835867329143883,1.0374798263820995
2026-06-24,1.662533867977325,2.12128043558277,2.1478523204670346,1.1456922337764877,1.1681545075935833,1.0138299385516798
2026-06-25,1.6601022594484363,2.115834545421871,2.1450166600703993,1.1451190674719764,1.1711491104824954,1.0171906682862113
2026-06-26,1.636614257286597,2.0870566038597897,2.1124502896894954,1.1294744302969073,1.1870763846195924,1.0309482013363622
2026-06-29,1.6256864934772595,2.074419087113919,2.0996929957067074,1.1205099255857305,1.194263269458017,1.0412562910612861
2026-06-30,1.618560133783649,2.065243880486455,2.090406001960111,1.1156863181455343,1.1995301882499807,1.0442479342684
2026-07-01,1.6234333070523184,2.070696741046927,2.092454915216707,1.1218556335660026,1.191849770453187,1.0358268615646284
2026-07-02,1.6379830379772053,2.0869244161258695,2.1095285807473134,1.1340610620102527,1.1825068907428562,1.0222598472240363
2026-07-03,1.639384406969174,2.0868714124699936,2.1100399125856355,1.1363536062660413,1.1825569552183837,1.0221109927949312
2026-07-06,1.6531282323300176,2.107940269612108,2.131727943622905,1.1478422247426376,1.17029150965132,1.0080723914956513
2026-07-07,1.652021594933647,2.1023935723762333,2.133009531480522,1.1465662067140474,1.1734389350643122,1.01495711171327
2026-07-08,1.6521410554024685,2.0992657348162753,2.1357084480896553,1.1470699810458251,1.175184080402404,1.0214898432685202
2026-07-09,1.6580936981790342,2.109271330403262,2.1405416635242336,1.1514049390011931,1.169582013268303,1.0093058241034891
2026-07-10,1.6621631074397787,2.114804349472336,2.1460686878862276,1.153889101816966,1.1665134823536485,1.0041563330190013
2026-07-13,1.660978295669051,2.107293057322691,2.1513792936529503,1.1526547875702151,1.1706558724038192,1.016818837284254
2026-07-14,1.654334616147095,2.0953227488897417,2.151196839968704,1.1499646261478655,1.1772899480245858,1.0245863123740728
2026-07-15,1.667205649549589,2.110082333702721,2.166764513634704,1.1603649005944519,1.1672812911349608,1.0097781289073895
2026-07-16,1.690026175076957,2.1447556132367733,2.2011706784341336,1.1705639991345458,1.1528495973470083,0.9855442071035175
2026-07-17,1.699479276160349,2.1505840052243204,2.2133355730930964,1.179915236301489,1.1479210588800013,0.9790030824426177
2026-07-20,1.6697269495597096,2.1124158425256194,2.175772327952297,1.158721599861289,1.1689929988173493,1.0113226686120556
2026-07-21,1.6630300087943315,2.098149842780778,2.1657331005367,1.1573372501613728,1.1749315749106592,1.0229422202924965
2026-07-22,1.6542918989715958,2.081365519561455,2.153615295588302,1.1540090265740177,1.1821725037854425,1.0394435656453953
2026-07-23,1.6576055432776935,2.0809339517813137,2.163046205058078,1.1561294252950087,1.182093042539524,1.0430096968158187
2026-07-24,1.6483695326839682,2.067391536967183,2.14909117583288,1.151786680070372,1.1851718427257294,1.0509816151667142
2026-07-27,1.6433114481013948,2.0724341266941564,2.1368003847179518,1.1449495837339534,1.1854312522568213,1.0445989501069417
2026-07-28,1.6473552931996147,2.0838460121046247,2.14328586999651,1.1402744843547605,1.1850608122091144,1.0370334584153005
2026-07-29,1.6445997471049234,2.078550378337266,2.1428005905942866,1.1377432360223534,1.1946547789866675,1.0566797701450807
2026-07-30,1.6457057023436408,2.076042768995298,2.140657347275703,1.1425337203485992,1.1903903887342027,1.0496601885672332
2026-07-31,1.6440616092275155,2.0764751536481776,2.1399671943825234,1.139251335434107,1.1922484898143146,1.0531785519060886
2026-08-03,1.6409677043449553,2.0804481436265094,2.1385577151520243,1.1313901722592217,1.200805850189033,1.0651314606880153
2026-08-04,1.6393688652661969,2.0812431291446485,2.1332011815463474,1.1304846506269632,1.1989342296858514,1.0578569682287964
2026-08-05,1.6345292249785905,2.0733850769876327,2.1257729814860076,1.1286771316627844,1.2081612571362452,1.0728851827450385
2026-08-06,1.6394946540055222,2.0784986345494443,2.136701168477681,1.1303770807165645,1.209152942004734,1.0756418968597767
2026-08-07,1.6453615586905836,2.090016366312726,2.1469157789463837,1.1308435254228113,1.211586568298808,1.0732665589647297
2026-08-10,1.6398821403839152,2.075502046554914,2.1388969029594147,1.1316226006647023,1.2164944211361286,1.0888174717909054
2026-08-11,1.6401042515918924,2.0773610479161246,2.1424205018843594,1.1292039380503798,1.2189941892092333,1.0929586721762845
2026-08-12,1.6447505884692568,2.084598152938867,2.1489007326688343,1.1314514322088463,1.217700473836844,1.0875659898075685
2026-08-13,1.658183541061725,2.1099413219101164,2.173415593528598,1.1324993477929384,1.2135198841097734,1.0727933028326704
2026-08-14,1.6694743366117866,2.1242080219835304,2.1899788696030633,1.1400854081148584,1.208164280141789,1.0605731571314294
2026-08-17,1.6757090299348099,2.130450659038257,2.199627664506245,1.144484336845402,1.2074356119169352,1.0588100329481203
2026-08-18,1.6677442867772367,2.1225581643460107,2.1916253302739337,1.1365677566424255,1.213102098046899,1.0700791993050276
2026-08-19,1.6612003635232435,2.1053096591880927,2.1740140145311435,1.141557292799389,1.2110225046994745,1.0706981632709751
2026-08-20,1.666372715808188,2.1080066884034494,2.179768271781311,1.1477177753553818,1.2039624068526442,1.0606713258783353
2026-08-21,1.6632999906637107,2.1066323472488495,2.1725766909447626,1.1458200157292366,1.2097341051867634,1.0712357169369855
2026-08-24,1.6770256277697295,2.128012581314439,2.1925086591826015,1.147166189169528,1.208091727713766,1.0599186765949657
2026-08-25,1.670642993716278,2.1179219942696794,2.1816383677429476,1.1416614986234668,1.210448105277748,1.0622752739931935
2026-08-26,1.6828185289402608,2.135290147893454,2.204264017158919,1.1454182549314273,1.2072901037286843,1.0514139129993227
2026-08-27,1.6801906112126013,2.1327345434366825,2.203974097021536,1.1415621186154559,1.216015551752863,1.0664887976630562
2026-08-28,1.6814886858961116,2.1330322157627806,2.212960619453159,1.1393951044782076,1.2148704859519788,1.0634146635744253
2026-08-31,1.6666161749835584,2.1113626273665482,2.191103848152085,1.1319829377273996,1.2200064051238195,1.0778138311436853
2026-09-01,1.6748625225158196,2.123746583611702,2.211584137572692,1.1348912778788216,1.2185083651419746,1.0744086251404041
2026-09-02,1.6731402569823455,2.1238929145410452,2.2075026026307745,1.1335353814762734,1.2236309125988576,1.08286977687621
2026-09-03,1.6623514388040421,2.110113056952722,2.187777829040332,1.1293822539677638,1.2290110271029968,1.097027296599115
2026-09-04,1.65839721891847,2.1014152983790173,2.1814682265470373,1.1292562385989118,1.2276491210392375,1.0976196285366593
2026-09-07,1.6615740197329294,2.1107106012896115,2.192053100672585,1.126247525844959,1.231436295875546,1.101063964371394
2026-09-08,1.6591590752498167,2.1022498961160836,2.187291559604331,1.12966145056818,1.2268992522726256,1.0986518164751526
2026-09-09,1.6621032654701864,2.102654881000148,2.183987461150822,1.1371639314860962,1.2227568035536027,1.0951442321622975
2026-09-10,1.6519260762566295,2.0825202008234154,2.168835375183087,1.1350538200115856,1.2274985323207603,1.1139509092375826
2026-09-11,1.6533434597350878,2.084693617017073,2.169243885813879,1.1365771237324693,1.2236912235406534,1.104377392030934
2026-09-14,1.6458768031277369,2.0758088451612124,2.163176621552488,1.1291740389934033,1.2312272450755746,1.1197921516163891
2026-09-15,1.648625367291188,2.073899452998978,2.165994300451159,1.1321508877157753,1.2293793321442086,1.1184511575362155
2026-09-16,1.6546168888693824,2.0711016563961637,2.1754785377566956,1.135560333372786,1.2224347367742123,1.1029725822226222
2026-09-17,1.6585272169670942,2.0697811241195634,2.179049591169008,1.1385306312531789,1.2197242377767317,1.0969161737597681
2026-09-18,1.6546312965532377,2.066858736104522,2.171326855480599,1.1371244632149335,1.2217663065289504,1.101894318787851
